,DATE,CUMULATIVE_COMPACTION,site,data_version
0,7/13/1973,0.0,TexasCity,2023
1,8/13/1973,0.007,TexasCity,2023
2,9/13/1973,0.005,TexasCity,2023
3,10/11/1973,0.01,TexasCity,2023
4,11/8/1973,0.012,TexasCity,2023
5,12/6/1973,0.015,TexasCity,2023
6,1/3/1974,0.018,TexasCity,2023
7,2/4/1974,0.021,TexasCity,2023
8,3/7/1974,0.025,TexasCity,2023
9,4/4/1974,0.026,TexasCity,2023
10,5/3/1974,0.029,TexasCity,2023
11,6/3/1974,0.033,TexasCity,2023
12,7/1/1974,0.041,TexasCity,2023
13,7/30/1974,0.05,TexasCity,2023
14,8/30/1974,0.048,TexasCity,2023
15,9/30/1974,0.055,TexasCity,2023
16,10/30/1974,0.059,TexasCity,2023
17,11/27/1974,0.057,TexasCity,2023
18,12/27/1974,0.057,TexasCity,2023
19,1/24/1975,0.06,TexasCity,2023
20,4/24/1975,0.07,TexasCity,2023
21,5/23/1975,0.072,TexasCity,2023
22,6/23/1975,0.075,TexasCity,2023
23,7/22/1975,0.08,TexasCity,2023
24,8/20/1975,0.084,TexasCity,2023
25,9/19/1975,0.084,TexasCity,2023
26,10/20/1975,0.093,TexasCity,2023
27,10/25/1975,0.092,TexasCity,2023
28,10/26/1975,0.087,TexasCity,2023
29,11/20/1975,0.089,TexasCity,2023
30,12/22/1975,0.091,TexasCity,2023
31,1/21/1976,0.093,TexasCity,2023
32,2/20/1976,0.096,TexasCity,2023
33,3/22/1976,0.099,TexasCity,2023
34,4/21/1976,0.105,TexasCity,2023
35,5/21/1976,0.108,TexasCity,2023
36,6/21/1976,0.108,TexasCity,2023
37,7/19/1976,0.109,TexasCity,2023
38,8/17/1976,0.121,TexasCity,2023
39,9/15/1976,0.124,TexasCity,2023
40,10/12/1976,0.121,TexasCity,2023
41,11/9/1976,0.119,TexasCity,2023
42,12/7/1976,0.116,TexasCity,2023
43,1/4/1977,0.117,TexasCity,2023
44,2/1/1977,0.124,TexasCity,2023
45,3/1/1977,0.127,TexasCity,2023
46,3/29/1977,0.13,TexasCity,2023
47,4/26/1977,0.132,TexasCity,2023
48,5/24/1977,0.134,TexasCity,2023
49,6/21/1977,0.14,TexasCity,2023
50,7/19/1977,0.147,TexasCity,2023
51,8/16/1977,0.149,TexasCity,2023
52,9/14/1977,0.143,TexasCity,2023
53,10/11/1977,0.142,TexasCity,2023
54,11/7/1977,0.142,TexasCity,2023
55,12/6/1977,0.143,TexasCity,2023
56,1/3/1978,0.143,TexasCity,2023
57,2/1/1978,0.14,TexasCity,2023
58,2/28/1978,0.142,TexasCity,2023
59,3/28/1978,0.147,TexasCity,2023
60,4/25/1978,0.151,TexasCity,2023
61,5/23/1978,0.157,TexasCity,2023
62,6/20/1978,0.158,TexasCity,2023
63,7/19/1978,0.166,TexasCity,2023
64,8/15/1978,0.167,TexasCity,2023
65,9/13/1978,0.17,TexasCity,2023
66,10/10/1978,0.171,TexasCity,2023
67,11/7/1978,0.175,TexasCity,2023
68,12/5/1978,0.174,TexasCity,2023
69,1/3/1979,0.177,TexasCity,2023
70,1/30/1979,0.173,TexasCity,2023
71,2/27/1979,0.174,TexasCity,2023
72,3/27/1979,0.175,TexasCity,2023
73,4/23/1979,0.175,TexasCity,2023
74,5/22/1979,0.176,TexasCity,2023
75,6/19/1979,0.179,TexasCity,2023
76,7/17/1979,0.182,TexasCity,2023
77,7/25/1979,0.182,TexasCity,2023
78,7/26/1979,0.176,TexasCity,2023
79,8/11/1979,0.178,TexasCity,2023
80,8/14/1979,0.177,TexasCity,2023
81,9/12/1979,0.175,TexasCity,2023
82,9/17/1979,0.176,TexasCity,2023
83,9/19/1979,0.172,TexasCity,2023
84,10/9/1979,0.175,TexasCity,2023
85,10/30/1979,0.179,TexasCity,2023
86,10/31/1979,0.174,TexasCity,2023
87,11/7/1979,0.175,TexasCity,2023
88,12/4/1979,0.175,TexasCity,2023
89,1/2/1980,0.172,TexasCity,2023
90,2/5/1980,0.172,TexasCity,2023
91,3/4/1980,0.172,TexasCity,2023
92,4/1/1980,0.171,TexasCity,2023
93,4/29/1980,0.173,TexasCity,2023
94,5/27/1980,0.172,TexasCity,2023
95,6/24/1980,0.179,TexasCity,2023
96,7/22/1980,0.182,TexasCity,2023
97,8/19/1980,0.185,TexasCity,2023
98,9/16/1980,0.185,TexasCity,2023
99,10/14/1980,0.187,TexasCity,2023
100,11/10/1980,0.19,TexasCity,2023
101,12/10/1980,0.193,TexasCity,2023
102,1/6/1981,0.193,TexasCity,2023
103,2/3/1981,0.19,TexasCity,2023
104,3/4/1981,0.186,TexasCity,2023
105,3/31/1981,0.185,TexasCity,2023
106,4/27/1981,0.186,TexasCity,2023
107,5/26/1981,0.184,TexasCity,2023
108,6/23/1981,0.178,TexasCity,2023
109,7/21/1981,0.178,TexasCity,2023
110,8/18/1981,0.18,TexasCity,2023
111,9/15/1981,0.179,TexasCity,2023
112,10/14/1981,0.177,TexasCity,2023
113,11/10/1981,0.174,TexasCity,2023
114,12/8/1981,0.173,TexasCity,2023
115,1/6/1982,0.169,TexasCity,2023
116,2/2/1982,0.167,TexasCity,2023
117,3/2/1982,0.163,TexasCity,2023
118,3/31/1982,0.161,TexasCity,2023
119,4/27/1982,0.16,TexasCity,2023
120,5/25/1982,0.157,TexasCity,2023
121,6/22/1982,0.163,TexasCity,2023
122,7/22/1982,0.165,TexasCity,2023
123,8/17/1982,0.16,TexasCity,2023
124,9/14/1982,0.162,TexasCity,2023
125,10/12/1982,0.162,TexasCity,2023
126,11/9/1982,0.163,TexasCity,2023
127,12/7/1982,0.155,TexasCity,2023
128,1/4/1983,0.148,TexasCity,2023
129,2/1/1983,0.146,TexasCity,2023
130,3/2/1983,0.147,TexasCity,2023
131,3/29/1983,0.147,TexasCity,2023
132,4/26/1983,0.149,TexasCity,2023
133,5/25/1983,0.152,TexasCity,2023
134,6/21/1983,0.153,TexasCity,2023
135,7/19/1983,0.149,TexasCity,2023
136,8/16/1983,0.148,TexasCity,2023
137,9/13/1983,0.145,TexasCity,2023
138,10/11/1983,0.147,TexasCity,2023
139,11/8/1983,0.143,TexasCity,2023
140,12/6/1983,0.14,TexasCity,2023
141,1/4/1984,0.139,TexasCity,2023
142,1/31/1984,0.137,TexasCity,2023
143,2/28/1984,0.138,TexasCity,2023
144,3/26/1984,0.138,TexasCity,2023
145,4/23/1984,0.141,TexasCity,2023
146,5/22/1984,0.14,TexasCity,2023
147,6/19/1984,0.145,TexasCity,2023
148,7/17/1984,0.146,TexasCity,2023
149,8/14/1984,0.145,TexasCity,2023
150,9/11/1984,0.145,TexasCity,2023
151,10/9/1984,0.144,TexasCity,2023
152,11/6/1984,0.152,TexasCity,2023
153,12/5/1984,0.152,TexasCity,2023
154,1/2/1985,0.15,TexasCity,2023
155,1/30/1985,0.141,TexasCity,2023
156,2/26/1985,0.129,TexasCity,2023
157,3/27/1985,0.126,TexasCity,2023
158,4/23/1985,0.131,TexasCity,2023
159,5/21/1985,0.144,TexasCity,2023
160,6/18/1985,0.151,TexasCity,2023
161,7/16/1985,0.148,TexasCity,2023
162,8/13/1985,0.15,TexasCity,2023
163,9/10/1985,0.151,TexasCity,2023
164,10/8/1985,0.151,TexasCity,2023
165,11/5/1985,0.151,TexasCity,2023
166,12/3/1985,0.15,TexasCity,2023
167,12/19/1985,0.149,TexasCity,2023
168,1/16/1986,0.149,TexasCity,2023
169,2/13/1986,0.145,TexasCity,2023
170,3/13/1986,0.145,TexasCity,2023
171,4/10/1986,0.15,TexasCity,2023
172,5/8/1986,0.149,TexasCity,2023
173,6/5/1986,0.148,TexasCity,2023
174,7/3/1986,0.146,TexasCity,2023
175,7/31/1986,0.149,TexasCity,2023
176,8/29/1986,0.149,TexasCity,2023
177,9/25/1986,0.147,TexasCity,2023
178,10/24/1986,0.141,TexasCity,2023
179,11/19/1986,0.136,TexasCity,2023
180,12/17/1986,0.13,TexasCity,2023
181,1/15/1987,0.129,TexasCity,2023
182,2/11/1987,0.129,TexasCity,2023
183,3/6/1987,0.127,TexasCity,2023
184,4/2/1987,0.128,TexasCity,2023
185,4/30/1987,0.14,TexasCity,2023
186,5/28/1987,0.14,TexasCity,2023
187,6/26/1987,0.135,TexasCity,2023
188,7/23/1987,0.138,TexasCity,2023
189,8/20/1987,0.141,TexasCity,2023
190,9/17/1987,0.141,TexasCity,2023
191,10/15/1987,0.141,TexasCity,2023
192,11/12/1987,0.141,TexasCity,2023
193,12/9/1987,0.14,TexasCity,2023
194,1/7/1988,0.132,TexasCity,2023
195,2/4/1988,0.13,TexasCity,2023
196,3/3/1988,0.128,TexasCity,2023
197,3/31/1988,0.127,TexasCity,2023
198,4/28/1988,0.134,TexasCity,2023
199,5/26/1988,0.135,TexasCity,2023
200,6/23/1988,0.135,TexasCity,2023
201,7/21/1988,0.135,TexasCity,2023
202,8/18/1988,0.135,TexasCity,2023
203,9/14/1988,0.142,TexasCity,2023
204,10/13/1988,0.143,TexasCity,2023
205,11/9/1988,0.143,TexasCity,2023
206,12/8/1988,0.143,TexasCity,2023
207,1/5/1989,0.143,TexasCity,2023
208,2/2/1989,0.141,TexasCity,2023
209,3/2/1989,0.139,TexasCity,2023
210,3/29/1989,0.139,TexasCity,2023
211,4/27/1989,0.14,TexasCity,2023
212,5/23/1989,0.14,TexasCity,2023
213,6/22/1989,0.141,TexasCity,2023
214,7/20/1989,0.14,TexasCity,2023
215,8/17/1989,0.139,TexasCity,2023
216,9/14/1989,0.14,TexasCity,2023
217,10/12/1989,0.14,TexasCity,2023
218,11/8/1989,0.14,TexasCity,2023
219,12/7/1989,0.139,TexasCity,2023
220,1/4/1990,0.139,TexasCity,2023
221,2/1/1990,0.136,TexasCity,2023
222,3/1/1990,0.131,TexasCity,2023
223,3/29/1990,0.128,TexasCity,2023
224,4/26/1990,0.127,TexasCity,2023
225,5/24/1990,0.127,TexasCity,2023
226,6/21/1990,0.134,TexasCity,2023
227,7/19/1990,0.134,TexasCity,2023
228,8/16/1990,0.134,TexasCity,2023
229,9/14/1990,0.134,TexasCity,2023
230,10/11/1990,0.134,TexasCity,2023
231,11/7/1990,0.133,TexasCity,2023
232,12/7/1990,0.132,TexasCity,2023
233,1/3/1991,0.132,TexasCity,2023
234,1/31/1991,0.125,TexasCity,2023
235,2/28/1991,0.122,TexasCity,2023
236,3/28/1991,0.125,TexasCity,2023
237,4/25/1991,0.124,TexasCity,2023
238,5/24/1991,0.121,TexasCity,2023
239,6/24/1991,0.122,TexasCity,2023
240,7/18/1991,0.127,TexasCity,2023
241,8/15/1991,0.128,TexasCity,2023
242,9/12/1991,0.122,TexasCity,2023
243,10/10/1991,0.125,TexasCity,2023
244,11/7/1991,0.125,TexasCity,2023
245,12/5/1991,0.122,TexasCity,2023
246,1/2/1992,0.119,TexasCity,2023
247,1/30/1992,0.115,TexasCity,2023
248,2/28/1992,0.114,TexasCity,2023
249,3/26/1992,0.117,TexasCity,2023
250,4/23/1992,0.117,TexasCity,2023
251,5/21/1992,0.12,TexasCity,2023
252,6/17/1992,0.119,TexasCity,2023
253,7/16/1992,0.121,TexasCity,2023
254,8/13/1992,0.122,TexasCity,2023
255,9/9/1992,0.122,TexasCity,2023
256,10/8/1992,0.121,TexasCity,2023
257,11/5/1992,0.121,TexasCity,2023
258,12/2/1992,0.119,TexasCity,2023
259,12/30/1992,0.117,TexasCity,2023
260,1/28/1993,0.112,TexasCity,2023
261,2/24/1993,0.113,TexasCity,2023
262,3/26/1993,0.112,TexasCity,2023
263,4/22/1993,0.114,TexasCity,2023
264,5/19/1993,0.113,TexasCity,2023
265,6/17/1993,0.114,TexasCity,2023
266,7/14/1993,0.114,TexasCity,2023
267,8/13/1993,0.116,TexasCity,2023
268,9/10/1993,0.116,TexasCity,2023
269,10/8/1993,0.115,TexasCity,2023
270,11/4/1993,0.113,TexasCity,2023
271,12/2/1993,0.112,TexasCity,2023
272,12/30/1993,0.113,TexasCity,2023
273,1/26/1994,0.113,TexasCity,2023
274,2/23/1994,0.113,TexasCity,2023
275,3/23/1994,0.113,TexasCity,2023
276,4/19/1994,0.113,TexasCity,2023
277,5/18/1994,0.113,TexasCity,2023
278,6/16/1994,0.114,TexasCity,2023
279,7/15/1994,0.115,TexasCity,2023
280,8/11/1994,0.115,TexasCity,2023
281,9/8/1994,0.114,TexasCity,2023
282,10/6/1994,0.113,TexasCity,2023
283,11/3/1994,0.111,TexasCity,2023
284,12/1/1994,0.111,TexasCity,2023
285,12/29/1994,0.108,TexasCity,2023
286,1/26/1995,0.108,TexasCity,2023
287,2/23/1995,0.109,TexasCity,2023
288,3/23/1995,0.107,TexasCity,2023
289,4/20/1995,0.107,TexasCity,2023
290,5/17/1995,0.108,TexasCity,2023
291,6/15/1995,0.107,TexasCity,2023
292,7/14/1995,0.108,TexasCity,2023
293,8/10/1995,0.108,TexasCity,2023
294,9/7/1995,0.109,TexasCity,2023
295,10/5/1995,0.109,TexasCity,2023
296,11/2/1995,0.109,TexasCity,2023
297,12/1/1995,0.108,TexasCity,2023
298,1/4/1996,0.104,TexasCity,2023
299,1/25/1996,0.101,TexasCity,2023
300,2/22/1996,0.083,TexasCity,2023
301,3/21/1996,0.078,TexasCity,2023
302,4/19/1996,0.077,TexasCity,2023
303,5/16/1996,0.081,TexasCity,2023
304,6/13/1996,0.081,TexasCity,2023
305,7/11/1996,0.082,TexasCity,2023
306,8/8/1996,0.082,TexasCity,2023
307,9/7/1996,0.08,TexasCity,2023
308,10/3/1996,0.079,TexasCity,2023
309,10/30/1996,0.078,TexasCity,2023
310,11/29/1996,0.078,TexasCity,2023
311,12/26/1996,0.077,TexasCity,2023
312,1/23/1997,0.076,TexasCity,2023
313,2/21/1997,0.076,TexasCity,2023
314,3/19/1997,0.079,TexasCity,2023
315,4/16/1997,0.083,TexasCity,2023
316,5/15/1997,0.087,TexasCity,2023
317,6/13/1997,0.089,TexasCity,2023
318,7/11/1997,0.091,TexasCity,2023
319,8/7/1997,0.093,TexasCity,2023
320,9/2/1997,0.094,TexasCity,2023
321,10/3/1997,0.091,TexasCity,2023
322,10/30/1997,0.087,TexasCity,2023
323,11/26/1997,0.085,TexasCity,2023
324,12/22/1997,0.085,TexasCity,2023
325,1/21/1998,0.084,TexasCity,2023
326,2/19/1998,0.084,TexasCity,2023
327,3/19/1998,0.085,TexasCity,2023
328,4/16/1998,0.085,TexasCity,2023
329,5/14/1998,0.088,TexasCity,2023
330,6/11/1998,0.086,TexasCity,2023
331,7/8/1998,0.088,TexasCity,2023
332,8/5/1998,0.09,TexasCity,2023
333,9/2/1998,0.087,TexasCity,2023
334,10/2/1998,0.087,TexasCity,2023
335,10/30/1998,0.087,TexasCity,2023
336,11/25/1998,0.086,TexasCity,2023
337,12/18/1998,0.087,TexasCity,2023
338,1/15/1999,0.088,TexasCity,2023
339,2/12/1999,0.089,TexasCity,2023
340,3/12/1999,0.089,TexasCity,2023
341,4/9/1999,0.089,TexasCity,2023
342,5/5/1999,0.09,TexasCity,2023
343,6/3/1999,0.091,TexasCity,2023
344,6/30/1999,0.09,TexasCity,2023
345,7/29/1999,0.09,TexasCity,2023
346,8/27/1999,0.091,TexasCity,2023
347,9/27/1999,0.091,TexasCity,2023
348,10/22/1999,0.09,TexasCity,2023
349,11/18/1999,0.091,TexasCity,2023
350,12/16/1999,0.091,TexasCity,2023
351,1/13/2000,0.091,TexasCity,2023
352,2/8/2000,0.091,TexasCity,2023
353,3/8/2000,0.092,TexasCity,2023
354,4/6/2000,0.093,TexasCity,2023
355,5/4/2000,0.09,TexasCity,2023
356,6/1/2000,0.092,TexasCity,2023
357,6/29/2000,0.094,TexasCity,2023
358,7/26/2000,0.095,TexasCity,2023
359,8/24/2000,0.101,TexasCity,2023
360,9/20/2000,0.1,TexasCity,2023
361,10/19/2000,0.098,TexasCity,2023
362,11/16/2000,0.097,TexasCity,2023
363,12/14/2000,0.096,TexasCity,2023
364,1/11/2001,0.095,TexasCity,2023
365,2/8/2001,0.096,TexasCity,2023
366,3/8/2001,0.096,TexasCity,2023
367,4/5/2001,0.095,TexasCity,2023
368,5/2/2001,0.097,TexasCity,2023
369,5/30/2001,0.098,TexasCity,2023
370,6/29/2001,0.098,TexasCity,2023
371,7/26/2001,0.099,TexasCity,2023
372,8/23/2001,0.099,TexasCity,2023
373,9/20/2001,0.097,TexasCity,2023
374,10/18/2001,0.096,TexasCity,2023
375,11/14/2001,0.097,TexasCity,2023
376,12/12/2001,0.096,TexasCity,2023
377,1/10/2002,0.095,TexasCity,2023
378,2/7/2002,0.096,TexasCity,2023
379,3/6/2002,0.096,TexasCity,2023
380,4/4/2002,0.096,TexasCity,2023
381,5/2/2002,0.096,TexasCity,2023
382,5/30/2002,0.095,TexasCity,2023
383,6/26/2002,0.095,TexasCity,2023
384,7/26/2002,0.095,TexasCity,2023
385,8/21/2002,0.093,TexasCity,2023
386,9/20/2002,0.091,TexasCity,2023
387,10/17/2002,0.092,TexasCity,2023
388,11/15/2002,0.091,TexasCity,2023
389,12/12/2002,0.091,TexasCity,2023
390,1/9/2003,0.091,TexasCity,2023
391,2/5/2003,0.09,TexasCity,2023
392,3/5/2003,0.09,TexasCity,2023
393,4/3/2003,0.091,TexasCity,2023
394,4/30/2003,0.091,TexasCity,2023
395,5/28/2003,0.091,TexasCity,2023
396,6/25/2003,0.092,TexasCity,2023
397,7/23/2003,0.091,TexasCity,2023
398,8/19/2003,0.092,TexasCity,2023
399,9/18/2003,0.094,TexasCity,2023
400,10/15/2003,0.095,TexasCity,2023
401,11/12/2003,0.095,TexasCity,2023
402,12/11/2003,0.095,TexasCity,2023
403,1/9/2004,0.095,TexasCity,2023
404,2/4/2004,0.093,TexasCity,2023
405,3/4/2004,0.093,TexasCity,2023
406,3/31/2004,0.094,TexasCity,2023
407,4/30/2004,0.095,TexasCity,2023
408,5/27/2004,0.094,TexasCity,2023
409,6/28/2004,0.093,TexasCity,2023
410,7/22/2004,0.095,TexasCity,2023
411,8/18/2004,0.096,TexasCity,2023
412,9/14/2004,0.096,TexasCity,2023
413,10/14/2004,0.096,TexasCity,2023
414,11/10/2004,0.095,TexasCity,2023
415,12/8/2004,0.094,TexasCity,2023
416,1/5/2005,0.094,TexasCity,2023
417,1/31/2005,0.095,TexasCity,2023
418,3/3/2005,0.092,TexasCity,2023
419,3/29/2005,0.093,TexasCity,2023
420,4/28/2005,0.094,TexasCity,2023
421,5/27/2005,0.094,TexasCity,2023
422,6/23/2005,0.094,TexasCity,2023
423,7/18/2005,0.095,TexasCity,2023
424,8/19/2005,0.096,TexasCity,2023
425,9/20/2005,0.095,TexasCity,2023
426,10/20/2005,0.094,TexasCity,2023
427,11/16/2005,0.095,TexasCity,2023
428,12/14/2005,0.096,TexasCity,2023
429,1/9/2006,0.096,TexasCity,2023
430,2/8/2006,0.096,TexasCity,2023
431,3/7/2006,0.096,TexasCity,2023
432,4/5/2006,0.096,TexasCity,2023
433,5/3/2006,0.096,TexasCity,2023
434,6/1/2006,0.097,TexasCity,2023
435,6/28/2006,0.098,TexasCity,2023
436,7/27/2006,0.097,TexasCity,2023
437,8/28/2006,0.098,TexasCity,2023
438,9/29/2006,0.099,TexasCity,2023
439,10/23/2006,0.096,TexasCity,2023
440,11/14/2006,0.096,TexasCity,2023
441,12/12/2006,0.097,TexasCity,2023
442,1/12/2007,0.097,TexasCity,2023
443,2/7/2007,0.093,TexasCity,2023
444,3/12/2007,0.097,TexasCity,2023
445,4/3/2007,0.097,TexasCity,2023
446,5/3/2007,0.098,TexasCity,2023
447,6/4/2007,0.099,TexasCity,2023
448,6/26/2007,0.099,TexasCity,2023
449,7/25/2007,0.098,TexasCity,2023
450,8/28/2007,0.098,TexasCity,2023
451,9/20/2007,0.098,TexasCity,2023
452,10/25/2007,0.098,TexasCity,2023
453,11/15/2007,0.098,TexasCity,2023
454,12/14/2007,0.098,TexasCity,2023
455,1/9/2008,0.098,TexasCity,2023
456,2/13/2008,0.096,TexasCity,2023
457,3/11/2008,0.096,TexasCity,2023
458,4/16/2008,0.097,TexasCity,2023
459,5/6/2008,0.097,TexasCity,2023
460,6/11/2008,0.097,TexasCity,2023
461,7/14/2008,0.097,TexasCity,2023
462,8/20/2008,0.097,TexasCity,2023
463,9/30/2008,0.092,TexasCity,2023
464,10/29/2008,0.095,TexasCity,2023
465,11/25/2008,0.095,TexasCity,2023
466,12/19/2008,0.095,TexasCity,2023
467,1/28/2009,0.094,TexasCity,2023
468,3/3/2009,0.094,TexasCity,2023
469,4/2/2009,0.094,TexasCity,2023
470,4/30/2009,0.09,TexasCity,2023
471,5/29/2009,0.089,TexasCity,2023
472,6/26/2009,0.09,TexasCity,2023
473,7/21/2009,0.09,TexasCity,2023
474,8/20/2009,0.09,TexasCity,2023
475,9/18/2009,0.093,TexasCity,2023
476,10/16/2009,0.092,TexasCity,2023
477,11/10/2009,0.09,TexasCity,2023
478,12/8/2009,0.088,TexasCity,2023
479,1/6/2010,0.091,TexasCity,2023
480,2/10/2010,0.09,TexasCity,2023
481,3/12/2010,0.091,TexasCity,2023
482,3/30/2010,0.092,TexasCity,2023
483,5/4/2010,0.093,TexasCity,2023
484,6/7/2010,0.093,TexasCity,2023
485,6/29/2010,0.093,TexasCity,2023
486,7/27/2010,0.096,TexasCity,2023
487,8/25/2010,0.096,TexasCity,2023
488,9/22/2010,0.096,TexasCity,2023
489,10/20/2010,0.1,TexasCity,2023
490,11/18/2010,0.1,TexasCity,2023
491,12/13/2010,0.1,TexasCity,2023
492,1/3/2011,0.1,TexasCity,2023
493,1/31/2011,0.099,TexasCity,2023
494,3/2/2011,0.099,TexasCity,2023
495,3/29/2011,0.1,TexasCity,2023
496,5/10/2011,0.1,TexasCity,2023
497,6/8/2011,0.101,TexasCity,2023
498,7/6/2011,0.101,TexasCity,2023
499,8/2/2011,0.101,TexasCity,2023
500,9/8/2011,0.102,TexasCity,2023
501,10/14/2011,0.102,TexasCity,2023
502,11/1/2011,0.102,TexasCity,2023
503,12/1/2011,0.102,TexasCity,2023
504,12/29/2011,0.102,TexasCity,2023
505,1/27/2012,0.101,TexasCity,2023
506,2/23/2012,0.099,TexasCity,2023
507,3/21/2012,0.099,TexasCity,2023
508,4/18/2012,0.099,TexasCity,2023
509,5/17/2012,0.099,TexasCity,2023
510,6/13/2012,0.1,TexasCity,2023
511,7/6/2012,0.1,TexasCity,2023
512,8/7/2012,0.1,TexasCity,2023
513,9/5/2012,0.1,TexasCity,2023
514,10/15/2012,0.1,TexasCity,2023
515,11/8/2012,0.1,TexasCity,2023
516,12/4/2012,0.1,TexasCity,2023
517,1/4/2013,0.1,TexasCity,2023
518,2/21/2013,0.1,TexasCity,2023
519,3/25/2013,0.1,TexasCity,2023
520,4/30/2013,0.1,TexasCity,2023
521,5/30/2013,0.1,TexasCity,2023
522,6/24/2013,0.101,TexasCity,2023
523,7/23/2013,0.1,TexasCity,2023
524,8/22/2013,0.101,TexasCity,2023
525,9/27/2013,0.102,TexasCity,2023
526,10/21/2013,0.102,TexasCity,2023
527,11/19/2013,0.1,TexasCity,2023
528,12/16/2013,0.1,TexasCity,2023
529,1/23/2014,0.101,TexasCity,2023
530,2/27/2014,0.101,TexasCity,2023
531,4/2/2014,0.101,TexasCity,2023
532,5/16/2014,0.101,TexasCity,2023
533,6/10/2014,0.101,TexasCity,2023
534,7/9/2014,0.101,TexasCity,2023
535,8/12/2014,0.101,TexasCity,2023
536,9/2/2014,0.101,TexasCity,2023
537,10/6/2014,0.101,TexasCity,2023
538,11/12/2014,0.101,TexasCity,2023
539,12/11/2014,0.101,TexasCity,2023
540,1/13/2015,0.099,TexasCity,2023
541,2/19/2015,0.099,TexasCity,2023
542,3/30/2015,0.097,TexasCity,2023
543,4/29/2015,0.096,TexasCity,2023
544,5/19/2015,0.097,TexasCity,2023
545,6/22/2015,0.097,TexasCity,2023
546,7/23/2015,0.099,TexasCity,2023
547,9/8/2015,0.1,TexasCity,2023
548,9/29/2015,0.096,TexasCity,2023
549,10/28/2015,0.097,TexasCity,2023
550,11/23/2015,0.096,TexasCity,2023
551,12/21/2015,0.095,TexasCity,2023
552,1/19/2016,0.095,TexasCity,2023
553,2/29/2016,0.096,TexasCity,2023
554,3/30/2016,0.097,TexasCity,2023
555,5/2/2016,0.097,TexasCity,2023
556,5/31/2016,0.098,TexasCity,2023
557,6/30/2016,0.098,TexasCity,2023
558,7/29/2016,0.099,TexasCity,2023
559,8/25/2016,0.099,TexasCity,2023
560,9/26/2016,0.099,TexasCity,2023
561,10/20/2016,0.099,TexasCity,2023
562,11/28/2016,0.099,TexasCity,2023
563,12/21/2016,0.097,TexasCity,2023
564,1/30/2017,0.097,TexasCity,2023
565,2/28/2017,0.096,TexasCity,2023
566,3/23/2017,0.096,TexasCity,2023
567,4/24/2017,0.096,TexasCity,2023
568,5/30/2017,0.097,TexasCity,2023
569,6/21/2017,0.097,TexasCity,2023
570,7/26/2017,0.097,TexasCity,2023
571,8/15/2017,0.097,TexasCity,2023
572,9/22/2017,0.095,TexasCity,2023
573,10/18/2017,0.095,TexasCity,2023
574,11/16/2017,0.095,TexasCity,2023
575,12/21/2017,0.094,TexasCity,2023
576,1/31/2018,0.093,TexasCity,2023
577,2/27/2018,0.093,TexasCity,2023
578,3/20/2018,0.093,TexasCity,2023
579,4/16/2018,0.093,TexasCity,2023
580,5/21/2018,0.096,TexasCity,2023
581,6/21/2018,0.097,TexasCity,2023
582,7/18/2018,0.097,TexasCity,2023
583,8/29/2018,0.098,TexasCity,2023
584,9/20/2018,0.094,TexasCity,2023
585,10/16/2018,0.095,TexasCity,2023
586,11/20/2018,0.095,TexasCity,2023
587,12/13/2018,0.095,TexasCity,2023
588,2/25/2019,0.096,TexasCity,2023
589,3/20/2019,0.096,TexasCity,2023
590,4/16/2019,0.096,TexasCity,2023
591,5/22/2019,0.094,TexasCity,2023
592,6/19/2019,0.095,TexasCity,2023
593,7/24/2019,0.096,TexasCity,2023
594,8/21/2019,0.097,TexasCity,2023
595,10/1/2019,0.096,TexasCity,2023
596,10/29/2019,0.093,TexasCity,2023
597,11/25/2019,0.094,TexasCity,2023
598,12/23/2019,0.094,TexasCity,2023
599,1/28/2020,0.085,TexasCity,2023
600,3/3/2020,0.086,TexasCity,2023
601,4/6/2020,0.09,TexasCity,2023
602,4/27/2020,0.09,TexasCity,2023
603,5/28/2020,0.091,TexasCity,2023
604,6/23/2020,0.091,TexasCity,2023
605,7/21/2020,0.091,TexasCity,2023
606,8/18/2020,0.091,TexasCity,2023
607,9/24/2020,0.091,TexasCity,2023
608,10/27/2020,0.091,TexasCity,2023
609,11/23/2020,0.091,TexasCity,2023
610,12/29/2020,0.09,TexasCity,2023
611,2/3/2021,0.09,TexasCity,2023
612,2/23/2021,0.089,TexasCity,2023
613,3/31/2021,0.09,TexasCity,2023
614,5/4/2021,0.091,TexasCity,2023
615,6/1/2021,0.091,TexasCity,2023
616,6/29/2021,0.091,TexasCity,2023
617,7/22/2021,0.091,TexasCity,2023
618,8/31/2021,0.091,TexasCity,2023
619,9/21/2021,0.09,TexasCity,2023
620,10/26/2021,0.089,TexasCity,2023
621,11/18/2021,0.09,TexasCity,2023
622,12/22/2021,0.091,TexasCity,2023
623,1/26/2022,0.091,TexasCity,2023
624,2/22/2022,0.091,TexasCity,2023
625,3/30/2022,0.092,TexasCity,2023
626,4/26/2022,0.092,TexasCity,2023
627,6/1/2022,0.093,TexasCity,2023
628,6/28/2022,0.094,TexasCity,2023
629,7/27/2022,0.092,TexasCity,2023
630,8/30/2022,0.094,TexasCity,2023
631,9/27/2022,0.094,TexasCity,2023
632,11/2/2022,0.094,TexasCity,2023
633,11/29/2022,0.092,TexasCity,2023
634,12/27/2022,0.092,TexasCity,2023
635,1/25/2023,0.091,TexasCity,2023
636,3/1/2023,0.094,TexasCity,2023
637,3/28/2023,0.095,TexasCity,2023
638,4/26/2023,0.095,TexasCity,2023
639,6/1/2023,0.095,TexasCity,2023
640,6/28/2023,0.095,TexasCity,2023
641,7/28/2023,0.096,TexasCity,2023
642,9/5/2023,0.097,TexasCity,2023
643,9/27/2023,0.098,TexasCity,2023
644,11/1/2023,0.098,TexasCity,2023
645,12/4/2023,0.101,TexasCity,2023
646,12/26/2023,0.103,TexasCity,2023
647,10/8/1975,0.0,Pasadena,2023
648,10/20/1975,0.01,Pasadena,2023
649,11/20/1975,0.026,Pasadena,2023
650,12/22/1975,0.04,Pasadena,2023
651,1/21/1976,0.054,Pasadena,2023
652,2/20/1976,0.073,Pasadena,2023
653,3/22/1976,0.088,Pasadena,2023
654,4/21/1976,0.11,Pasadena,2023
655,5/21/1976,0.142,Pasadena,2023
656,6/21/1976,0.16,Pasadena,2023
657,7/19/1976,0.182,Pasadena,2023
658,8/16/1976,0.218,Pasadena,2023
659,9/14/1976,0.242,Pasadena,2023
660,10/12/1976,0.24,Pasadena,2023
661,11/9/1976,0.247,Pasadena,2023
662,12/7/1976,0.25,Pasadena,2023
663,1/4/1977,0.256,Pasadena,2023
664,2/1/1977,0.268,Pasadena,2023
665,3/1/1977,0.272,Pasadena,2023
666,3/29/1977,0.274,Pasadena,2023
667,4/26/1977,0.276,Pasadena,2023
668,5/25/1977,0.276,Pasadena,2023
669,6/21/1977,0.284,Pasadena,2023
670,7/19/1977,0.3,Pasadena,2023
671,8/16/1977,0.308,Pasadena,2023
672,9/13/1977,0.299,Pasadena,2023
673,10/11/1977,0.304,Pasadena,2023
674,11/7/1977,0.31,Pasadena,2023
675,12/6/1977,0.309,Pasadena,2023
676,1/3/1978,0.31,Pasadena,2023
677,2/2/1978,0.296,Pasadena,2023
678,2/28/1978,0.295,Pasadena,2023
679,3/28/1978,0.297,Pasadena,2023
680,4/25/1978,0.307,Pasadena,2023
681,5/23/1978,0.327,Pasadena,2023
682,6/20/1978,0.335,Pasadena,2023
683,7/19/1978,0.362,Pasadena,2023
684,8/15/1978,0.38,Pasadena,2023
685,8/29/1978,0.392,Pasadena,2023
686,9/10/1978,0.391,Pasadena,2023
687,9/13/1978,0.373,Pasadena,2023
688,10/10/1978,0.373,Pasadena,2023
689,11/7/1978,0.382,Pasadena,2023
690,12/5/1978,0.36,Pasadena,2023
691,1/3/1979,0.346,Pasadena,2023
692,1/31/1979,0.322,Pasadena,2023
693,2/27/1979,0.309,Pasadena,2023
694,3/29/1979,0.299,Pasadena,2023
695,4/23/1979,0.292,Pasadena,2023
696,5/22/1979,0.292,Pasadena,2023
697,6/19/1979,0.292,Pasadena,2023
698,7/17/1979,0.292,Pasadena,2023
699,7/22/1979,0.292,Pasadena,2023
700,7/27/1979,0.288,Pasadena,2023
701,8/14/1979,0.293,Pasadena,2023
702,8/30/1979,0.294,Pasadena,2023
703,9/8/1979,0.289,Pasadena,2023
704,9/11/1979,0.289,Pasadena,2023
705,9/17/1979,0.29,Pasadena,2023
706,10/9/1979,0.292,Pasadena,2023
707,11/8/1979,0.293,Pasadena,2023
708,12/5/1979,0.294,Pasadena,2023
709,1/2/1980,0.291,Pasadena,2023
710,2/5/1980,0.287,Pasadena,2023
711,3/4/1980,0.288,Pasadena,2023
712,4/1/1980,0.287,Pasadena,2023
713,4/29/1980,0.295,Pasadena,2023
714,5/27/1980,0.293,Pasadena,2023
715,6/24/1980,0.309,Pasadena,2023
716,7/22/1980,0.355,Pasadena,2023
717,8/19/1980,0.391,Pasadena,2023
718,9/15/1980,0.413,Pasadena,2023
719,10/15/1980,0.418,Pasadena,2023
720,11/10/1980,0.422,Pasadena,2023
721,12/8/1980,0.424,Pasadena,2023
722,1/5/1981,0.423,Pasadena,2023
723,2/4/1981,0.416,Pasadena,2023
724,3/2/1981,0.408,Pasadena,2023
725,3/30/1981,0.408,Pasadena,2023
726,4/27/1981,0.416,Pasadena,2023
727,5/26/1981,0.402,Pasadena,2023
728,6/23/1981,0.389,Pasadena,2023
729,7/20/1981,0.382,Pasadena,2023
730,8/17/1981,0.383,Pasadena,2023
731,9/15/1981,0.376,Pasadena,2023
732,10/13/1981,0.368,Pasadena,2023
733,11/12/1981,0.353,Pasadena,2023
734,12/8/1981,0.35,Pasadena,2023
735,1/5/1982,0.34,Pasadena,2023
736,2/3/1982,0.339,Pasadena,2023
737,3/1/1982,0.335,Pasadena,2023
738,3/31/1982,0.338,Pasadena,2023
739,4/27/1982,0.334,Pasadena,2023
740,5/25/1982,0.331,Pasadena,2023
741,6/22/1982,0.337,Pasadena,2023
742,7/20/1982,0.348,Pasadena,2023
743,8/17/1982,0.347,Pasadena,2023
744,9/14/1982,0.37,Pasadena,2023
745,10/12/1982,0.399,Pasadena,2023
746,11/9/1982,0.4,Pasadena,2023
747,12/8/1982,0.366,Pasadena,2023
748,1/3/1983,0.352,Pasadena,2023
749,2/1/1983,0.348,Pasadena,2023
750,3/2/1983,0.343,Pasadena,2023
751,3/29/1983,0.342,Pasadena,2023
752,4/26/1983,0.352,Pasadena,2023
753,5/24/1983,0.347,Pasadena,2023
754,6/22/1983,0.347,Pasadena,2023
755,7/19/1983,0.344,Pasadena,2023
756,8/16/1983,0.344,Pasadena,2023
757,9/13/1983,0.346,Pasadena,2023
758,10/13/1983,0.349,Pasadena,2023
759,11/8/1983,0.348,Pasadena,2023
760,12/6/1983,0.344,Pasadena,2023
761,1/3/1984,0.345,Pasadena,2023
762,1/31/1984,0.342,Pasadena,2023
763,2/28/1984,0.342,Pasadena,2023
764,3/26/1984,0.343,Pasadena,2023
765,4/24/1984,0.347,Pasadena,2023
766,5/21/1984,0.35,Pasadena,2023
767,6/19/1984,0.353,Pasadena,2023
768,7/17/1984,0.356,Pasadena,2023
769,8/14/1984,0.358,Pasadena,2023
770,9/11/1984,0.357,Pasadena,2023
771,10/9/1984,0.358,Pasadena,2023
772,11/6/1984,0.353,Pasadena,2023
773,12/5/1984,0.354,Pasadena,2023
774,1/2/1985,0.353,Pasadena,2023
775,1/29/1985,0.352,Pasadena,2023
776,2/26/1985,0.351,Pasadena,2023
777,3/26/1985,0.351,Pasadena,2023
778,4/23/1985,0.356,Pasadena,2023
779,5/21/1985,0.363,Pasadena,2023
780,6/19/1985,0.382,Pasadena,2023
781,7/16/1985,0.385,Pasadena,2023
782,8/13/1985,0.403,Pasadena,2023
783,9/10/1985,0.413,Pasadena,2023
784,10/8/1985,0.406,Pasadena,2023
785,11/5/1985,0.388,Pasadena,2023
786,12/3/1985,0.375,Pasadena,2023
787,12/19/1985,0.368,Pasadena,2023
788,1/16/1986,0.366,Pasadena,2023
789,2/13/1986,0.36,Pasadena,2023
790,3/14/1986,0.363,Pasadena,2023
791,4/10/1986,0.378,Pasadena,2023
792,5/8/1986,0.381,Pasadena,2023
793,6/5/1986,0.378,Pasadena,2023
794,7/3/1986,0.372,Pasadena,2023
795,7/31/1986,0.387,Pasadena,2023
796,8/28/1986,0.393,Pasadena,2023
797,9/25/1986,0.375,Pasadena,2023
798,10/23/1986,0.371,Pasadena,2023
799,11/20/1986,0.371,Pasadena,2023
800,12/18/1986,0.365,Pasadena,2023
801,1/15/1987,0.365,Pasadena,2023
802,2/11/1987,0.365,Pasadena,2023
803,3/6/1987,0.362,Pasadena,2023
804,4/2/1987,0.367,Pasadena,2023
805,5/1/1987,0.379,Pasadena,2023
806,5/28/1987,0.371,Pasadena,2023
807,6/25/1987,0.368,Pasadena,2023
808,7/23/1987,0.37,Pasadena,2023
809,8/20/1987,0.381,Pasadena,2023
810,9/17/1987,0.388,Pasadena,2023
811,10/15/1987,0.394,Pasadena,2023
812,11/12/1987,0.401,Pasadena,2023
813,12/9/1987,0.399,Pasadena,2023
814,1/7/1988,0.387,Pasadena,2023
815,2/8/1988,0.385,Pasadena,2023
816,3/3/1988,0.384,Pasadena,2023
817,3/31/1988,0.377,Pasadena,2023
818,4/28/1988,0.38,Pasadena,2023
819,5/26/1988,0.381,Pasadena,2023
820,6/23/1988,0.39,Pasadena,2023
821,7/21/1988,0.399,Pasadena,2023
822,8/18/1988,0.393,Pasadena,2023
823,9/14/1988,0.393,Pasadena,2023
824,10/13/1988,0.393,Pasadena,2023
825,11/9/1988,0.395,Pasadena,2023
826,12/8/1988,0.395,Pasadena,2023
827,1/5/1989,0.396,Pasadena,2023
828,2/2/1989,0.385,Pasadena,2023
829,3/2/1989,0.385,Pasadena,2023
830,3/29/1989,0.384,Pasadena,2023
831,4/26/1989,0.388,Pasadena,2023
832,5/23/1989,0.386,Pasadena,2023
833,6/22/1989,0.395,Pasadena,2023
834,7/20/1989,0.387,Pasadena,2023
835,8/17/1989,0.387,Pasadena,2023
836,9/15/1989,0.392,Pasadena,2023
837,10/12/1989,0.397,Pasadena,2023
838,11/8/1989,0.394,Pasadena,2023
839,12/7/1989,0.393,Pasadena,2023
840,1/4/1990,0.395,Pasadena,2023
841,2/1/1990,0.388,Pasadena,2023
842,3/1/1990,0.384,Pasadena,2023
843,3/29/1990,0.384,Pasadena,2023
844,4/26/1990,0.382,Pasadena,2023
845,5/24/1990,0.383,Pasadena,2023
846,6/21/1990,0.39,Pasadena,2023
847,7/20/1990,0.396,Pasadena,2023
848,8/16/1990,0.4,Pasadena,2023
849,9/13/1990,0.4,Pasadena,2023
850,10/11/1990,0.401,Pasadena,2023
851,11/7/1990,0.399,Pasadena,2023
852,12/7/1990,0.396,Pasadena,2023
853,1/3/1991,0.389,Pasadena,2023
854,1/31/1991,0.382,Pasadena,2023
855,2/28/1991,0.378,Pasadena,2023
856,3/27/1991,0.379,Pasadena,2023
857,4/25/1991,0.373,Pasadena,2023
858,5/24/1991,0.372,Pasadena,2023
859,6/24/1991,0.372,Pasadena,2023
860,7/18/1991,0.373,Pasadena,2023
861,8/16/1991,0.376,Pasadena,2023
862,9/11/1991,0.375,Pasadena,2023
863,10/10/1991,0.376,Pasadena,2023
864,11/7/1991,0.378,Pasadena,2023
865,12/6/1991,0.369,Pasadena,2023
866,1/2/1992,0.361,Pasadena,2023
867,1/30/1992,0.355,Pasadena,2023
868,2/27/1992,0.351,Pasadena,2023
869,3/25/1992,0.351,Pasadena,2023
870,4/23/1992,0.346,Pasadena,2023
871,5/21/1992,0.348,Pasadena,2023
872,6/19/1992,0.346,Pasadena,2023
873,7/17/1992,0.349,Pasadena,2023
874,8/14/1992,0.347,Pasadena,2023
875,9/10/1992,0.35,Pasadena,2023
876,10/8/1992,0.35,Pasadena,2023
877,11/5/1992,0.349,Pasadena,2023
878,12/2/1992,0.345,Pasadena,2023
879,12/30/1992,0.341,Pasadena,2023
880,1/28/1993,0.335,Pasadena,2023
881,2/24/1993,0.333,Pasadena,2023
882,3/25/1993,0.328,Pasadena,2023
883,4/22/1993,0.328,Pasadena,2023
884,5/18/1993,0.327,Pasadena,2023
885,6/18/1993,0.326,Pasadena,2023
886,7/15/1993,0.33,Pasadena,2023
887,8/12/1993,0.346,Pasadena,2023
888,9/9/1993,0.361,Pasadena,2023
889,10/6/1993,0.369,Pasadena,2023
890,11/4/1993,0.344,Pasadena,2023
891,12/2/1993,0.341,Pasadena,2023
892,12/29/1993,0.337,Pasadena,2023
893,1/27/1994,0.335,Pasadena,2023
894,2/25/1994,0.334,Pasadena,2023
895,3/24/1994,0.332,Pasadena,2023
896,4/21/1994,0.331,Pasadena,2023
897,5/19/1994,0.327,Pasadena,2023
898,6/17/1994,0.329,Pasadena,2023
899,7/15/1994,0.33,Pasadena,2023
900,8/11/1994,0.333,Pasadena,2023
901,9/9/1994,0.334,Pasadena,2023
902,10/5/1994,0.336,Pasadena,2023
903,11/3/1994,0.332,Pasadena,2023
904,12/1/1994,0.332,Pasadena,2023
905,12/29/1994,0.326,Pasadena,2023
906,1/26/1995,0.321,Pasadena,2023
907,2/24/1995,0.321,Pasadena,2023
908,3/24/1995,0.317,Pasadena,2023
909,4/20/1995,0.317,Pasadena,2023
910,5/18/1995,0.321,Pasadena,2023
911,6/14/1995,0.319,Pasadena,2023
912,7/14/1995,0.322,Pasadena,2023
913,8/10/1995,0.324,Pasadena,2023
914,9/7/1995,0.326,Pasadena,2023
915,10/6/1995,0.326,Pasadena,2023
916,11/2/1995,0.325,Pasadena,2023
917,11/30/1995,0.324,Pasadena,2023
918,1/4/1996,0.319,Pasadena,2023
919,1/26/1996,0.318,Pasadena,2023
920,2/22/1996,0.319,Pasadena,2023
921,3/20/1996,0.319,Pasadena,2023
922,4/18/1996,0.323,Pasadena,2023
923,5/16/1996,0.319,Pasadena,2023
924,6/14/1996,0.323,Pasadena,2023
925,7/12/1996,0.319,Pasadena,2023
926,8/9/1996,0.327,Pasadena,2023
927,9/6/1996,0.321,Pasadena,2023
928,10/3/1996,0.317,Pasadena,2023
929,10/29/1996,0.318,Pasadena,2023
930,11/26/1996,0.319,Pasadena,2023
931,12/23/1996,0.316,Pasadena,2023
932,1/23/1997,0.311,Pasadena,2023
933,2/20/1997,0.307,Pasadena,2023
934,3/20/1997,0.302,Pasadena,2023
935,4/17/1997,0.303,Pasadena,2023
936,5/16/1997,0.303,Pasadena,2023
937,6/13/1997,0.299,Pasadena,2023
938,7/9/1997,0.303,Pasadena,2023
939,8/7/1997,0.309,Pasadena,2023
940,9/5/1997,0.31,Pasadena,2023
941,10/3/1997,0.309,Pasadena,2023
942,10/30/1997,0.306,Pasadena,2023
943,11/25/1997,0.302,Pasadena,2023
944,12/22/1997,0.297,Pasadena,2023
945,1/22/1998,0.292,Pasadena,2023
946,2/20/1998,0.289,Pasadena,2023
947,3/19/1998,0.286,Pasadena,2023
948,4/15/1998,0.289,Pasadena,2023
949,5/15/1998,0.296,Pasadena,2023
950,6/12/1998,0.311,Pasadena,2023
951,7/10/1998,0.324,Pasadena,2023
952,8/7/1998,0.33,Pasadena,2023
953,9/4/1998,0.32,Pasadena,2023
954,10/2/1998,0.31,Pasadena,2023
955,10/28/1998,0.3,Pasadena,2023
956,11/23/1998,0.295,Pasadena,2023
957,12/16/1998,0.291,Pasadena,2023
958,1/14/1999,0.285,Pasadena,2023
959,2/10/1999,0.288,Pasadena,2023
960,3/11/1999,0.288,Pasadena,2023
961,4/8/1999,0.283,Pasadena,2023
962,5/4/1999,0.285,Pasadena,2023
963,6/3/1999,0.284,Pasadena,2023
964,7/1/1999,0.28,Pasadena,2023
965,7/29/1999,0.281,Pasadena,2023
966,8/25/1999,0.288,Pasadena,2023
967,9/24/1999,0.295,Pasadena,2023
968,10/21/1999,0.296,Pasadena,2023
969,11/19/1999,0.298,Pasadena,2023
970,12/17/1999,0.292,Pasadena,2023
971,1/12/2000,0.292,Pasadena,2023
972,2/9/2000,0.293,Pasadena,2023
973,3/8/2000,0.297,Pasadena,2023
974,4/6/2000,0.291,Pasadena,2023
975,5/3/2000,0.288,Pasadena,2023
976,5/31/2000,0.289,Pasadena,2023
977,6/29/2000,0.29,Pasadena,2023
978,7/26/2000,0.295,Pasadena,2023
979,8/25/2000,0.303,Pasadena,2023
980,9/20/2000,0.313,Pasadena,2023
981,10/19/2000,0.311,Pasadena,2023
982,11/16/2000,0.338,Pasadena,2023
983,12/13/2000,0.332,Pasadena,2023
984,1/11/2001,0.328,Pasadena,2023
985,2/12/2001,0.326,Pasadena,2023
986,3/8/2001,0.329,Pasadena,2023
987,4/6/2001,0.327,Pasadena,2023
988,5/4/2001,0.331,Pasadena,2023
989,5/30/2001,0.334,Pasadena,2023
990,6/29/2001,0.33,Pasadena,2023
991,7/25/2001,0.334,Pasadena,2023
992,8/23/2001,0.336,Pasadena,2023
993,9/19/2001,0.33,Pasadena,2023
994,10/18/2001,0.325,Pasadena,2023
995,11/16/2001,0.328,Pasadena,2023
996,12/14/2001,0.319,Pasadena,2023
997,1/9/2002,0.318,Pasadena,2023
998,2/8/2002,0.319,Pasadena,2023
999,3/8/2002,0.318,Pasadena,2023
1000,4/4/2002,0.319,Pasadena,2023
1001,5/1/2002,0.319,Pasadena,2023
1002,5/30/2002,0.318,Pasadena,2023
1003,6/27/2002,0.319,Pasadena,2023
1004,7/25/2002,0.317,Pasadena,2023
1005,8/23/2002,0.314,Pasadena,2023
1006,9/19/2002,0.314,Pasadena,2023
1007,10/16/2002,0.315,Pasadena,2023
1008,11/14/2002,0.304,Pasadena,2023
1009,12/11/2002,0.3,Pasadena,2023
1010,1/8/2003,0.3,Pasadena,2023
1011,2/5/2003,0.294,Pasadena,2023
1012,3/6/2003,0.29,Pasadena,2023
1013,4/4/2003,0.293,Pasadena,2023
1014,4/30/2003,0.294,Pasadena,2023
1015,5/30/2003,0.301,Pasadena,2023
1016,6/27/2003,0.299,Pasadena,2023
1017,7/23/2003,0.298,Pasadena,2023
1018,8/20/2003,0.3,Pasadena,2023
1019,9/18/2003,0.297,Pasadena,2023
1020,10/17/2003,0.296,Pasadena,2023
1021,11/13/2003,0.298,Pasadena,2023
1022,12/10/2003,0.294,Pasadena,2023
1023,1/8/2004,0.29,Pasadena,2023
1024,2/6/2004,0.284,Pasadena,2023
1025,3/4/2004,0.282,Pasadena,2023
1026,4/1/2004,0.285,Pasadena,2023
1027,4/28/2004,0.281,Pasadena,2023
1028,5/28/2004,0.279,Pasadena,2023
1029,6/23/2004,0.276,Pasadena,2023
1030,7/21/2004,0.275,Pasadena,2023
1031,8/17/2004,0.277,Pasadena,2023
1032,9/14/2004,0.243,Pasadena,2023
1033,10/13/2004,0.24,Pasadena,2023
1034,11/9/2004,0.237,Pasadena,2023
1035,12/7/2004,0.23,Pasadena,2023
1036,1/4/2005,0.229,Pasadena,2023
1037,2/4/2005,0.226,Pasadena,2023
1038,3/1/2005,0.221,Pasadena,2023
1039,3/28/2005,0.223,Pasadena,2023
1040,4/29/2005,0.229,Pasadena,2023
1041,5/26/2005,0.232,Pasadena,2023
1042,6/27/2005,0.24,Pasadena,2023
1043,7/18/2005,0.239,Pasadena,2023
1044,8/25/2005,0.239,Pasadena,2023
1045,9/20/2005,0.238,Pasadena,2023
1046,10/19/2005,0.24,Pasadena,2023
1047,11/15/2005,0.243,Pasadena,2023
1048,12/13/2005,0.242,Pasadena,2023
1049,1/10/2006,0.241,Pasadena,2023
1050,2/7/2006,0.237,Pasadena,2023
1051,3/7/2006,0.237,Pasadena,2023
1052,4/6/2006,0.245,Pasadena,2023
1053,5/4/2006,0.248,Pasadena,2023
1054,6/1/2006,0.246,Pasadena,2023
1055,6/30/2006,0.247,Pasadena,2023
1056,7/27/2006,0.243,Pasadena,2023
1057,8/25/2006,0.248,Pasadena,2023
1058,9/27/2006,0.251,Pasadena,2023
1059,10/20/2006,0.246,Pasadena,2023
1060,11/13/2006,0.245,Pasadena,2023
1061,12/15/2006,0.245,Pasadena,2023
1062,1/11/2007,0.238,Pasadena,2023
1063,2/6/2007,0.234,Pasadena,2023
1064,3/11/2007,0.238,Pasadena,2023
1065,4/5/2007,0.234,Pasadena,2023
1066,5/4/2007,0.233,Pasadena,2023
1067,6/5/2007,0.233,Pasadena,2023
1068,6/29/2007,0.233,Pasadena,2023
1069,7/27/2007,0.23,Pasadena,2023
1070,8/27/2007,0.233,Pasadena,2023
1071,9/19/2007,0.234,Pasadena,2023
1072,10/23/2007,0.235,Pasadena,2023
1073,11/16/2007,0.24,Pasadena,2023
1074,12/13/2007,0.235,Pasadena,2023
1075,1/8/2008,0.233,Pasadena,2023
1076,2/13/2008,0.228,Pasadena,2023
1077,3/11/2008,0.226,Pasadena,2023
1078,4/11/2008,0.233,Pasadena,2023
1079,5/7/2008,0.235,Pasadena,2023
1080,6/12/2008,0.241,Pasadena,2023
1081,7/10/2008,0.242,Pasadena,2023
1082,8/25/2008,0.236,Pasadena,2023
1083,9/30/2008,0.24,Pasadena,2023
1084,10/30/2008,0.246,Pasadena,2023
1085,11/25/2008,0.24,Pasadena,2023
1086,12/22/2008,0.241,Pasadena,2023
1087,1/27/2009,0.242,Pasadena,2023
1088,3/5/2009,0.245,Pasadena,2023
1089,4/2/2009,0.244,Pasadena,2023
1090,4/29/2009,0.234,Pasadena,2023
1091,5/29/2009,0.24,Pasadena,2023
1092,6/23/2009,0.248,Pasadena,2023
1093,7/20/2009,0.253,Pasadena,2023
1094,8/21/2009,0.264,Pasadena,2023
1095,9/16/2009,0.268,Pasadena,2023
1096,10/15/2009,0.267,Pasadena,2023
1097,11/10/2009,0.259,Pasadena,2023
1098,12/7/2009,0.25,Pasadena,2023
1099,1/5/2010,0.243,Pasadena,2023
1100,2/10/2010,0.242,Pasadena,2023
1101,3/10/2010,0.244,Pasadena,2023
1102,3/30/2010,0.245,Pasadena,2023
1103,5/4/2010,0.255,Pasadena,2023
1104,6/7/2010,0.259,Pasadena,2023
1105,6/30/2010,0.28,Pasadena,2023
1106,7/29/2010,0.28,Pasadena,2023
1107,8/26/2010,0.315,Pasadena,2023
1108,9/21/2010,0.314,Pasadena,2023
1109,10/19/2010,0.347,Pasadena,2023
1110,11/18/2010,0.345,Pasadena,2023
1111,12/13/2010,0.346,Pasadena,2023
1112,1/5/2011,0.313,Pasadena,2023
1113,2/1/2011,0.298,Pasadena,2023
1114,3/1/2011,0.303,Pasadena,2023
1115,3/29/2011,0.312,Pasadena,2023
1116,5/13/2011,0.394,Pasadena,2023
1117,6/10/2011,0.443,Pasadena,2023
1118,7/7/2011,0.479,Pasadena,2023
1119,8/2/2011,0.508,Pasadena,2023
1120,9/8/2011,0.554,Pasadena,2023
1121,10/5/2011,0.561,Pasadena,2023
1122,11/1/2011,0.553,Pasadena,2023
1123,12/1/2011,0.547,Pasadena,2023
1124,12/29/2011,0.505,Pasadena,2023
1125,1/24/2012,0.463,Pasadena,2023
1126,2/24/2012,0.431,Pasadena,2023
1127,3/22/2012,0.422,Pasadena,2023
1128,4/19/2012,0.423,Pasadena,2023
1129,5/18/2012,0.433,Pasadena,2023
1130,6/13/2012,0.489,Pasadena,2023
1131,7/5/2012,0.53,Pasadena,2023
1132,8/6/2012,0.523,Pasadena,2023
1133,9/6/2012,0.578,Pasadena,2023
1134,10/12/2012,0.595,Pasadena,2023
1135,11/8/2012,0.63,Pasadena,2023
1136,12/6/2012,0.648,Pasadena,2023
1137,1/3/2013,0.607,Pasadena,2023
1138,2/21/2013,0.552,Pasadena,2023
1139,3/26/2013,0.55,Pasadena,2023
1140,4/30/2013,0.548,Pasadena,2023
1141,5/31/2013,0.573,Pasadena,2023
1142,6/25/2013,0.585,Pasadena,2023
1143,7/25/2013,0.648,Pasadena,2023
1144,8/22/2013,0.678,Pasadena,2023
1145,9/25/2013,0.686,Pasadena,2023
1146,10/22/2013,0.681,Pasadena,2023
1147,11/20/2013,0.661,Pasadena,2023
1148,12/17/2013,0.633,Pasadena,2023
1149,1/27/2014,0.618,Pasadena,2023
1150,3/3/2014,0.605,Pasadena,2023
1151,4/4/2014,0.587,Pasadena,2023
1152,5/12/2014,0.644,Pasadena,2023
1153,6/9/2014,0.629,Pasadena,2023
1154,7/11/2014,0.648,Pasadena,2023
1155,8/11/2014,0.692,Pasadena,2023
1156,9/4/2014,0.704,Pasadena,2023
1157,10/7/2014,0.658,Pasadena,2023
1158,11/3/2014,0.653,Pasadena,2023
1159,12/12/2014,0.631,Pasadena,2023
1160,1/16/2015,0.59,Pasadena,2023
1161,2/19/2015,0.575,Pasadena,2023
1162,3/31/2015,0.519,Pasadena,2023
1163,4/24/2015,0.512,Pasadena,2023
1164,5/21/2015,0.513,Pasadena,2023
1165,6/24/2015,0.514,Pasadena,2023
1166,7/27/2015,0.563,Pasadena,2023
1167,9/9/2015,0.587,Pasadena,2023
1168,10/1/2015,0.555,Pasadena,2023
1169,10/29/2015,0.543,Pasadena,2023
1170,11/23/2015,0.524,Pasadena,2023
1171,12/21/2015,0.518,Pasadena,2023
1172,1/21/2016,0.51,Pasadena,2023
1173,2/29/2016,0.506,Pasadena,2023
1174,3/30/2016,0.502,Pasadena,2023
1175,5/3/2016,0.497,Pasadena,2023
1176,6/1/2016,0.493,Pasadena,2023
1177,6/30/2016,0.489,Pasadena,2023
1178,7/29/2016,0.489,Pasadena,2023
1179,8/25/2016,0.486,Pasadena,2023
1180,10/24/2016,0.488,Pasadena,2023
1181,12/1/2016,0.487,Pasadena,2023
1182,12/20/2016,0.482,Pasadena,2023
1183,1/30/2017,0.477,Pasadena,2023
1184,3/2/2017,0.475,Pasadena,2023
1185,3/23/2017,0.473,Pasadena,2023
1186,4/24/2017,0.47,Pasadena,2023
1187,5/30/2017,0.475,Pasadena,2023
1188,6/22/2017,0.473,Pasadena,2023
1189,7/21/2017,0.472,Pasadena,2023
1190,8/15/2017,0.477,Pasadena,2023
1191,9/26/2017,0.487,Pasadena,2023
1192,10/20/2017,0.474,Pasadena,2023
1193,11/16/2017,0.473,Pasadena,2023
1194,12/28/2017,0.465,Pasadena,2023
1195,1/31/2018,0.464,Pasadena,2023
1196,2/28/2018,0.464,Pasadena,2023
1197,3/22/2018,0.468,Pasadena,2023
1198,4/18/2018,0.468,Pasadena,2023
1199,5/21/2018,0.471,Pasadena,2023
1200,6/21/2018,0.468,Pasadena,2023
1201,7/18/2018,0.465,Pasadena,2023
1202,8/30/2018,0.465,Pasadena,2023
1203,9/20/2018,0.463,Pasadena,2023
1204,10/18/2018,0.462,Pasadena,2023
1205,11/19/2018,0.46,Pasadena,2023
1206,12/13/2018,0.459,Pasadena,2023
1207,1/29/2019,0.455,Pasadena,2023
1208,2/27/2019,0.454,Pasadena,2023
1209,3/20/2019,0.457,Pasadena,2023
1210,4/17/2019,0.458,Pasadena,2023
1211,5/24/2019,0.458,Pasadena,2023
1212,6/24/2019,0.459,Pasadena,2023
1213,7/23/2019,0.462,Pasadena,2023
1214,8/22/2019,0.465,Pasadena,2023
1215,10/1/2019,0.466,Pasadena,2023
1216,10/29/2019,0.464,Pasadena,2023
1217,11/26/2019,0.462,Pasadena,2023
1218,12/27/2019,0.463,Pasadena,2023
1219,1/29/2020,0.459,Pasadena,2023
1220,3/3/2020,0.462,Pasadena,2023
1221,4/6/2020,0.462,Pasadena,2023
1222,5/1/2020,0.463,Pasadena,2023
1223,5/28/2020,0.463,Pasadena,2023
1224,6/23/2020,0.464,Pasadena,2023
1225,7/22/2020,0.464,Pasadena,2023
1226,8/20/2020,0.464,Pasadena,2023
1227,9/24/2020,0.463,Pasadena,2023
1228,10/27/2020,0.466,Pasadena,2023
1229,11/23/2020,0.467,Pasadena,2023
1230,12/30/2020,0.464,Pasadena,2023
1231,1/28/2021,0.459,Pasadena,2023
1232,2/25/2021,0.458,Pasadena,2023
1233,4/1/2021,0.458,Pasadena,2023
1234,5/6/2021,0.459,Pasadena,2023
1235,6/1/2021,0.458,Pasadena,2023
1236,6/30/2021,0.458,Pasadena,2023
1237,7/23/2021,0.459,Pasadena,2023
1238,9/1/2021,0.459,Pasadena,2023
1239,9/21/2021,0.461,Pasadena,2023
1240,10/28/2021,0.459,Pasadena,2023
1241,11/18/2021,0.46,Pasadena,2023
1242,12/27/2021,0.458,Pasadena,2023
1243,1/26/2022,0.455,Pasadena,2023
1244,2/23/2022,0.454,Pasadena,2023
1245,3/30/2022,0.455,Pasadena,2023
1246,4/26/2022,0.456,Pasadena,2023
1247,6/1/2022,0.458,Pasadena,2023
1248,6/28/2022,0.471,Pasadena,2023
1249,7/28/2022,0.482,Pasadena,2023
1250,8/30/2022,0.482,Pasadena,2023
1251,9/27/2022,0.479,Pasadena,2023
1252,11/2/2022,0.476,Pasadena,2023
1253,12/1/2022,0.465,Pasadena,2023
1254,12/28/2022,0.468,Pasadena,2023
1255,1/25/2023,0.466,Pasadena,2023
1256,2/28/2023,0.47,Pasadena,2023
1257,3/28/2023,0.47,Pasadena,2023
1258,4/27/2023,0.468,Pasadena,2023
1259,6/5/2023,0.469,Pasadena,2023
1260,6/29/2023,0.471,Pasadena,2023
1261,7/28/2023,0.478,Pasadena,2023
1262,9/5/2023,0.5,Pasadena,2023
1263,9/27/2023,0.503,Pasadena,2023
1264,10/31/2023,0.5,Pasadena,2023
1265,12/4/2023,0.483,Pasadena,2023
1266,12/27/2023,0.474,Pasadena,2023
1267,5/26/1976,0.0,ClearLakeShallow,2023
1268,6/21/1976,0.001,ClearLakeShallow,2023
1269,7/20/1976,0.007,ClearLakeShallow,2023
1270,8/16/1976,0.019,ClearLakeShallow,2023
1271,9/16/1976,0.031,ClearLakeShallow,2023
1272,10/12/1976,0.042,ClearLakeShallow,2023
1273,11/9/1976,0.051,ClearLakeShallow,2023
1274,12/7/1976,0.06,ClearLakeShallow,2023
1275,1/4/1977,0.069,ClearLakeShallow,2023
1276,2/1/1977,0.079,ClearLakeShallow,2023
1277,3/1/1977,0.087,ClearLakeShallow,2023
1278,3/29/1977,0.096,ClearLakeShallow,2023
1279,4/26/1977,0.1,ClearLakeShallow,2023
1280,5/24/1977,0.106,ClearLakeShallow,2023
1281,6/21/1977,0.115,ClearLakeShallow,2023
1282,7/19/1977,0.126,ClearLakeShallow,2023
1283,8/16/1977,0.131,ClearLakeShallow,2023
1284,9/13/1977,0.136,ClearLakeShallow,2023
1285,10/11/1977,0.142,ClearLakeShallow,2023
1286,11/7/1977,0.147,ClearLakeShallow,2023
1287,12/6/1977,0.15,ClearLakeShallow,2023
1288,1/3/1978,0.157,ClearLakeShallow,2023
1289,2/2/1978,0.16,ClearLakeShallow,2023
1290,2/28/1978,0.164,ClearLakeShallow,2023
1291,3/28/1978,0.169,ClearLakeShallow,2023
1292,4/25/1978,0.173,ClearLakeShallow,2023
1293,5/23/1978,0.183,ClearLakeShallow,2023
1294,6/20/1978,0.189,ClearLakeShallow,2023
1295,7/19/1978,0.199,ClearLakeShallow,2023
1296,8/15/1978,0.204,ClearLakeShallow,2023
1297,9/13/1978,0.21,ClearLakeShallow,2023
1298,10/10/1978,0.214,ClearLakeShallow,2023
1299,11/7/1978,0.202,ClearLakeShallow,2023
1300,12/5/1978,0.184,ClearLakeShallow,2023
1301,1/3/1979,0.169,ClearLakeShallow,2023
1302,1/31/1979,0.155,ClearLakeShallow,2023
1303,2/27/1979,0.152,ClearLakeShallow,2023
1304,3/28/1979,0.152,ClearLakeShallow,2023
1305,4/23/1979,0.155,ClearLakeShallow,2023
1306,5/22/1979,0.16,ClearLakeShallow,2023
1307,6/19/1979,0.166,ClearLakeShallow,2023
1308,7/17/1979,0.172,ClearLakeShallow,2023
1309,8/14/1979,0.177,ClearLakeShallow,2023
1310,9/11/1979,0.181,ClearLakeShallow,2023
1311,10/9/1979,0.185,ClearLakeShallow,2023
1312,11/8/1979,0.192,ClearLakeShallow,2023
1313,12/5/1979,0.198,ClearLakeShallow,2023
1314,1/2/1980,0.205,ClearLakeShallow,2023
1315,2/5/1980,0.209,ClearLakeShallow,2023
1316,3/4/1980,0.213,ClearLakeShallow,2023
1317,4/1/1980,0.218,ClearLakeShallow,2023
1318,4/29/1980,0.223,ClearLakeShallow,2023
1319,5/27/1980,0.227,ClearLakeShallow,2023
1320,6/24/1980,0.238,ClearLakeShallow,2023
1321,7/22/1980,0.249,ClearLakeShallow,2023
1322,8/19/1980,0.255,ClearLakeShallow,2023
1323,9/15/1980,0.263,ClearLakeShallow,2023
1324,10/15/1980,0.268,ClearLakeShallow,2023
1325,11/10/1980,0.274,ClearLakeShallow,2023
1326,12/9/1980,0.277,ClearLakeShallow,2023
1327,1/6/1981,0.28,ClearLakeShallow,2023
1328,2/3/1981,0.283,ClearLakeShallow,2023
1329,3/4/1981,0.286,ClearLakeShallow,2023
1330,3/31/1981,0.29,ClearLakeShallow,2023
1331,4/27/1981,0.295,ClearLakeShallow,2023
1332,5/26/1981,0.298,ClearLakeShallow,2023
1333,6/23/1981,0.302,ClearLakeShallow,2023
1334,7/21/1981,0.307,ClearLakeShallow,2023
1335,8/18/1981,0.313,ClearLakeShallow,2023
1336,9/15/1981,0.316,ClearLakeShallow,2023
1337,10/13/1981,0.32,ClearLakeShallow,2023
1338,11/10/1981,0.322,ClearLakeShallow,2023
1339,12/8/1981,0.324,ClearLakeShallow,2023
1340,1/6/1982,0.324,ClearLakeShallow,2023
1341,2/3/1982,0.325,ClearLakeShallow,2023
1342,3/2/1982,0.325,ClearLakeShallow,2023
1343,3/30/1982,0.328,ClearLakeShallow,2023
1344,4/27/1982,0.33,ClearLakeShallow,2023
1345,5/25/1982,0.332,ClearLakeShallow,2023
1346,6/22/1982,0.339,ClearLakeShallow,2023
1347,7/20/1982,0.345,ClearLakeShallow,2023
1348,8/17/1982,0.35,ClearLakeShallow,2023
1349,9/14/1982,0.357,ClearLakeShallow,2023
1350,10/12/1982,0.361,ClearLakeShallow,2023
1351,11/9/1982,0.366,ClearLakeShallow,2023
1352,12/7/1982,0.366,ClearLakeShallow,2023
1353,1/4/1983,0.366,ClearLakeShallow,2023
1354,2/1/1983,0.366,ClearLakeShallow,2023
1355,3/2/1983,0.37,ClearLakeShallow,2023
1356,3/29/1983,0.371,ClearLakeShallow,2023
1357,4/26/1983,0.375,ClearLakeShallow,2023
1358,5/25/1983,0.377,ClearLakeShallow,2023
1359,6/21/1983,0.381,ClearLakeShallow,2023
1360,7/19/1983,0.385,ClearLakeShallow,2023
1361,8/16/1983,0.386,ClearLakeShallow,2023
1362,9/13/1983,0.388,ClearLakeShallow,2023
1363,10/11/1983,0.389,ClearLakeShallow,2023
1364,11/8/1983,0.392,ClearLakeShallow,2023
1365,12/6/1983,0.392,ClearLakeShallow,2023
1366,1/4/1984,0.398,ClearLakeShallow,2023
1367,1/31/1984,0.398,ClearLakeShallow,2023
1368,2/28/1984,0.399,ClearLakeShallow,2023
1369,3/26/1984,0.401,ClearLakeShallow,2023
1370,4/23/1984,0.406,ClearLakeShallow,2023
1371,5/22/1984,0.414,ClearLakeShallow,2023
1372,6/19/1984,0.417,ClearLakeShallow,2023
1373,7/17/1984,0.42,ClearLakeShallow,2023
1374,8/14/1984,0.424,ClearLakeShallow,2023
1375,9/11/1984,0.429,ClearLakeShallow,2023
1376,10/9/1984,0.431,ClearLakeShallow,2023
1377,11/6/1984,0.432,ClearLakeShallow,2023
1378,12/5/1984,0.434,ClearLakeShallow,2023
1379,1/2/1985,0.435,ClearLakeShallow,2023
1380,1/30/1985,0.438,ClearLakeShallow,2023
1381,2/26/1985,0.439,ClearLakeShallow,2023
1382,3/27/1985,0.441,ClearLakeShallow,2023
1383,4/23/1985,0.444,ClearLakeShallow,2023
1384,5/21/1985,0.448,ClearLakeShallow,2023
1385,6/18/1985,0.454,ClearLakeShallow,2023
1386,7/16/1985,0.457,ClearLakeShallow,2023
1387,8/13/1985,0.464,ClearLakeShallow,2023
1388,9/10/1985,0.469,ClearLakeShallow,2023
1389,10/8/1985,0.471,ClearLakeShallow,2023
1390,11/5/1985,0.471,ClearLakeShallow,2023
1391,12/3/1985,0.471,ClearLakeShallow,2023
1392,12/19/1985,0.472,ClearLakeShallow,2023
1393,1/16/1986,0.474,ClearLakeShallow,2023
1394,2/13/1986,0.475,ClearLakeShallow,2023
1395,3/13/1986,0.478,ClearLakeShallow,2023
1396,4/11/1986,0.482,ClearLakeShallow,2023
1397,5/8/1986,0.485,ClearLakeShallow,2023
1398,6/5/1986,0.486,ClearLakeShallow,2023
1399,7/3/1986,0.487,ClearLakeShallow,2023
1400,7/8/1986,0.489,ClearLakeShallow,2023
1401,7/31/1986,0.497,ClearLakeShallow,2023
1402,8/29/1986,0.502,ClearLakeShallow,2023
1403,9/25/1986,0.502,ClearLakeShallow,2023
1404,10/23/1986,0.503,ClearLakeShallow,2023
1405,11/19/1986,0.503,ClearLakeShallow,2023
1406,12/17/1986,0.503,ClearLakeShallow,2023
1407,1/15/1987,0.503,ClearLakeShallow,2023
1408,2/11/1987,0.504,ClearLakeShallow,2023
1409,3/6/1987,0.504,ClearLakeShallow,2023
1410,4/2/1987,0.506,ClearLakeShallow,2023
1411,4/30/1987,0.514,ClearLakeShallow,2023
1412,5/28/1987,0.514,ClearLakeShallow,2023
1413,6/26/1987,0.515,ClearLakeShallow,2023
1414,7/23/1987,0.519,ClearLakeShallow,2023
1415,8/20/1987,0.525,ClearLakeShallow,2023
1416,9/17/1987,0.528,ClearLakeShallow,2023
1417,10/15/1987,0.53,ClearLakeShallow,2023
1418,11/12/1987,0.533,ClearLakeShallow,2023
1419,12/9/1987,0.533,ClearLakeShallow,2023
1420,1/7/1988,0.533,ClearLakeShallow,2023
1421,2/4/1988,0.534,ClearLakeShallow,2023
1422,3/3/1988,0.535,ClearLakeShallow,2023
1423,3/31/1988,0.535,ClearLakeShallow,2023
1424,4/28/1988,0.538,ClearLakeShallow,2023
1425,5/26/1988,0.541,ClearLakeShallow,2023
1426,6/23/1988,0.546,ClearLakeShallow,2023
1427,7/21/1988,0.549,ClearLakeShallow,2023
1428,8/18/1988,0.552,ClearLakeShallow,2023
1429,9/14/1988,0.554,ClearLakeShallow,2023
1430,10/13/1988,0.556,ClearLakeShallow,2023
1431,11/9/1988,0.558,ClearLakeShallow,2023
1432,12/8/1988,0.562,ClearLakeShallow,2023
1433,1/5/1989,0.562,ClearLakeShallow,2023
1434,2/2/1989,0.562,ClearLakeShallow,2023
1435,3/2/1989,0.562,ClearLakeShallow,2023
1436,3/29/1989,0.563,ClearLakeShallow,2023
1437,4/27/1989,0.565,ClearLakeShallow,2023
1438,5/23/1989,0.567,ClearLakeShallow,2023
1439,6/22/1989,0.571,ClearLakeShallow,2023
1440,7/20/1989,0.571,ClearLakeShallow,2023
1441,8/17/1989,0.573,ClearLakeShallow,2023
1442,9/14/1989,0.576,ClearLakeShallow,2023
1443,10/12/1989,0.581,ClearLakeShallow,2023
1444,11/8/1989,0.583,ClearLakeShallow,2023
1445,12/7/1989,0.583,ClearLakeShallow,2023
1446,1/4/1990,0.585,ClearLakeShallow,2023
1447,2/1/1990,0.585,ClearLakeShallow,2023
1448,3/1/1990,0.585,ClearLakeShallow,2023
1449,3/29/1990,0.586,ClearLakeShallow,2023
1450,4/26/1990,0.587,ClearLakeShallow,2023
1451,5/24/1990,0.588,ClearLakeShallow,2023
1452,6/21/1990,0.596,ClearLakeShallow,2023
1453,7/19/1990,0.601,ClearLakeShallow,2023
1454,8/16/1990,0.602,ClearLakeShallow,2023
1455,9/13/1990,0.604,ClearLakeShallow,2023
1456,10/11/1990,0.605,ClearLakeShallow,2023
1457,11/7/1990,0.606,ClearLakeShallow,2023
1458,12/7/1990,0.605,ClearLakeShallow,2023
1459,1/3/1991,0.604,ClearLakeShallow,2023
1460,1/31/1991,0.603,ClearLakeShallow,2023
1461,2/28/1991,0.603,ClearLakeShallow,2023
1462,3/28/1991,0.603,ClearLakeShallow,2023
1463,4/25/1991,0.602,ClearLakeShallow,2023
1464,5/24/1991,0.601,ClearLakeShallow,2023
1465,6/24/1991,0.603,ClearLakeShallow,2023
1466,7/18/1991,0.604,ClearLakeShallow,2023
1467,8/15/1991,0.606,ClearLakeShallow,2023
1468,9/12/1991,0.606,ClearLakeShallow,2023
1469,10/10/1991,0.607,ClearLakeShallow,2023
1470,11/7/1991,0.607,ClearLakeShallow,2023
1471,12/5/1991,0.607,ClearLakeShallow,2023
1472,1/2/1992,0.606,ClearLakeShallow,2023
1473,1/30/1992,0.605,ClearLakeShallow,2023
1474,2/28/1992,0.604,ClearLakeShallow,2023
1475,3/25/1992,0.604,ClearLakeShallow,2023
1476,4/23/1992,0.603,ClearLakeShallow,2023
1477,5/21/1992,0.603,ClearLakeShallow,2023
1478,6/17/1992,0.603,ClearLakeShallow,2023
1479,7/16/1992,0.604,ClearLakeShallow,2023
1480,8/13/1992,0.605,ClearLakeShallow,2023
1481,9/9/1992,0.609,ClearLakeShallow,2023
1482,10/8/1992,0.612,ClearLakeShallow,2023
1483,11/5/1992,0.612,ClearLakeShallow,2023
1484,12/2/1992,0.612,ClearLakeShallow,2023
1485,12/30/1992,0.613,ClearLakeShallow,2023
1486,1/28/1993,0.612,ClearLakeShallow,2023
1487,2/24/1993,0.611,ClearLakeShallow,2023
1488,3/26/1993,0.61,ClearLakeShallow,2023
1489,4/22/1993,0.61,ClearLakeShallow,2023
1490,5/19/1993,0.611,ClearLakeShallow,2023
1491,6/17/1993,0.611,ClearLakeShallow,2023
1492,7/14/1993,0.611,ClearLakeShallow,2023
1493,8/13/1993,0.616,ClearLakeShallow,2023
1494,9/10/1993,0.619,ClearLakeShallow,2023
1495,10/8/1993,0.619,ClearLakeShallow,2023
1496,11/4/1993,0.618,ClearLakeShallow,2023
1497,12/2/1993,0.617,ClearLakeShallow,2023
1498,12/30/1993,0.617,ClearLakeShallow,2023
1499,1/27/1994,0.617,ClearLakeShallow,2023
1500,2/24/1994,0.617,ClearLakeShallow,2023
1501,3/25/1994,0.618,ClearLakeShallow,2023
1502,4/20/1994,0.618,ClearLakeShallow,2023
1503,5/19/1994,0.618,ClearLakeShallow,2023
1504,6/16/1994,0.619,ClearLakeShallow,2023
1505,7/15/1994,0.62,ClearLakeShallow,2023
1506,8/11/1994,0.623,ClearLakeShallow,2023
1507,9/8/1994,0.623,ClearLakeShallow,2023
1508,10/6/1994,0.624,ClearLakeShallow,2023
1509,11/3/1994,0.624,ClearLakeShallow,2023
1510,12/2/1994,0.624,ClearLakeShallow,2023
1511,12/29/1994,0.623,ClearLakeShallow,2023
1512,1/26/1995,0.623,ClearLakeShallow,2023
1513,2/23/1995,0.623,ClearLakeShallow,2023
1514,3/23/1995,0.623,ClearLakeShallow,2023
1515,4/20/1995,0.623,ClearLakeShallow,2023
1516,5/17/1995,0.624,ClearLakeShallow,2023
1517,6/15/1995,0.624,ClearLakeShallow,2023
1518,7/14/1995,0.626,ClearLakeShallow,2023
1519,8/10/1995,0.63,ClearLakeShallow,2023
1520,9/7/1995,0.631,ClearLakeShallow,2023
1521,10/5/1995,0.631,ClearLakeShallow,2023
1522,11/2/1995,0.633,ClearLakeShallow,2023
1523,12/1/1995,0.633,ClearLakeShallow,2023
1524,1/4/1996,0.633,ClearLakeShallow,2023
1525,1/25/1996,0.633,ClearLakeShallow,2023
1526,2/22/1996,0.633,ClearLakeShallow,2023
1527,3/21/1996,0.633,ClearLakeShallow,2023
1528,4/19/1996,0.634,ClearLakeShallow,2023
1529,5/17/1996,0.634,ClearLakeShallow,2023
1530,6/13/1996,0.635,ClearLakeShallow,2023
1531,7/12/1996,0.638,ClearLakeShallow,2023
1532,8/9/1996,0.641,ClearLakeShallow,2023
1533,9/7/1996,0.64,ClearLakeShallow,2023
1534,10/3/1996,0.64,ClearLakeShallow,2023
1535,10/29/1996,0.64,ClearLakeShallow,2023
1536,11/29/1996,0.64,ClearLakeShallow,2023
1537,12/27/1996,0.64,ClearLakeShallow,2023
1538,1/24/1997,0.639,ClearLakeShallow,2023
1539,2/21/1997,0.639,ClearLakeShallow,2023
1540,3/19/1997,0.639,ClearLakeShallow,2023
1541,4/16/1997,0.639,ClearLakeShallow,2023
1542,5/15/1997,0.639,ClearLakeShallow,2023
1543,6/13/1997,0.639,ClearLakeShallow,2023
1544,7/11/1997,0.64,ClearLakeShallow,2023
1545,8/7/1997,0.644,ClearLakeShallow,2023
1546,9/2/1997,0.648,ClearLakeShallow,2023
1547,10/3/1997,0.65,ClearLakeShallow,2023
1548,10/30/1997,0.65,ClearLakeShallow,2023
1549,11/26/1997,0.649,ClearLakeShallow,2023
1550,12/24/1997,0.648,ClearLakeShallow,2023
1551,1/21/1998,0.648,ClearLakeShallow,2023
1552,2/19/1998,0.648,ClearLakeShallow,2023
1553,3/19/1998,0.647,ClearLakeShallow,2023
1554,4/16/1998,0.647,ClearLakeShallow,2023
1555,5/14/1998,0.648,ClearLakeShallow,2023
1556,6/11/1998,0.651,ClearLakeShallow,2023
1557,7/8/1998,0.652,ClearLakeShallow,2023
1558,8/7/1998,0.655,ClearLakeShallow,2023
1559,9/3/1998,0.655,ClearLakeShallow,2023
1560,10/1/1998,0.655,ClearLakeShallow,2023
1561,10/30/1998,0.655,ClearLakeShallow,2023
1562,11/27/1998,0.655,ClearLakeShallow,2023
1563,12/18/1998,0.655,ClearLakeShallow,2023
1564,1/15/1999,0.655,ClearLakeShallow,2023
1565,2/12/1999,0.655,ClearLakeShallow,2023
1566,3/15/1999,0.655,ClearLakeShallow,2023
1567,4/9/1999,0.655,ClearLakeShallow,2023
1568,5/4/1999,0.655,ClearLakeShallow,2023
1569,6/4/1999,0.655,ClearLakeShallow,2023
1570,7/29/1999,0.66,ClearLakeShallow,2023
1571,8/24/1999,0.662,ClearLakeShallow,2023
1572,9/23/1999,0.669,ClearLakeShallow,2023
1573,10/20/1999,0.668,ClearLakeShallow,2023
1574,11/19/1999,0.668,ClearLakeShallow,2023
1575,12/17/1999,0.667,ClearLakeShallow,2023
1576,1/13/2000,0.667,ClearLakeShallow,2023
1577,2/8/2000,0.667,ClearLakeShallow,2023
1578,3/7/2000,0.667,ClearLakeShallow,2023
1579,4/5/2000,0.669,ClearLakeShallow,2023
1580,5/3/2000,0.67,ClearLakeShallow,2023
1581,6/1/2000,0.67,ClearLakeShallow,2023
1582,6/29/2000,0.671,ClearLakeShallow,2023
1583,7/26/2000,0.678,ClearLakeShallow,2023
1584,8/25/2000,0.683,ClearLakeShallow,2023
1585,9/21/2000,0.686,ClearLakeShallow,2023
1586,10/19/2000,0.686,ClearLakeShallow,2023
1587,11/16/2000,0.685,ClearLakeShallow,2023
1588,12/14/2000,0.684,ClearLakeShallow,2023
1589,1/11/2001,0.683,ClearLakeShallow,2023
1590,2/8/2001,0.682,ClearLakeShallow,2023
1591,3/8/2001,0.681,ClearLakeShallow,2023
1592,4/5/2001,0.68,ClearLakeShallow,2023
1593,5/4/2001,0.68,ClearLakeShallow,2023
1594,5/30/2001,0.682,ClearLakeShallow,2023
1595,6/27/2001,0.682,ClearLakeShallow,2023
1596,7/26/2001,0.683,ClearLakeShallow,2023
1597,8/23/2001,0.686,ClearLakeShallow,2023
1598,9/20/2001,0.686,ClearLakeShallow,2023
1599,10/18/2001,0.685,ClearLakeShallow,2023
1600,11/15/2001,0.684,ClearLakeShallow,2023
1601,12/12/2001,0.683,ClearLakeShallow,2023
1602,1/10/2002,0.682,ClearLakeShallow,2023
1603,2/7/2002,0.681,ClearLakeShallow,2023
1604,3/7/2002,0.681,ClearLakeShallow,2023
1605,4/3/2002,0.68,ClearLakeShallow,2023
1606,5/2/2002,0.68,ClearLakeShallow,2023
1607,5/29/2002,0.681,ClearLakeShallow,2023
1608,6/26/2002,0.681,ClearLakeShallow,2023
1609,7/26/2002,0.681,ClearLakeShallow,2023
1610,8/21/2002,0.681,ClearLakeShallow,2023
1611,9/20/2002,0.681,ClearLakeShallow,2023
1612,10/17/2002,0.681,ClearLakeShallow,2023
1613,11/15/2002,0.678,ClearLakeShallow,2023
1614,12/13/2002,0.677,ClearLakeShallow,2023
1615,1/9/2003,0.677,ClearLakeShallow,2023
1616,2/5/2003,0.676,ClearLakeShallow,2023
1617,3/5/2003,0.675,ClearLakeShallow,2023
1618,4/3/2003,0.675,ClearLakeShallow,2023
1619,5/1/2003,0.675,ClearLakeShallow,2023
1620,5/29/2003,0.676,ClearLakeShallow,2023
1621,6/26/2003,0.676,ClearLakeShallow,2023
1622,7/23/2003,0.676,ClearLakeShallow,2023
1623,8/20/2003,0.676,ClearLakeShallow,2023
1624,9/18/2003,0.677,ClearLakeShallow,2023
1625,10/16/2003,0.677,ClearLakeShallow,2023
1626,11/12/2003,0.677,ClearLakeShallow,2023
1627,12/12/2003,0.677,ClearLakeShallow,2023
1628,1/9/2004,0.677,ClearLakeShallow,2023
1629,2/6/2004,0.677,ClearLakeShallow,2023
1630,3/5/2004,0.676,ClearLakeShallow,2023
1631,3/31/2004,0.676,ClearLakeShallow,2023
1632,4/30/2004,0.676,ClearLakeShallow,2023
1633,5/28/2004,0.676,ClearLakeShallow,2023
1634,6/25/2004,0.675,ClearLakeShallow,2023
1635,7/22/2004,0.675,ClearLakeShallow,2023
1636,8/18/2004,0.676,ClearLakeShallow,2023
1637,9/14/2004,0.676,ClearLakeShallow,2023
1638,10/14/2004,0.676,ClearLakeShallow,2023
1639,11/10/2004,0.676,ClearLakeShallow,2023
1640,12/8/2004,0.675,ClearLakeShallow,2023
1641,1/5/2005,0.674,ClearLakeShallow,2023
1642,1/31/2005,0.675,ClearLakeShallow,2023
1643,3/3/2005,0.674,ClearLakeShallow,2023
1644,3/29/2005,0.673,ClearLakeShallow,2023
1645,4/28/2005,0.673,ClearLakeShallow,2023
1646,5/31/2005,0.673,ClearLakeShallow,2023
1647,6/23/2005,0.673,ClearLakeShallow,2023
1648,7/22/2005,0.673,ClearLakeShallow,2023
1649,8/19/2005,0.673,ClearLakeShallow,2023
1650,9/21/2005,0.673,ClearLakeShallow,2023
1651,10/20/2005,0.673,ClearLakeShallow,2023
1652,11/16/2005,0.673,ClearLakeShallow,2023
1653,12/14/2005,0.673,ClearLakeShallow,2023
1654,1/9/2006,0.673,ClearLakeShallow,2023
1655,2/8/2006,0.673,ClearLakeShallow,2023
1656,3/7/2006,0.673,ClearLakeShallow,2023
1657,4/5/2006,0.673,ClearLakeShallow,2023
1658,5/3/2006,0.674,ClearLakeShallow,2023
1659,6/1/2006,0.674,ClearLakeShallow,2023
1660,6/28/2006,0.674,ClearLakeShallow,2023
1661,7/27/2006,0.674,ClearLakeShallow,2023
1662,8/28/2006,0.674,ClearLakeShallow,2023
1663,9/29/2006,0.674,ClearLakeShallow,2023
1664,10/23/2006,0.674,ClearLakeShallow,2023
1665,11/14/2006,0.674,ClearLakeShallow,2023
1666,12/12/2006,0.674,ClearLakeShallow,2023
1667,1/12/2007,0.673,ClearLakeShallow,2023
1668,2/7/2007,0.672,ClearLakeShallow,2023
1669,3/12/2007,0.672,ClearLakeShallow,2023
1670,4/3/2007,0.672,ClearLakeShallow,2023
1671,5/3/2007,0.672,ClearLakeShallow,2023
1672,6/4/2007,0.673,ClearLakeShallow,2023
1673,6/26/2007,0.673,ClearLakeShallow,2023
1674,7/26/2007,0.673,ClearLakeShallow,2023
1675,8/28/2007,0.673,ClearLakeShallow,2023
1676,9/20/2007,0.673,ClearLakeShallow,2023
1677,10/24/2007,0.672,ClearLakeShallow,2023
1678,11/15/2007,0.673,ClearLakeShallow,2023
1679,1/9/2008,0.673,ClearLakeShallow,2023
1680,2/13/2008,0.674,ClearLakeShallow,2023
1681,3/11/2008,0.674,ClearLakeShallow,2023
1682,4/16/2008,0.674,ClearLakeShallow,2023
1683,5/7/2008,0.674,ClearLakeShallow,2023
1684,6/11/2008,0.674,ClearLakeShallow,2023
1685,7/15/2008,0.674,ClearLakeShallow,2023
1686,8/20/2008,0.674,ClearLakeShallow,2023
1687,10/1/2008,0.674,ClearLakeShallow,2023
1688,10/30/2008,0.674,ClearLakeShallow,2023
1689,11/25/2008,0.674,ClearLakeShallow,2023
1690,12/19/2008,0.674,ClearLakeShallow,2023
1691,1/28/2009,0.674,ClearLakeShallow,2023
1692,3/3/2009,0.674,ClearLakeShallow,2023
1693,4/2/2009,0.674,ClearLakeShallow,2023
1694,5/1/2009,0.674,ClearLakeShallow,2023
1695,5/29/2009,0.674,ClearLakeShallow,2023
1696,6/26/2009,0.674,ClearLakeShallow,2023
1697,7/21/2009,0.674,ClearLakeShallow,2023
1698,8/20/2009,0.675,ClearLakeShallow,2023
1699,9/17/2009,0.676,ClearLakeShallow,2023
1700,10/16/2009,0.676,ClearLakeShallow,2023
1701,11/9/2009,0.676,ClearLakeShallow,2023
1702,12/8/2009,0.675,ClearLakeShallow,2023
1703,1/6/2010,0.675,ClearLakeShallow,2023
1704,2/10/2010,0.675,ClearLakeShallow,2023
1705,3/12/2010,0.675,ClearLakeShallow,2023
1706,3/31/2010,0.675,ClearLakeShallow,2023
1707,5/4/2010,0.675,ClearLakeShallow,2023
1708,6/7/2010,0.676,ClearLakeShallow,2023
1709,6/29/2010,0.676,ClearLakeShallow,2023
1710,7/27/2010,0.676,ClearLakeShallow,2023
1711,8/25/2010,0.677,ClearLakeShallow,2023
1712,9/22/2010,0.677,ClearLakeShallow,2023
1713,10/20/2010,0.678,ClearLakeShallow,2023
1714,11/18/2010,0.678,ClearLakeShallow,2023
1715,12/13/2010,0.678,ClearLakeShallow,2023
1716,1/3/2011,0.678,ClearLakeShallow,2023
1717,1/31/2011,0.678,ClearLakeShallow,2023
1718,3/2/2011,0.678,ClearLakeShallow,2023
1719,3/29/2011,0.679,ClearLakeShallow,2023
1720,5/10/2011,0.679,ClearLakeShallow,2023
1721,6/8/2011,0.683,ClearLakeShallow,2023
1722,7/6/2011,0.687,ClearLakeShallow,2023
1723,8/2/2011,0.689,ClearLakeShallow,2023
1724,9/8/2011,0.694,ClearLakeShallow,2023
1725,10/6/2011,0.696,ClearLakeShallow,2023
1726,11/1/2011,0.696,ClearLakeShallow,2023
1727,11/30/2011,0.697,ClearLakeShallow,2023
1728,12/29/2011,0.696,ClearLakeShallow,2023
1729,1/27/2012,0.696,ClearLakeShallow,2023
1730,2/23/2012,0.696,ClearLakeShallow,2023
1731,3/22/2012,0.696,ClearLakeShallow,2023
1732,4/18/2012,0.696,ClearLakeShallow,2023
1733,5/17/2012,0.696,ClearLakeShallow,2023
1734,6/13/2012,0.697,ClearLakeShallow,2023
1735,7/6/2012,0.698,ClearLakeShallow,2023
1736,8/7/2012,0.698,ClearLakeShallow,2023
1737,9/5/2012,0.699,ClearLakeShallow,2023
1738,10/15/2012,0.7,ClearLakeShallow,2023
1739,11/8/2012,0.7,ClearLakeShallow,2023
1740,12/4/2012,0.7,ClearLakeShallow,2023
1741,1/4/2013,0.7,ClearLakeShallow,2023
1742,2/21/2013,0.699,ClearLakeShallow,2023
1743,3/25/2013,0.698,ClearLakeShallow,2023
1744,4/30/2013,0.697,ClearLakeShallow,2023
1745,5/30/2013,0.697,ClearLakeShallow,2023
1746,6/24/2013,0.698,ClearLakeShallow,2023
1747,7/24/2013,0.699,ClearLakeShallow,2023
1748,8/23/2013,0.7,ClearLakeShallow,2023
1749,9/27/2013,0.699,ClearLakeShallow,2023
1750,10/22/2013,0.699,ClearLakeShallow,2023
1751,11/19/2013,0.698,ClearLakeShallow,2023
1752,12/16/2013,0.698,ClearLakeShallow,2023
1753,1/22/2014,0.698,ClearLakeShallow,2023
1754,2/27/2014,0.697,ClearLakeShallow,2023
1755,4/2/2014,0.696,ClearLakeShallow,2023
1756,5/12/2014,0.696,ClearLakeShallow,2023
1757,6/9/2014,0.696,ClearLakeShallow,2023
1758,7/10/2014,0.698,ClearLakeShallow,2023
1759,8/12/2014,0.699,ClearLakeShallow,2023
1760,9/2/2014,0.699,ClearLakeShallow,2023
1761,10/8/2014,0.697,ClearLakeShallow,2023
1762,11/12/2014,0.697,ClearLakeShallow,2023
1763,12/11/2014,0.697,ClearLakeShallow,2023
1764,1/8/2015,0.697,ClearLakeShallow,2023
1765,2/20/2015,0.696,ClearLakeShallow,2023
1766,3/30/2015,0.695,ClearLakeShallow,2023
1767,4/29/2015,0.694,ClearLakeShallow,2023
1768,5/19/2015,0.694,ClearLakeShallow,2023
1769,6/22/2015,0.693,ClearLakeShallow,2023
1770,7/27/2015,0.695,ClearLakeShallow,2023
1771,9/8/2015,0.697,ClearLakeShallow,2023
1772,9/29/2015,0.697,ClearLakeShallow,2023
1773,10/28/2015,0.697,ClearLakeShallow,2023
1774,11/23/2015,0.696,ClearLakeShallow,2023
1775,12/21/2015,0.695,ClearLakeShallow,2023
1776,1/19/2016,0.693,ClearLakeShallow,2023
1777,2/29/2016,0.692,ClearLakeShallow,2023
1778,3/30/2016,0.691,ClearLakeShallow,2023
1779,5/2/2016,0.69,ClearLakeShallow,2023
1780,5/31/2016,0.689,ClearLakeShallow,2023
1781,6/30/2016,0.689,ClearLakeShallow,2023
1782,7/29/2016,0.69,ClearLakeShallow,2023
1783,8/25/2016,0.691,ClearLakeShallow,2023
1784,9/26/2016,0.686,ClearLakeShallow,2023
1785,10/20/2016,0.686,ClearLakeShallow,2023
1786,11/28/2016,0.683,ClearLakeShallow,2023
1787,12/21/2016,0.68,ClearLakeShallow,2023
1788,1/30/2017,0.676,ClearLakeShallow,2023
1789,2/28/2017,0.675,ClearLakeShallow,2023
1790,3/23/2017,0.674,ClearLakeShallow,2023
1791,4/21/2017,0.672,ClearLakeShallow,2023
1792,5/30/2017,0.671,ClearLakeShallow,2023
1793,6/21/2017,0.671,ClearLakeShallow,2023
1794,7/26/2017,0.67,ClearLakeShallow,2023
1795,8/15/2017,0.669,ClearLakeShallow,2023
1796,9/22/2017,0.667,ClearLakeShallow,2023
1797,10/18/2017,0.668,ClearLakeShallow,2023
1798,11/16/2017,0.668,ClearLakeShallow,2023
1799,12/27/2017,0.667,ClearLakeShallow,2023
1800,1/31/2018,0.666,ClearLakeShallow,2023
1801,2/23/2018,0.666,ClearLakeShallow,2023
1802,3/20/2018,0.666,ClearLakeShallow,2023
1803,4/20/2018,0.666,ClearLakeShallow,2023
1804,5/21/2018,0.667,ClearLakeShallow,2023
1805,6/24/2018,0.667,ClearLakeShallow,2023
1806,7/18/2018,0.667,ClearLakeShallow,2023
1807,8/30/2018,0.666,ClearLakeShallow,2023
1808,9/20/2018,0.665,ClearLakeShallow,2023
1809,10/16/2018,0.665,ClearLakeShallow,2023
1810,11/20/2018,0.665,ClearLakeShallow,2023
1811,12/13/2018,0.664,ClearLakeShallow,2023
1812,1/29/2019,0.663,ClearLakeShallow,2023
1813,2/25/2019,0.663,ClearLakeShallow,2023
1814,3/20/2019,0.663,ClearLakeShallow,2023
1815,4/17/2019,0.663,ClearLakeShallow,2023
1816,5/22/2019,0.663,ClearLakeShallow,2023
1817,6/19/2019,0.665,ClearLakeShallow,2023
1818,7/24/2019,0.667,ClearLakeShallow,2023
1819,8/21/2019,0.672,ClearLakeShallow,2023
1820,10/2/2019,0.677,ClearLakeShallow,2023
1821,10/29/2019,0.678,ClearLakeShallow,2023
1822,11/25/2019,0.678,ClearLakeShallow,2023
1823,12/23/2019,0.678,ClearLakeShallow,2023
1824,1/28/2020,0.679,ClearLakeShallow,2023
1825,3/3/2020,0.679,ClearLakeShallow,2023
1826,4/7/2020,0.68,ClearLakeShallow,2023
1827,4/27/2020,0.68,ClearLakeShallow,2023
1828,5/28/2020,0.68,ClearLakeShallow,2023
1829,6/23/2020,0.681,ClearLakeShallow,2023
1830,7/21/2020,0.681,ClearLakeShallow,2023
1831,8/18/2020,0.682,ClearLakeShallow,2023
1832,9/24/2020,0.684,ClearLakeShallow,2023
1833,10/27/2020,0.685,ClearLakeShallow,2023
1834,11/16/2020,0.685,ClearLakeShallow,2023
1835,12/29/2020,0.685,ClearLakeShallow,2023
1836,2/1/2021,0.685,ClearLakeShallow,2023
1837,2/23/2021,0.685,ClearLakeShallow,2023
1838,3/31/2021,0.685,ClearLakeShallow,2023
1839,5/4/2021,0.685,ClearLakeShallow,2023
1840,6/1/2021,0.685,ClearLakeShallow,2023
1841,6/29/2021,0.685,ClearLakeShallow,2023
1842,7/22/2021,0.685,ClearLakeShallow,2023
1843,8/31/2021,0.686,ClearLakeShallow,2023
1844,9/21/2021,0.686,ClearLakeShallow,2023
1845,10/28/2021,0.686,ClearLakeShallow,2023
1846,11/18/2021,0.686,ClearLakeShallow,2023
1847,12/22/2021,0.686,ClearLakeShallow,2023
1848,1/26/2022,0.686,ClearLakeShallow,2023
1849,2/22/2022,0.686,ClearLakeShallow,2023
1850,3/30/2022,0.686,ClearLakeShallow,2023
1851,4/26/2022,0.686,ClearLakeShallow,2023
1852,6/1/2022,0.686,ClearLakeShallow,2023
1853,6/28/2022,0.687,ClearLakeShallow,2023
1854,7/27/2022,0.687,ClearLakeShallow,2023
1855,8/30/2022,0.687,ClearLakeShallow,2023
1856,9/27/2022,0.688,ClearLakeShallow,2023
1857,11/2/2022,0.689,ClearLakeShallow,2023
1858,11/29/2022,0.688,ClearLakeShallow,2023
1859,12/27/2022,0.688,ClearLakeShallow,2023
1860,1/25/2023,0.688,ClearLakeShallow,2023
1861,2/28/2023,0.688,ClearLakeShallow,2023
1862,3/28/2023,0.688,ClearLakeShallow,2023
1863,4/26/2023,0.688,ClearLakeShallow,2023
1864,6/1/2023,0.688,ClearLakeShallow,2023
1865,6/28/2023,0.688,ClearLakeShallow,2023
1866,7/31/2023,0.689,ClearLakeShallow,2023
1867,9/5/2023,0.691,ClearLakeShallow,2023
1868,9/27/2023,0.691,ClearLakeShallow,2023
1869,11/1/2023,0.691,ClearLakeShallow,2023
1870,12/4/2023,0.691,ClearLakeShallow,2023
1871,12/27/2023,0.691,ClearLakeShallow,2023
1872,5/26/1976,0.0,ClearLakeDeep,2023
1873,6/9/1976,0.004,ClearLakeDeep,2023
1874,6/21/1976,0.002,ClearLakeDeep,2023
1875,7/20/1976,0.009,ClearLakeDeep,2023
1876,8/16/1976,0.021,ClearLakeDeep,2023
1877,9/16/1976,0.031,ClearLakeDeep,2023
1878,10/12/1976,0.041,ClearLakeDeep,2023
1879,11/9/1976,0.05,ClearLakeDeep,2023
1880,12/7/1976,0.059,ClearLakeDeep,2023
1881,1/4/1977,0.068,ClearLakeDeep,2023
1882,2/1/1977,0.077,ClearLakeDeep,2023
1883,3/1/1977,0.086,ClearLakeDeep,2023
1884,3/29/1977,0.094,ClearLakeDeep,2023
1885,4/26/1977,0.098,ClearLakeDeep,2023
1886,5/24/1977,0.105,ClearLakeDeep,2023
1887,6/21/1977,0.115,ClearLakeDeep,2023
1888,7/19/1977,0.125,ClearLakeDeep,2023
1889,8/16/1977,0.13,ClearLakeDeep,2023
1890,9/13/1977,0.135,ClearLakeDeep,2023
1891,10/11/1977,0.141,ClearLakeDeep,2023
1892,11/7/1977,0.147,ClearLakeDeep,2023
1893,12/6/1977,0.151,ClearLakeDeep,2023
1894,1/3/1978,0.158,ClearLakeDeep,2023
1895,2/2/1978,0.161,ClearLakeDeep,2023
1896,2/28/1978,0.164,ClearLakeDeep,2023
1897,3/28/1978,0.17,ClearLakeDeep,2023
1898,4/25/1978,0.176,ClearLakeDeep,2023
1899,5/23/1978,0.185,ClearLakeDeep,2023
1900,6/20/1978,0.191,ClearLakeDeep,2023
1901,7/19/1978,0.201,ClearLakeDeep,2023
1902,8/15/1978,0.206,ClearLakeDeep,2023
1903,9/13/1978,0.213,ClearLakeDeep,2023
1904,10/10/1978,0.218,ClearLakeDeep,2023
1905,11/7/1978,0.206,ClearLakeDeep,2023
1906,12/5/1978,0.189,ClearLakeDeep,2023
1907,1/3/1979,0.174,ClearLakeDeep,2023
1908,1/31/1979,0.16,ClearLakeDeep,2023
1909,2/27/1979,0.156,ClearLakeDeep,2023
1910,3/28/1979,0.157,ClearLakeDeep,2023
1911,4/23/1979,0.16,ClearLakeDeep,2023
1912,5/22/1979,0.165,ClearLakeDeep,2023
1913,6/19/1979,0.171,ClearLakeDeep,2023
1914,7/17/1979,0.176,ClearLakeDeep,2023
1915,8/14/1979,0.18,ClearLakeDeep,2023
1916,9/11/1979,0.184,ClearLakeDeep,2023
1917,10/9/1979,0.189,ClearLakeDeep,2023
1918,11/8/1979,0.196,ClearLakeDeep,2023
1919,12/5/1979,0.202,ClearLakeDeep,2023
1920,1/2/1980,0.206,ClearLakeDeep,2023
1921,2/5/1980,0.211,ClearLakeDeep,2023
1922,3/4/1980,0.215,ClearLakeDeep,2023
1923,4/1/1980,0.22,ClearLakeDeep,2023
1924,4/29/1980,0.225,ClearLakeDeep,2023
1925,5/27/1980,0.229,ClearLakeDeep,2023
1926,6/24/1980,0.24,ClearLakeDeep,2023
1927,7/22/1980,0.253,ClearLakeDeep,2023
1928,8/19/1980,0.259,ClearLakeDeep,2023
1929,9/15/1980,0.267,ClearLakeDeep,2023
1930,10/15/1980,0.272,ClearLakeDeep,2023
1931,11/10/1980,0.277,ClearLakeDeep,2023
1932,12/9/1980,0.278,ClearLakeDeep,2023
1933,1/6/1981,0.281,ClearLakeDeep,2023
1934,2/3/1981,0.284,ClearLakeDeep,2023
1935,3/4/1981,0.286,ClearLakeDeep,2023
1936,3/31/1981,0.29,ClearLakeDeep,2023
1937,4/27/1981,0.296,ClearLakeDeep,2023
1938,5/26/1981,0.299,ClearLakeDeep,2023
1939,6/23/1981,0.303,ClearLakeDeep,2023
1940,7/22/1981,0.313,ClearLakeDeep,2023
1941,8/18/1981,0.319,ClearLakeDeep,2023
1942,9/15/1981,0.322,ClearLakeDeep,2023
1943,10/13/1981,0.326,ClearLakeDeep,2023
1944,11/10/1981,0.328,ClearLakeDeep,2023
1945,12/8/1981,0.331,ClearLakeDeep,2023
1946,1/6/1982,0.332,ClearLakeDeep,2023
1947,2/3/1982,0.334,ClearLakeDeep,2023
1948,3/2/1982,0.335,ClearLakeDeep,2023
1949,3/30/1982,0.338,ClearLakeDeep,2023
1950,4/27/1982,0.339,ClearLakeDeep,2023
1951,5/25/1982,0.341,ClearLakeDeep,2023
1952,6/22/1982,0.349,ClearLakeDeep,2023
1953,7/20/1982,0.355,ClearLakeDeep,2023
1954,8/17/1982,0.36,ClearLakeDeep,2023
1955,9/14/1982,0.368,ClearLakeDeep,2023
1956,10/12/1982,0.373,ClearLakeDeep,2023
1957,11/9/1982,0.378,ClearLakeDeep,2023
1958,12/7/1982,0.38,ClearLakeDeep,2023
1959,1/4/1983,0.382,ClearLakeDeep,2023
1960,2/1/1983,0.383,ClearLakeDeep,2023
1961,3/2/1983,0.384,ClearLakeDeep,2023
1962,3/29/1983,0.386,ClearLakeDeep,2023
1963,4/26/1983,0.391,ClearLakeDeep,2023
1964,5/25/1983,0.394,ClearLakeDeep,2023
1965,6/21/1983,0.399,ClearLakeDeep,2023
1966,7/19/1983,0.404,ClearLakeDeep,2023
1967,8/16/1983,0.406,ClearLakeDeep,2023
1968,9/13/1983,0.407,ClearLakeDeep,2023
1969,10/11/1983,0.409,ClearLakeDeep,2023
1970,11/8/1983,0.412,ClearLakeDeep,2023
1971,12/6/1983,0.414,ClearLakeDeep,2023
1972,1/4/1984,0.419,ClearLakeDeep,2023
1973,1/31/1984,0.419,ClearLakeDeep,2023
1974,2/28/1984,0.42,ClearLakeDeep,2023
1975,3/26/1984,0.423,ClearLakeDeep,2023
1976,4/23/1984,0.426,ClearLakeDeep,2023
1977,5/22/1984,0.435,ClearLakeDeep,2023
1978,6/19/1984,0.437,ClearLakeDeep,2023
1979,7/17/1984,0.441,ClearLakeDeep,2023
1980,8/14/1984,0.444,ClearLakeDeep,2023
1981,9/11/1984,0.448,ClearLakeDeep,2023
1982,10/9/1984,0.45,ClearLakeDeep,2023
1983,11/6/1984,0.451,ClearLakeDeep,2023
1984,12/5/1984,0.453,ClearLakeDeep,2023
1985,1/2/1985,0.455,ClearLakeDeep,2023
1986,1/30/1985,0.458,ClearLakeDeep,2023
1987,2/26/1985,0.459,ClearLakeDeep,2023
1988,3/27/1985,0.46,ClearLakeDeep,2023
1989,4/23/1985,0.463,ClearLakeDeep,2023
1990,5/21/1985,0.467,ClearLakeDeep,2023
1991,6/18/1985,0.473,ClearLakeDeep,2023
1992,7/16/1985,0.476,ClearLakeDeep,2023
1993,8/13/1985,0.483,ClearLakeDeep,2023
1994,9/10/1985,0.488,ClearLakeDeep,2023
1995,10/8/1985,0.497,ClearLakeDeep,2023
1996,11/6/1985,0.497,ClearLakeDeep,2023
1997,12/3/1985,0.498,ClearLakeDeep,2023
1998,12/19/1985,0.499,ClearLakeDeep,2023
1999,1/16/1986,0.499,ClearLakeDeep,2023
2000,2/13/1986,0.5,ClearLakeDeep,2023
2001,3/13/1986,0.502,ClearLakeDeep,2023
2002,4/11/1986,0.505,ClearLakeDeep,2023
2003,5/8/1986,0.508,ClearLakeDeep,2023
2004,6/5/1986,0.509,ClearLakeDeep,2023
2005,7/3/1986,0.51,ClearLakeDeep,2023
2006,7/31/1986,0.519,ClearLakeDeep,2023
2007,8/29/1986,0.524,ClearLakeDeep,2023
2008,9/25/1986,0.524,ClearLakeDeep,2023
2009,10/23/1986,0.524,ClearLakeDeep,2023
2010,11/19/1986,0.525,ClearLakeDeep,2023
2011,12/17/1986,0.525,ClearLakeDeep,2023
2012,1/15/1987,0.526,ClearLakeDeep,2023
2013,2/11/1987,0.527,ClearLakeDeep,2023
2014,3/6/1987,0.527,ClearLakeDeep,2023
2015,4/2/1987,0.528,ClearLakeDeep,2023
2016,4/30/1987,0.533,ClearLakeDeep,2023
2017,5/28/1987,0.533,ClearLakeDeep,2023
2018,6/26/1987,0.534,ClearLakeDeep,2023
2019,7/23/1987,0.537,ClearLakeDeep,2023
2020,8/20/1987,0.543,ClearLakeDeep,2023
2021,9/17/1987,0.546,ClearLakeDeep,2023
2022,10/15/1987,0.548,ClearLakeDeep,2023
2023,11/12/1987,0.551,ClearLakeDeep,2023
2024,12/9/1987,0.552,ClearLakeDeep,2023
2025,1/7/1988,0.552,ClearLakeDeep,2023
2026,2/4/1988,0.553,ClearLakeDeep,2023
2027,3/3/1988,0.554,ClearLakeDeep,2023
2028,3/31/1988,0.555,ClearLakeDeep,2023
2029,4/28/1988,0.557,ClearLakeDeep,2023
2030,5/26/1988,0.558,ClearLakeDeep,2023
2031,6/23/1988,0.563,ClearLakeDeep,2023
2032,7/21/1988,0.565,ClearLakeDeep,2023
2033,8/18/1988,0.568,ClearLakeDeep,2023
2034,9/14/1988,0.571,ClearLakeDeep,2023
2035,10/13/1988,0.573,ClearLakeDeep,2023
2036,11/9/1988,0.576,ClearLakeDeep,2023
2037,12/8/1988,0.579,ClearLakeDeep,2023
2038,1/5/1989,0.579,ClearLakeDeep,2023
2039,2/2/1989,0.579,ClearLakeDeep,2023
2040,3/2/1989,0.58,ClearLakeDeep,2023
2041,3/29/1989,0.581,ClearLakeDeep,2023
2042,4/27/1989,0.584,ClearLakeDeep,2023
2043,5/23/1989,0.586,ClearLakeDeep,2023
2044,6/22/1989,0.59,ClearLakeDeep,2023
2045,7/20/1989,0.59,ClearLakeDeep,2023
2046,8/17/1989,0.593,ClearLakeDeep,2023
2047,9/14/1989,0.596,ClearLakeDeep,2023
2048,10/12/1989,0.601,ClearLakeDeep,2023
2049,11/8/1989,0.603,ClearLakeDeep,2023
2050,12/7/1989,0.604,ClearLakeDeep,2023
2051,1/4/1990,0.604,ClearLakeDeep,2023
2052,2/1/1990,0.604,ClearLakeDeep,2023
2053,3/1/1990,0.604,ClearLakeDeep,2023
2054,3/29/1990,0.605,ClearLakeDeep,2023
2055,4/26/1990,0.605,ClearLakeDeep,2023
2056,5/24/1990,0.605,ClearLakeDeep,2023
2057,6/21/1990,0.613,ClearLakeDeep,2023
2058,7/19/1990,0.617,ClearLakeDeep,2023
2059,8/16/1990,0.618,ClearLakeDeep,2023
2060,9/13/1990,0.62,ClearLakeDeep,2023
2061,10/11/1990,0.621,ClearLakeDeep,2023
2062,11/7/1990,0.622,ClearLakeDeep,2023
2063,12/7/1990,0.622,ClearLakeDeep,2023
2064,1/3/1991,0.622,ClearLakeDeep,2023
2065,1/31/1991,0.622,ClearLakeDeep,2023
2066,2/28/1991,0.622,ClearLakeDeep,2023
2067,3/28/1991,0.622,ClearLakeDeep,2023
2068,4/25/1991,0.622,ClearLakeDeep,2023
2069,5/24/1991,0.621,ClearLakeDeep,2023
2070,6/24/1991,0.621,ClearLakeDeep,2023
2071,7/18/1991,0.621,ClearLakeDeep,2023
2072,8/15/1991,0.623,ClearLakeDeep,2023
2073,9/12/1991,0.623,ClearLakeDeep,2023
2074,10/10/1991,0.624,ClearLakeDeep,2023
2075,11/7/1991,0.625,ClearLakeDeep,2023
2076,12/5/1991,0.626,ClearLakeDeep,2023
2077,1/2/1992,0.625,ClearLakeDeep,2023
2078,1/30/1992,0.624,ClearLakeDeep,2023
2079,2/28/1992,0.623,ClearLakeDeep,2023
2080,3/25/1992,0.623,ClearLakeDeep,2023
2081,4/23/1992,0.623,ClearLakeDeep,2023
2082,5/21/1992,0.623,ClearLakeDeep,2023
2083,6/17/1992,0.623,ClearLakeDeep,2023
2084,7/16/1992,0.624,ClearLakeDeep,2023
2085,8/13/1992,0.625,ClearLakeDeep,2023
2086,9/9/1992,0.629,ClearLakeDeep,2023
2087,10/8/1992,0.63,ClearLakeDeep,2023
2088,11/5/1992,0.628,ClearLakeDeep,2023
2089,12/2/1992,0.627,ClearLakeDeep,2023
2090,12/30/1992,0.626,ClearLakeDeep,2023
2091,1/28/1993,0.625,ClearLakeDeep,2023
2092,2/24/1993,0.624,ClearLakeDeep,2023
2093,3/26/1993,0.623,ClearLakeDeep,2023
2094,4/22/1993,0.623,ClearLakeDeep,2023
2095,5/19/1993,0.623,ClearLakeDeep,2023
2096,6/17/1993,0.623,ClearLakeDeep,2023
2097,7/14/1993,0.623,ClearLakeDeep,2023
2098,8/13/1993,0.628,ClearLakeDeep,2023
2099,9/10/1993,0.63,ClearLakeDeep,2023
2100,10/8/1993,0.63,ClearLakeDeep,2023
2101,11/4/1993,0.629,ClearLakeDeep,2023
2102,12/2/1993,0.629,ClearLakeDeep,2023
2103,12/30/1993,0.629,ClearLakeDeep,2023
2104,1/27/1994,0.629,ClearLakeDeep,2023
2105,2/24/1994,0.628,ClearLakeDeep,2023
2106,3/25/1994,0.628,ClearLakeDeep,2023
2107,4/20/1994,0.628,ClearLakeDeep,2023
2108,5/19/1994,0.628,ClearLakeDeep,2023
2109,6/16/1994,0.629,ClearLakeDeep,2023
2110,7/15/1994,0.63,ClearLakeDeep,2023
2111,8/11/1994,0.633,ClearLakeDeep,2023
2112,9/8/1994,0.634,ClearLakeDeep,2023
2113,10/6/1994,0.634,ClearLakeDeep,2023
2114,11/3/1994,0.634,ClearLakeDeep,2023
2115,12/2/1994,0.634,ClearLakeDeep,2023
2116,12/29/1994,0.634,ClearLakeDeep,2023
2117,1/26/1995,0.634,ClearLakeDeep,2023
2118,2/23/1995,0.634,ClearLakeDeep,2023
2119,3/23/1995,0.633,ClearLakeDeep,2023
2120,4/20/1995,0.633,ClearLakeDeep,2023
2121,5/17/1995,0.633,ClearLakeDeep,2023
2122,6/15/1995,0.634,ClearLakeDeep,2023
2123,7/14/1995,0.637,ClearLakeDeep,2023
2124,8/10/1995,0.64,ClearLakeDeep,2023
2125,9/7/1995,0.641,ClearLakeDeep,2023
2126,10/5/1995,0.641,ClearLakeDeep,2023
2127,11/2/1995,0.642,ClearLakeDeep,2023
2128,12/1/1995,0.642,ClearLakeDeep,2023
2129,1/4/1996,0.641,ClearLakeDeep,2023
2130,1/26/1996,0.641,ClearLakeDeep,2023
2131,2/22/1996,0.641,ClearLakeDeep,2023
2132,3/21/1996,0.641,ClearLakeDeep,2023
2133,4/19/1996,0.642,ClearLakeDeep,2023
2134,5/17/1996,0.642,ClearLakeDeep,2023
2135,6/13/1996,0.643,ClearLakeDeep,2023
2136,7/12/1996,0.647,ClearLakeDeep,2023
2137,8/9/1996,0.653,ClearLakeDeep,2023
2138,9/7/1996,0.652,ClearLakeDeep,2023
2139,10/3/1996,0.652,ClearLakeDeep,2023
2140,10/29/1996,0.651,ClearLakeDeep,2023
2141,11/29/1996,0.651,ClearLakeDeep,2023
2142,12/27/1996,0.651,ClearLakeDeep,2023
2143,1/24/1997,0.651,ClearLakeDeep,2023
2144,2/21/1997,0.65,ClearLakeDeep,2023
2145,3/19/1997,0.65,ClearLakeDeep,2023
2146,4/16/1997,0.649,ClearLakeDeep,2023
2147,5/14/1997,0.649,ClearLakeDeep,2023
2148,6/13/1997,0.649,ClearLakeDeep,2023
2149,7/11/1997,0.65,ClearLakeDeep,2023
2150,8/7/1997,0.655,ClearLakeDeep,2023
2151,9/2/1997,0.659,ClearLakeDeep,2023
2152,10/3/1997,0.659,ClearLakeDeep,2023
2153,10/30/1997,0.659,ClearLakeDeep,2023
2154,11/26/1997,0.658,ClearLakeDeep,2023
2155,12/24/1997,0.658,ClearLakeDeep,2023
2156,1/21/1998,0.658,ClearLakeDeep,2023
2157,2/19/1998,0.657,ClearLakeDeep,2023
2158,3/19/1998,0.656,ClearLakeDeep,2023
2159,4/16/1998,0.656,ClearLakeDeep,2023
2160,5/14/1998,0.658,ClearLakeDeep,2023
2161,6/11/1998,0.663,ClearLakeDeep,2023
2162,7/8/1998,0.664,ClearLakeDeep,2023
2163,8/7/1998,0.668,ClearLakeDeep,2023
2164,9/3/1998,0.668,ClearLakeDeep,2023
2165,10/1/1998,0.668,ClearLakeDeep,2023
2166,10/30/1998,0.667,ClearLakeDeep,2023
2167,11/27/1998,0.667,ClearLakeDeep,2023
2168,12/18/1998,0.667,ClearLakeDeep,2023
2169,1/15/1999,0.666,ClearLakeDeep,2023
2170,2/12/1999,0.666,ClearLakeDeep,2023
2171,3/15/1999,0.666,ClearLakeDeep,2023
2172,4/9/1999,0.666,ClearLakeDeep,2023
2173,5/4/1999,0.667,ClearLakeDeep,2023
2174,6/4/1999,0.669,ClearLakeDeep,2023
2175,6/30/1999,0.668,ClearLakeDeep,2023
2176,7/29/1999,0.668,ClearLakeDeep,2023
2177,8/25/1999,0.674,ClearLakeDeep,2023
2178,9/23/1999,0.68,ClearLakeDeep,2023
2179,10/20/1999,0.677,ClearLakeDeep,2023
2180,11/19/1999,0.677,ClearLakeDeep,2023
2181,12/17/1999,0.677,ClearLakeDeep,2023
2182,1/13/2000,0.677,ClearLakeDeep,2023
2183,2/8/2000,0.677,ClearLakeDeep,2023
2184,3/7/2000,0.677,ClearLakeDeep,2023
2185,4/5/2000,0.68,ClearLakeDeep,2023
2186,5/3/2000,0.68,ClearLakeDeep,2023
2187,6/1/2000,0.68,ClearLakeDeep,2023
2188,6/29/2000,0.681,ClearLakeDeep,2023
2189,7/26/2000,0.689,ClearLakeDeep,2023
2190,8/25/2000,0.693,ClearLakeDeep,2023
2191,9/21/2000,0.696,ClearLakeDeep,2023
2192,10/19/2000,0.695,ClearLakeDeep,2023
2193,11/16/2000,0.694,ClearLakeDeep,2023
2194,12/14/2000,0.693,ClearLakeDeep,2023
2195,1/11/2001,0.692,ClearLakeDeep,2023
2196,2/8/2001,0.692,ClearLakeDeep,2023
2197,3/8/2001,0.691,ClearLakeDeep,2023
2198,4/5/2001,0.69,ClearLakeDeep,2023
2199,5/4/2001,0.69,ClearLakeDeep,2023
2200,5/30/2001,0.692,ClearLakeDeep,2023
2201,6/27/2001,0.692,ClearLakeDeep,2023
2202,7/27/2001,0.694,ClearLakeDeep,2023
2203,8/23/2001,0.698,ClearLakeDeep,2023
2204,9/20/2001,0.697,ClearLakeDeep,2023
2205,10/18/2001,0.696,ClearLakeDeep,2023
2206,11/15/2001,0.695,ClearLakeDeep,2023
2207,12/12/2001,0.694,ClearLakeDeep,2023
2208,1/10/2002,0.693,ClearLakeDeep,2023
2209,2/7/2002,0.692,ClearLakeDeep,2023
2210,3/7/2002,0.692,ClearLakeDeep,2023
2211,4/3/2002,0.691,ClearLakeDeep,2023
2212,5/2/2002,0.692,ClearLakeDeep,2023
2213,5/29/2002,0.694,ClearLakeDeep,2023
2214,6/26/2002,0.694,ClearLakeDeep,2023
2215,7/26/2002,0.694,ClearLakeDeep,2023
2216,8/21/2002,0.694,ClearLakeDeep,2023
2217,9/20/2002,0.693,ClearLakeDeep,2023
2218,10/17/2002,0.693,ClearLakeDeep,2023
2219,11/15/2002,0.683,ClearLakeDeep,2023
2220,12/13/2002,0.682,ClearLakeDeep,2023
2221,1/9/2003,0.682,ClearLakeDeep,2023
2222,2/5/2003,0.681,ClearLakeDeep,2023
2223,3/5/2003,0.681,ClearLakeDeep,2023
2224,4/3/2003,0.677,ClearLakeDeep,2023
2225,5/1/2003,0.677,ClearLakeDeep,2023
2226,5/29/2003,0.679,ClearLakeDeep,2023
2227,6/26/2003,0.681,ClearLakeDeep,2023
2228,7/23/2003,0.681,ClearLakeDeep,2023
2229,8/20/2003,0.681,ClearLakeDeep,2023
2230,9/18/2003,0.681,ClearLakeDeep,2023
2231,10/16/2003,0.681,ClearLakeDeep,2023
2232,11/12/2003,0.681,ClearLakeDeep,2023
2233,12/12/2003,0.68,ClearLakeDeep,2023
2234,1/9/2004,0.68,ClearLakeDeep,2023
2235,2/6/2004,0.683,ClearLakeDeep,2023
2236,3/5/2004,0.682,ClearLakeDeep,2023
2237,3/31/2004,0.682,ClearLakeDeep,2023
2238,4/30/2004,0.682,ClearLakeDeep,2023
2239,5/28/2004,0.682,ClearLakeDeep,2023
2240,6/25/2004,0.682,ClearLakeDeep,2023
2241,7/22/2004,0.682,ClearLakeDeep,2023
2242,8/18/2004,0.683,ClearLakeDeep,2023
2243,9/14/2004,0.683,ClearLakeDeep,2023
2244,10/14/2004,0.683,ClearLakeDeep,2023
2245,11/10/2004,0.683,ClearLakeDeep,2023
2246,12/8/2004,0.682,ClearLakeDeep,2023
2247,1/5/2005,0.682,ClearLakeDeep,2023
2248,2/1/2005,0.681,ClearLakeDeep,2023
2249,3/3/2005,0.679,ClearLakeDeep,2023
2250,3/29/2005,0.678,ClearLakeDeep,2023
2251,4/28/2005,0.679,ClearLakeDeep,2023
2252,5/27/2005,0.68,ClearLakeDeep,2023
2253,6/23/2005,0.68,ClearLakeDeep,2023
2254,7/22/2005,0.681,ClearLakeDeep,2023
2255,8/25/2005,0.681,ClearLakeDeep,2023
2256,9/21/2005,0.681,ClearLakeDeep,2023
2257,10/20/2005,0.682,ClearLakeDeep,2023
2258,11/16/2005,0.682,ClearLakeDeep,2023
2259,12/14/2005,0.683,ClearLakeDeep,2023
2260,1/9/2006,0.683,ClearLakeDeep,2023
2261,2/8/2006,0.683,ClearLakeDeep,2023
2262,3/7/2006,0.683,ClearLakeDeep,2023
2263,4/5/2006,0.683,ClearLakeDeep,2023
2264,5/3/2006,0.684,ClearLakeDeep,2023
2265,6/1/2006,0.685,ClearLakeDeep,2023
2266,6/28/2006,0.686,ClearLakeDeep,2023
2267,7/27/2006,0.686,ClearLakeDeep,2023
2268,8/28/2006,0.687,ClearLakeDeep,2023
2269,9/29/2006,0.686,ClearLakeDeep,2023
2270,10/23/2006,0.686,ClearLakeDeep,2023
2271,11/14/2006,0.687,ClearLakeDeep,2023
2272,12/12/2006,0.688,ClearLakeDeep,2023
2273,1/12/2007,0.688,ClearLakeDeep,2023
2274,2/7/2007,0.688,ClearLakeDeep,2023
2275,3/12/2007,0.688,ClearLakeDeep,2023
2276,4/3/2007,0.688,ClearLakeDeep,2023
2277,5/3/2007,0.688,ClearLakeDeep,2023
2278,6/4/2007,0.688,ClearLakeDeep,2023
2279,6/26/2007,0.689,ClearLakeDeep,2023
2280,7/27/2007,0.689,ClearLakeDeep,2023
2281,8/28/2007,0.689,ClearLakeDeep,2023
2282,9/20/2007,0.689,ClearLakeDeep,2023
2283,10/24/2007,0.69,ClearLakeDeep,2023
2284,11/15/2007,0.69,ClearLakeDeep,2023
2285,12/17/2007,0.69,ClearLakeDeep,2023
2286,1/9/2008,0.69,ClearLakeDeep,2023
2287,2/13/2008,0.69,ClearLakeDeep,2023
2288,3/11/2008,0.69,ClearLakeDeep,2023
2289,4/16/2008,0.688,ClearLakeDeep,2023
2290,5/7/2008,0.688,ClearLakeDeep,2023
2291,6/11/2008,0.689,ClearLakeDeep,2023
2292,7/15/2008,0.689,ClearLakeDeep,2023
2293,8/20/2008,0.689,ClearLakeDeep,2023
2294,10/1/2008,0.689,ClearLakeDeep,2023
2295,10/30/2008,0.69,ClearLakeDeep,2023
2296,11/25/2008,0.69,ClearLakeDeep,2023
2297,12/19/2008,0.691,ClearLakeDeep,2023
2298,1/28/2009,0.692,ClearLakeDeep,2023
2299,3/3/2009,0.692,ClearLakeDeep,2023
2300,4/2/2009,0.692,ClearLakeDeep,2023
2301,5/1/2009,0.692,ClearLakeDeep,2023
2302,5/29/2009,0.692,ClearLakeDeep,2023
2303,6/26/2009,0.692,ClearLakeDeep,2023
2304,7/21/2009,0.693,ClearLakeDeep,2023
2305,8/20/2009,0.694,ClearLakeDeep,2023
2306,9/17/2009,0.694,ClearLakeDeep,2023
2307,10/16/2009,0.694,ClearLakeDeep,2023
2308,11/9/2009,0.695,ClearLakeDeep,2023
2309,12/8/2009,0.698,ClearLakeDeep,2023
2310,1/6/2010,0.698,ClearLakeDeep,2023
2311,2/10/2010,0.698,ClearLakeDeep,2023
2312,3/12/2010,0.698,ClearLakeDeep,2023
2313,3/31/2010,0.699,ClearLakeDeep,2023
2314,5/4/2010,0.699,ClearLakeDeep,2023
2315,6/7/2010,0.7,ClearLakeDeep,2023
2316,6/29/2010,0.7,ClearLakeDeep,2023
2317,7/27/2010,0.701,ClearLakeDeep,2023
2318,8/25/2010,0.702,ClearLakeDeep,2023
2319,9/22/2010,0.703,ClearLakeDeep,2023
2320,10/20/2010,0.704,ClearLakeDeep,2023
2321,11/8/2010,0.704,ClearLakeDeep,2023
2322,12/13/2010,0.704,ClearLakeDeep,2023
2323,1/3/2011,0.704,ClearLakeDeep,2023
2324,1/31/2011,0.704,ClearLakeDeep,2023
2325,3/2/2011,0.704,ClearLakeDeep,2023
2326,3/30/2011,0.704,ClearLakeDeep,2023
2327,5/10/2011,0.705,ClearLakeDeep,2023
2328,6/8/2011,0.705,ClearLakeDeep,2023
2329,7/7/2011,0.707,ClearLakeDeep,2023
2330,8/2/2011,0.708,ClearLakeDeep,2023
2331,9/8/2011,0.713,ClearLakeDeep,2023
2332,10/6/2011,0.713,ClearLakeDeep,2023
2333,11/1/2011,0.713,ClearLakeDeep,2023
2334,11/30/2011,0.714,ClearLakeDeep,2023
2335,12/29/2011,0.714,ClearLakeDeep,2023
2336,1/27/2012,0.714,ClearLakeDeep,2023
2337,2/23/2012,0.714,ClearLakeDeep,2023
2338,3/21/2012,0.714,ClearLakeDeep,2023
2339,4/18/2012,0.714,ClearLakeDeep,2023
2340,5/17/2012,0.714,ClearLakeDeep,2023
2341,6/13/2012,0.714,ClearLakeDeep,2023
2342,7/6/2012,0.715,ClearLakeDeep,2023
2343,8/7/2012,0.715,ClearLakeDeep,2023
2344,9/5/2012,0.715,ClearLakeDeep,2023
2345,10/15/2012,0.715,ClearLakeDeep,2023
2346,11/8/2012,0.716,ClearLakeDeep,2023
2347,12/4/2012,0.716,ClearLakeDeep,2023
2348,1/4/2013,0.716,ClearLakeDeep,2023
2349,2/21/2013,0.715,ClearLakeDeep,2023
2350,3/25/2013,0.715,ClearLakeDeep,2023
2351,4/30/2013,0.715,ClearLakeDeep,2023
2352,5/29/2013,0.715,ClearLakeDeep,2023
2353,6/25/2013,0.715,ClearLakeDeep,2023
2354,7/24/2013,0.715,ClearLakeDeep,2023
2355,8/28/2013,0.715,ClearLakeDeep,2023
2356,9/27/2013,0.715,ClearLakeDeep,2023
2357,10/22/2013,0.715,ClearLakeDeep,2023
2358,11/19/2013,0.715,ClearLakeDeep,2023
2359,12/16/2013,0.714,ClearLakeDeep,2023
2360,1/22/2014,0.714,ClearLakeDeep,2023
2361,2/27/2014,0.714,ClearLakeDeep,2023
2362,4/2/2014,0.716,ClearLakeDeep,2023
2363,5/12/2014,0.716,ClearLakeDeep,2023
2364,6/9/2014,0.716,ClearLakeDeep,2023
2365,7/10/2014,0.716,ClearLakeDeep,2023
2366,8/12/2014,0.716,ClearLakeDeep,2023
2367,9/4/2014,0.716,ClearLakeDeep,2023
2368,10/7/2014,0.716,ClearLakeDeep,2023
2369,11/12/2014,0.716,ClearLakeDeep,2023
2370,12/11/2014,0.716,ClearLakeDeep,2023
2371,1/8/2015,0.716,ClearLakeDeep,2023
2372,2/20/2015,0.717,ClearLakeDeep,2023
2373,3/31/2015,0.717,ClearLakeDeep,2023
2374,4/29/2015,0.717,ClearLakeDeep,2023
2375,5/19/2015,0.717,ClearLakeDeep,2023
2376,6/22/2015,0.717,ClearLakeDeep,2023
2377,7/27/2015,0.717,ClearLakeDeep,2023
2378,9/8/2015,0.717,ClearLakeDeep,2023
2379,9/29/2015,0.717,ClearLakeDeep,2023
2380,10/28/2015,0.717,ClearLakeDeep,2023
2381,11/23/2015,0.717,ClearLakeDeep,2023
2382,12/21/2015,0.718,ClearLakeDeep,2023
2383,1/19/2016,0.718,ClearLakeDeep,2023
2384,2/29/2016,0.718,ClearLakeDeep,2023
2385,3/30/2016,0.718,ClearLakeDeep,2023
2386,5/2/2016,0.718,ClearLakeDeep,2023
2387,5/31/2016,0.718,ClearLakeDeep,2023
2388,6/30/2016,0.718,ClearLakeDeep,2023
2389,7/29/2016,0.718,ClearLakeDeep,2023
2390,8/25/2016,0.718,ClearLakeDeep,2023
2391,9/26/2016,0.718,ClearLakeDeep,2023
2392,10/20/2016,0.718,ClearLakeDeep,2023
2393,11/28/2016,0.718,ClearLakeDeep,2023
2394,12/21/2016,0.711,ClearLakeDeep,2023
2395,1/30/2017,0.709,ClearLakeDeep,2023
2396,2/28/2017,0.709,ClearLakeDeep,2023
2397,3/23/2017,0.709,ClearLakeDeep,2023
2398,4/21/2017,0.709,ClearLakeDeep,2023
2399,5/30/2017,0.709,ClearLakeDeep,2023
2400,6/21/2017,0.709,ClearLakeDeep,2023
2401,7/26/2017,0.709,ClearLakeDeep,2023
2402,8/15/2017,0.709,ClearLakeDeep,2023
2403,9/22/2017,0.709,ClearLakeDeep,2023
2404,10/18/2017,0.709,ClearLakeDeep,2023
2405,11/16/2017,0.708,ClearLakeDeep,2023
2406,12/27/2017,0.707,ClearLakeDeep,2023
2407,1/31/2018,0.705,ClearLakeDeep,2023
2408,2/23/2018,0.705,ClearLakeDeep,2023
2409,3/20/2018,0.704,ClearLakeDeep,2023
2410,4/20/2018,0.704,ClearLakeDeep,2023
2411,5/21/2018,0.704,ClearLakeDeep,2023
2412,6/21/2018,0.704,ClearLakeDeep,2023
2413,7/18/2018,0.704,ClearLakeDeep,2023
2414,8/30/2018,0.704,ClearLakeDeep,2023
2415,9/20/2018,0.704,ClearLakeDeep,2023
2416,10/16/2018,0.704,ClearLakeDeep,2023
2417,11/20/2018,0.704,ClearLakeDeep,2023
2418,12/13/2018,0.704,ClearLakeDeep,2023
2419,1/29/2019,0.704,ClearLakeDeep,2023
2420,2/25/2019,0.704,ClearLakeDeep,2023
2421,3/20/2019,0.704,ClearLakeDeep,2023
2422,4/17/2019,0.704,ClearLakeDeep,2023
2423,5/22/2019,0.704,ClearLakeDeep,2023
2424,6/19/2019,0.704,ClearLakeDeep,2023
2425,7/24/2019,0.704,ClearLakeDeep,2023
2426,8/21/2019,0.704,ClearLakeDeep,2023
2427,10/2/2019,0.704,ClearLakeDeep,2023
2428,10/29/2019,0.704,ClearLakeDeep,2023
2429,11/25/2019,0.704,ClearLakeDeep,2023
2430,12/23/2019,0.704,ClearLakeDeep,2023
2431,1/28/2020,0.704,ClearLakeDeep,2023
2432,3/3/2020,0.705,ClearLakeDeep,2023
2433,4/7/2020,0.706,ClearLakeDeep,2023
2434,4/27/2020,0.706,ClearLakeDeep,2023
2435,5/28/2020,0.706,ClearLakeDeep,2023
2436,6/23/2020,0.706,ClearLakeDeep,2023
2437,7/21/2020,0.706,ClearLakeDeep,2023
2438,8/18/2020,0.706,ClearLakeDeep,2023
2439,9/24/2020,0.706,ClearLakeDeep,2023
2440,10/27/2020,0.706,ClearLakeDeep,2023
2441,11/16/2020,0.706,ClearLakeDeep,2023
2442,12/29/2020,0.706,ClearLakeDeep,2023
2443,2/1/2021,0.706,ClearLakeDeep,2023
2444,2/23/2021,0.706,ClearLakeDeep,2023
2445,3/31/2021,0.706,ClearLakeDeep,2023
2446,5/4/2021,0.706,ClearLakeDeep,2023
2447,6/1/2021,0.706,ClearLakeDeep,2023
2448,6/29/2021,0.706,ClearLakeDeep,2023
2449,7/22/2021,0.706,ClearLakeDeep,2023
2450,8/31/2021,0.706,ClearLakeDeep,2023
2451,9/21/2021,0.706,ClearLakeDeep,2023
2452,10/26/2021,0.705,ClearLakeDeep,2023
2453,11/18/2021,0.705,ClearLakeDeep,2023
2454,12/27/2021,0.705,ClearLakeDeep,2023
2455,1/26/2022,0.705,ClearLakeDeep,2023
2456,2/22/2022,0.705,ClearLakeDeep,2023
2457,3/30/2022,0.705,ClearLakeDeep,2023
2458,4/26/2022,0.705,ClearLakeDeep,2023
2459,6/1/2022,0.705,ClearLakeDeep,2023
2460,6/28/2022,0.705,ClearLakeDeep,2023
2461,7/27/2022,0.705,ClearLakeDeep,2023
2462,8/30/2022,0.705,ClearLakeDeep,2023
2463,9/27/2022,0.705,ClearLakeDeep,2023
2464,11/2/2022,0.706,ClearLakeDeep,2023
2465,11/29/2022,0.706,ClearLakeDeep,2023
2466,12/27/2022,0.706,ClearLakeDeep,2023
2467,1/25/2023,0.706,ClearLakeDeep,2023
2468,2/28/2023,0.706,ClearLakeDeep,2023
2469,3/28/2023,0.707,ClearLakeDeep,2023
2470,4/26/2023,0.707,ClearLakeDeep,2023
2471,6/1/2023,0.707,ClearLakeDeep,2023
2472,6/28/2023,0.707,ClearLakeDeep,2023
2473,7/28/2023,0.706,ClearLakeDeep,2023
2474,9/5/2023,0.706,ClearLakeDeep,2023
2475,9/27/2023,0.706,ClearLakeDeep,2023
2476,11/1/2023,0.706,ClearLakeDeep,2023
2477,12/4/2023,0.706,ClearLakeDeep,2023
2478,12/27/2023,0.706,ClearLakeDeep,2023
2479,6/17/1980,0.0,Southwest,2023
2480,6/24/1980,0.003,Southwest,2023
2481,7/23/1980,0.037,Southwest,2023
2482,7/30/1980,0.045,Southwest,2023
2483,8/19/1980,0.057,Southwest,2023
2484,9/16/1980,0.083,Southwest,2023
2485,10/14/1980,0.103,Southwest,2023
2486,11/10/1980,0.115,Southwest,2023
2487,12/9/1980,0.125,Southwest,2023
2488,1/6/1981,0.137,Southwest,2023
2489,2/5/1981,0.144,Southwest,2023
2490,3/5/1981,0.15,Southwest,2023
2491,3/31/1981,0.16,Southwest,2023
2492,4/28/1981,0.176,Southwest,2023
2493,5/26/1981,0.186,Southwest,2023
2494,6/22/1981,0.197,Southwest,2023
2495,7/20/1981,0.209,Southwest,2023
2496,8/18/1981,0.237,Southwest,2023
2497,9/15/1981,0.254,Southwest,2023
2498,10/13/1981,0.276,Southwest,2023
2499,11/13/1981,0.287,Southwest,2023
2500,12/8/1981,0.293,Southwest,2023
2501,1/6/1982,0.302,Southwest,2023
2502,2/2/1982,0.31,Southwest,2023
2503,3/3/1982,0.32,Southwest,2023
2504,3/30/1982,0.331,Southwest,2023
2505,4/28/1982,0.345,Southwest,2023
2506,5/25/1982,0.353,Southwest,2023
2507,6/22/1982,0.392,Southwest,2023
2508,7/20/1982,0.423,Southwest,2023
2509,8/17/1982,0.449,Southwest,2023
2510,9/14/1982,0.484,Southwest,2023
2511,10/14/1982,0.511,Southwest,2023
2512,11/9/1982,0.524,Southwest,2023
2513,12/7/1982,0.53,Southwest,2023
2514,1/4/1983,0.529,Southwest,2023
2515,2/1/1983,0.53,Southwest,2023
2516,3/2/1983,0.527,Southwest,2023
2517,3/29/1983,0.529,Southwest,2023
2518,4/26/1983,0.538,Southwest,2023
2519,5/24/1983,0.549,Southwest,2023
2520,6/21/1983,0.568,Southwest,2023
2521,7/19/1983,0.584,Southwest,2023
2522,8/17/1983,0.598,Southwest,2023
2523,9/13/1983,0.599,Southwest,2023
2524,10/12/1983,0.617,Southwest,2023
2525,11/8/1983,0.628,Southwest,2023
2526,12/5/1983,0.627,Southwest,2023
2527,1/3/1984,0.63,Southwest,2023
2528,1/31/1984,0.635,Southwest,2023
2529,2/28/1984,0.64,Southwest,2023
2530,3/27/1984,0.643,Southwest,2023
2531,4/24/1984,0.663,Southwest,2023
2532,5/22/1984,0.68,Southwest,2023
2533,6/19/1984,0.697,Southwest,2023
2534,7/17/1984,0.717,Southwest,2023
2535,8/14/1984,0.729,Southwest,2023
2536,9/11/1984,0.742,Southwest,2023
2537,10/10/1984,0.754,Southwest,2023
2538,11/6/1984,0.758,Southwest,2023
2539,12/5/1984,0.763,Southwest,2023
2540,1/2/1985,0.768,Southwest,2023
2541,1/29/1985,0.769,Southwest,2023
2542,2/27/1985,0.766,Southwest,2023
2543,3/27/1985,0.763,Southwest,2023
2544,4/23/1985,0.774,Southwest,2023
2545,5/21/1985,0.805,Southwest,2023
2546,6/18/1985,0.833,Southwest,2023
2547,7/16/1985,0.849,Southwest,2023
2548,8/13/1985,0.877,Southwest,2023
2549,9/10/1985,0.897,Southwest,2023
2550,10/8/1985,0.921,Southwest,2023
2551,11/5/1985,0.939,Southwest,2023
2552,12/3/1985,0.947,Southwest,2023
2553,12/19/1985,0.95,Southwest,2023
2554,1/16/1986,0.955,Southwest,2023
2555,2/13/1986,0.956,Southwest,2023
2556,3/13/1986,0.963,Southwest,2023
2557,4/10/1986,0.982,Southwest,2023
2558,5/9/1986,0.993,Southwest,2023
2559,6/5/1986,1.006,Southwest,2023
2560,7/3/1986,1.011,Southwest,2023
2561,7/8/1986,1.015,Southwest,2023
2562,7/31/1986,1.049,Southwest,2023
2563,8/28/1986,1.061,Southwest,2023
2564,9/25/1986,1.076,Southwest,2023
2565,10/23/1986,1.083,Southwest,2023
2566,11/20/1986,1.077,Southwest,2023
2567,12/17/1986,1.063,Southwest,2023
2568,1/15/1987,1.046,Southwest,2023
2569,2/12/1987,1.044,Southwest,2023
2570,3/6/1987,1.042,Southwest,2023
2571,4/2/1987,1.051,Southwest,2023
2572,4/30/1987,1.093,Southwest,2023
2573,5/28/1987,1.106,Southwest,2023
2574,6/25/1987,1.103,Southwest,2023
2575,7/23/1987,1.117,Southwest,2023
2576,8/20/1987,1.149,Southwest,2023
2577,9/17/1987,1.181,Southwest,2023
2578,10/16/1987,1.205,Southwest,2023
2579,11/12/1987,1.217,Southwest,2023
2580,12/9/1987,1.216,Southwest,2023
2581,1/7/1988,1.207,Southwest,2023
2582,2/4/1988,1.198,Southwest,2023
2583,3/3/1988,1.192,Southwest,2023
2584,3/31/1988,1.184,Southwest,2023
2585,4/28/1988,1.204,Southwest,2023
2586,5/26/1988,1.216,Southwest,2023
2587,6/23/1988,1.242,Southwest,2023
2588,7/21/1988,1.268,Southwest,2023
2589,8/18/1988,1.282,Southwest,2023
2590,9/14/1988,1.301,Southwest,2023
2591,10/13/1988,1.316,Southwest,2023
2592,11/9/1988,1.32,Southwest,2023
2593,12/8/1988,1.323,Southwest,2023
2594,1/5/1989,1.322,Southwest,2023
2595,2/2/1989,1.303,Southwest,2023
2596,3/2/1989,1.292,Southwest,2023
2597,3/29/1989,1.293,Southwest,2023
2598,4/27/1989,1.312,Southwest,2023
2599,5/25/1989,1.311,Southwest,2023
2600,6/22/1989,1.338,Southwest,2023
2601,7/20/1989,1.338,Southwest,2023
2602,8/17/1989,1.349,Southwest,2023
2603,9/14/1989,1.375,Southwest,2023
2604,10/12/1989,1.395,Southwest,2023
2605,11/8/1989,1.387,Southwest,2023
2606,12/7/1989,1.367,Southwest,2023
2607,1/5/1990,1.352,Southwest,2023
2608,2/1/1990,1.34,Southwest,2023
2609,3/2/1990,1.328,Southwest,2023
2610,3/30/1990,1.33,Southwest,2023
2611,4/26/1990,1.339,Southwest,2023
2612,5/24/1990,1.345,Southwest,2023
2613,6/21/1990,1.401,Southwest,2023
2614,7/19/1990,1.436,Southwest,2023
2615,8/16/1990,1.474,Southwest,2023
2616,9/13/1990,1.5,Southwest,2023
2617,10/11/1990,1.513,Southwest,2023
2618,11/7/1990,1.511,Southwest,2023
2619,12/6/1990,1.497,Southwest,2023
2620,1/3/1991,1.487,Southwest,2023
2621,1/31/1991,1.473,Southwest,2023
2622,2/28/1991,1.459,Southwest,2023
2623,3/27/1991,1.456,Southwest,2023
2624,4/25/1991,1.448,Southwest,2023
2625,5/23/1991,1.449,Southwest,2023
2626,6/24/1991,1.45,Southwest,2023
2627,7/18/1991,1.449,Southwest,2023
2628,8/15/1991,1.471,Southwest,2023
2629,9/13/1991,1.495,Southwest,2023
2630,10/10/1991,1.52,Southwest,2023
2631,11/7/1991,1.534,Southwest,2023
2632,12/6/1991,1.509,Southwest,2023
2633,1/2/1992,1.477,Southwest,2023
2634,1/30/1992,1.445,Southwest,2023
2635,2/27/1992,1.411,Southwest,2023
2636,3/25/1992,1.396,Southwest,2023
2637,4/23/1992,1.394,Southwest,2023
2638,5/21/1992,1.389,Southwest,2023
2639,6/18/1992,1.392,Southwest,2023
2640,7/16/1992,1.43,Southwest,2023
2641,8/13/1992,1.442,Southwest,2023
2642,9/10/1992,1.464,Southwest,2023
2643,10/8/1992,1.479,Southwest,2023
2644,11/5/1992,1.451,Southwest,2023
2645,12/3/1992,1.402,Southwest,2023
2646,1/28/1993,1.404,Southwest,2023
2647,2/26/1993,1.377,Southwest,2023
2648,3/25/1993,1.356,Southwest,2023
2649,4/23/1993,1.347,Southwest,2023
2650,5/20/1993,1.34,Southwest,2023
2651,6/16/1993,1.353,Southwest,2023
2652,7/16/1993,1.379,Southwest,2023
2653,8/12/1993,1.437,Southwest,2023
2654,9/10/1993,1.494,Southwest,2023
2655,10/7/1993,1.535,Southwest,2023
2656,11/5/1993,1.542,Southwest,2023
2657,12/3/1993,1.529,Southwest,2023
2658,12/29/1993,1.49,Southwest,2023
2659,1/27/1994,1.473,Southwest,2023
2660,2/24/1994,1.453,Southwest,2023
2661,3/24/1994,1.438,Southwest,2023
2662,4/21/1994,1.448,Southwest,2023
2663,5/19/1994,1.446,Southwest,2023
2664,6/17/1994,1.446,Southwest,2023
2665,7/13/1994,1.452,Southwest,2023
2666,8/11/1994,1.482,Southwest,2023
2667,9/8/1994,1.482,Southwest,2023
2668,10/5/1994,1.48,Southwest,2023
2669,11/3/1994,1.467,Southwest,2023
2670,12/1/1994,1.459,Southwest,2023
2671,12/29/1994,1.45,Southwest,2023
2672,1/26/1995,1.433,Southwest,2023
2673,2/23/1995,1.424,Southwest,2023
2674,3/24/1995,1.416,Southwest,2023
2675,4/20/1995,1.423,Southwest,2023
2676,5/18/1995,1.422,Southwest,2023
2677,6/15/1995,1.43,Southwest,2023
2678,7/12/1995,1.441,Southwest,2023
2679,8/11/1995,1.446,Southwest,2023
2680,9/8/1995,1.452,Southwest,2023
2681,10/4/1995,1.459,Southwest,2023
2682,11/3/1995,1.449,Southwest,2023
2683,11/30/1995,1.443,Southwest,2023
2684,1/3/1996,1.435,Southwest,2023
2685,1/25/1996,1.429,Southwest,2023
2686,2/22/1996,1.426,Southwest,2023
2687,3/21/1996,1.431,Southwest,2023
2688,4/18/1996,1.457,Southwest,2023
2689,5/16/1996,1.452,Southwest,2023
2690,6/13/1996,1.454,Southwest,2023
2691,7/11/1996,1.458,Southwest,2023
2692,8/8/1996,1.469,Southwest,2023
2693,9/5/1996,1.467,Southwest,2023
2694,10/3/1996,1.463,Southwest,2023
2695,10/30/1996,1.459,Southwest,2023
2696,11/27/1996,1.457,Southwest,2023
2697,12/23/1996,1.448,Southwest,2023
2698,1/24/1997,1.439,Southwest,2023
2699,2/19/1997,1.434,Southwest,2023
2700,3/20/1997,1.423,Southwest,2023
2701,4/17/1997,1.419,Southwest,2023
2702,5/15/1997,1.419,Southwest,2023
2703,6/12/1997,1.415,Southwest,2023
2704,7/11/1997,1.417,Southwest,2023
2705,8/8/1997,1.431,Southwest,2023
2706,9/3/1997,1.441,Southwest,2023
2707,10/2/1997,1.448,Southwest,2023
2708,10/30/1997,1.445,Southwest,2023
2709,11/25/1997,1.443,Southwest,2023
2710,12/22/1997,1.438,Southwest,2023
2711,1/21/1998,1.432,Southwest,2023
2712,2/18/1998,1.425,Southwest,2023
2713,3/18/1998,1.422,Southwest,2023
2714,4/14/1998,1.422,Southwest,2023
2715,5/13/1998,1.425,Southwest,2023
2716,6/13/1998,1.434,Southwest,2023
2717,7/9/1998,1.448,Southwest,2023
2718,8/6/1998,1.469,Southwest,2023
2719,9/4/1998,1.478,Southwest,2023
2720,10/2/1998,1.479,Southwest,2023
2721,10/27/1998,1.476,Southwest,2023
2722,11/25/1998,1.471,Southwest,2023
2723,12/17/1998,1.468,Southwest,2023
2724,1/16/1999,1.461,Southwest,2023
2725,2/11/1999,1.459,Southwest,2023
2726,3/15/1999,1.455,Southwest,2023
2727,4/9/1999,1.452,Southwest,2023
2728,5/6/1999,1.457,Southwest,2023
2729,6/4/1999,1.46,Southwest,2023
2730,6/29/1999,1.459,Southwest,2023
2731,7/30/1999,1.462,Southwest,2023
2732,8/26/1999,1.47,Southwest,2023
2733,9/27/1999,1.487,Southwest,2023
2734,10/25/1999,1.499,Southwest,2023
2735,11/23/1999,1.503,Southwest,2023
2736,12/21/1999,1.522,Southwest,2023
2737,1/11/2000,1.513,Southwest,2023
2738,2/9/2000,1.53,Southwest,2023
2739,3/9/2000,1.538,Southwest,2023
2740,4/6/2000,1.535,Southwest,2023
2741,5/8/2000,1.52,Southwest,2023
2742,5/31/2000,1.521,Southwest,2023
2743,6/29/2000,1.521,Southwest,2023
2744,7/26/2000,1.522,Southwest,2023
2745,8/25/2000,1.527,Southwest,2023
2746,9/20/2000,1.543,Southwest,2023
2747,10/19/2000,1.546,Southwest,2023
2748,11/16/2000,1.539,Southwest,2023
2749,12/15/2000,1.531,Southwest,2023
2750,1/15/2001,1.529,Southwest,2023
2751,2/9/2001,1.527,Southwest,2023
2752,3/9/2001,1.531,Southwest,2023
2753,4/6/2001,1.523,Southwest,2023
2754,5/4/2001,1.53,Southwest,2023
2755,5/31/2001,1.525,Southwest,2023
2756,6/28/2001,1.52,Southwest,2023
2757,7/25/2001,1.522,Southwest,2023
2758,8/22/2001,1.527,Southwest,2023
2759,9/19/2001,1.53,Southwest,2023
2760,10/18/2001,1.529,Southwest,2023
2761,11/14/2001,1.544,Southwest,2023
2762,12/14/2001,1.558,Southwest,2023
2763,1/9/2002,1.553,Southwest,2023
2764,2/8/2002,1.539,Southwest,2023
2765,3/7/2002,1.532,Southwest,2023
2766,4/4/2002,1.526,Southwest,2023
2767,5/1/2002,1.522,Southwest,2023
2768,5/31/2002,1.524,Southwest,2023
2769,6/26/2002,1.526,Southwest,2023
2770,7/25/2002,1.527,Southwest,2023
2771,8/23/2002,1.523,Southwest,2023
2772,9/19/2002,1.525,Southwest,2023
2773,10/16/2002,1.523,Southwest,2023
2774,11/14/2002,1.517,Southwest,2023
2775,12/11/2002,1.534,Southwest,2023
2776,1/8/2003,1.533,Southwest,2023
2777,2/5/2003,1.53,Southwest,2023
2778,3/7/2003,1.522,Southwest,2023
2779,4/4/2003,1.525,Southwest,2023
2780,5/1/2003,1.525,Southwest,2023
2781,5/30/2003,1.53,Southwest,2023
2782,6/27/2003,1.536,Southwest,2023
2783,7/23/2003,1.537,Southwest,2023
2784,8/21/2003,1.536,Southwest,2023
2785,9/18/2003,1.535,Southwest,2023
2786,10/17/2003,1.535,Southwest,2023
2787,11/14/2003,1.539,Southwest,2023
2788,12/10/2003,1.535,Southwest,2023
2789,1/8/2004,1.528,Southwest,2023
2790,2/6/2004,1.517,Southwest,2023
2791,3/4/2004,1.509,Southwest,2023
2792,4/1/2004,1.504,Southwest,2023
2793,4/29/2004,1.503,Southwest,2023
2794,5/27/2004,1.501,Southwest,2023
2795,6/24/2004,1.5,Southwest,2023
2796,7/21/2004,1.499,Southwest,2023
2797,8/19/2004,1.503,Southwest,2023
2798,9/15/2004,1.504,Southwest,2023
2799,10/12/2004,1.508,Southwest,2023
2800,11/8/2004,1.506,Southwest,2023
2801,12/7/2004,1.505,Southwest,2023
2802,1/4/2005,1.506,Southwest,2023
2803,2/3/2005,1.503,Southwest,2023
2804,3/1/2005,1.497,Southwest,2023
2805,3/28/2005,1.493,Southwest,2023
2806,4/28/2005,1.497,Southwest,2023
2807,5/25/2005,1.498,Southwest,2023
2808,6/22/2005,1.51,Southwest,2023
2809,7/18/2005,1.532,Southwest,2023
2810,8/17/2005,1.531,Southwest,2023
2811,9/21/2005,1.538,Southwest,2023
2812,10/19/2005,1.568,Southwest,2023
2813,11/15/2005,1.588,Southwest,2023
2814,12/13/2005,1.585,Southwest,2023
2815,1/5/2006,1.585,Southwest,2023
2816,2/9/2006,1.573,Southwest,2023
2817,3/8/2006,1.565,Southwest,2023
2818,4/6/2006,1.558,Southwest,2023
2819,5/4/2006,1.554,Southwest,2023
2820,5/30/2006,1.556,Southwest,2023
2821,6/29/2006,1.561,Southwest,2023
2822,7/28/2006,1.558,Southwest,2023
2823,8/24/2006,1.558,Southwest,2023
2824,9/26/2006,1.559,Southwest,2023
2825,10/23/2006,1.555,Southwest,2023
2826,11/15/2006,1.573,Southwest,2023
2827,12/16/2006,1.56,Southwest,2023
2828,1/9/2007,1.552,Southwest,2023
2829,2/5/2007,1.543,Southwest,2023
2830,3/14/2007,1.556,Southwest,2023
2831,4/4/2007,1.549,Southwest,2023
2832,5/4/2007,1.543,Southwest,2023
2833,5/31/2007,1.538,Southwest,2023
2834,6/29/2007,1.538,Southwest,2023
2835,7/26/2007,1.534,Southwest,2023
2836,8/24/2007,1.533,Southwest,2023
2837,9/18/2007,1.532,Southwest,2023
2838,10/18/2007,1.542,Southwest,2023
2839,11/19/2007,1.536,Southwest,2023
2840,12/14/2007,1.532,Southwest,2023
2841,1/7/2008,1.531,Southwest,2023
2842,2/12/2008,1.529,Southwest,2023
2843,3/13/2008,1.521,Southwest,2023
2844,4/15/2008,1.521,Southwest,2023
2845,5/8/2008,1.521,Southwest,2023
2846,6/9/2008,1.538,Southwest,2023
2847,7/11/2008,1.539,Southwest,2023
2848,8/28/2008,1.547,Southwest,2023
2849,10/2/2008,1.556,Southwest,2023
2850,10/30/2008,1.569,Southwest,2023
2851,11/26/2008,1.577,Southwest,2023
2852,12/19/2008,1.586,Southwest,2023
2853,1/22/2009,1.597,Southwest,2023
2854,3/6/2009,1.609,Southwest,2023
2855,4/3/2009,1.615,Southwest,2023
2856,4/30/2009,1.605,Southwest,2023
2857,5/28/2009,1.619,Southwest,2023
2858,6/24/2009,1.629,Southwest,2023
2859,7/21/2009,1.645,Southwest,2023
2860,8/18/2009,1.652,Southwest,2023
2861,9/17/2009,1.651,Southwest,2023
2862,10/15/2009,1.635,Southwest,2023
2863,11/13/2009,1.637,Southwest,2023
2864,12/9/2009,1.622,Southwest,2023
2865,1/6/2010,1.609,Southwest,2023
2866,2/9/2010,1.622,Southwest,2023
2867,3/11/2010,1.626,Southwest,2023
2868,3/30/2010,1.627,Southwest,2023
2869,5/4/2010,1.629,Southwest,2023
2870,6/3/2010,1.623,Southwest,2023
2871,7/1/2010,1.612,Southwest,2023
2872,7/28/2010,1.604,Southwest,2023
2873,8/27/2010,1.604,Southwest,2023
2874,9/23/2010,1.6,Southwest,2023
2875,10/20/2010,1.599,Southwest,2023
2876,11/18/2010,1.6,Southwest,2023
2877,12/14/2010,1.596,Southwest,2023
2878,1/3/2011,1.591,Southwest,2023
2879,2/1/2011,1.586,Southwest,2023
2880,3/3/2011,1.581,Southwest,2023
2881,3/31/2011,1.596,Southwest,2023
2882,5/12/2011,1.59,Southwest,2023
2883,6/7/2011,1.609,Southwest,2023
2884,7/6/2011,1.622,Southwest,2023
2885,8/3/2011,1.64,Southwest,2023
2886,9/9/2011,1.672,Southwest,2023
2887,10/7/2011,1.687,Southwest,2023
2888,11/2/2011,1.67,Southwest,2023
2889,12/1/2011,1.661,Southwest,2023
2890,12/30/2011,1.65,Southwest,2023
2891,1/24/2012,1.652,Southwest,2023
2892,2/24/2012,1.653,Southwest,2023
2893,3/22/2012,1.638,Southwest,2023
2894,4/19/2012,1.633,Southwest,2023
2895,5/17/2012,1.627,Southwest,2023
2896,6/12/2012,1.645,Southwest,2023
2897,7/5/2012,1.651,Southwest,2023
2898,8/7/2012,1.652,Southwest,2023
2899,9/7/2012,1.662,Southwest,2023
2900,10/12/2012,1.653,Southwest,2023
2901,11/7/2012,1.646,Southwest,2023
2902,12/5/2012,1.644,Southwest,2023
2903,1/7/2013,1.635,Southwest,2023
2904,2/21/2013,1.624,Southwest,2023
2905,4/1/2013,1.619,Southwest,2023
2906,4/30/2013,1.615,Southwest,2023
2907,5/30/2013,1.614,Southwest,2023
2908,6/21/2013,1.621,Southwest,2023
2909,7/24/2013,1.644,Southwest,2023
2910,8/29/2013,1.662,Southwest,2023
2911,9/25/2013,1.668,Southwest,2023
2912,10/22/2013,1.66,Southwest,2023
2913,11/21/2013,1.648,Southwest,2023
2914,12/19/2013,1.641,Southwest,2023
2915,1/30/2014,1.634,Southwest,2023
2916,3/3/2014,1.629,Southwest,2023
2917,4/3/2014,1.624,Southwest,2023
2918,5/15/2014,1.622,Southwest,2023
2919,6/11/2014,1.634,Southwest,2023
2920,7/11/2014,1.647,Southwest,2023
2921,8/8/2014,1.648,Southwest,2023
2922,9/2/2014,1.646,Southwest,2023
2923,10/10/2014,1.646,Southwest,2023
2924,11/6/2014,1.652,Southwest,2023
2925,12/10/2014,1.635,Southwest,2023
2926,1/20/2015,1.621,Southwest,2023
2927,2/24/2015,1.618,Southwest,2023
2928,4/2/2015,1.611,Southwest,2023
2929,4/27/2015,1.608,Southwest,2023
2930,5/18/2015,1.609,Southwest,2023
2931,6/25/2015,1.621,Southwest,2023
2932,7/22/2015,1.63,Southwest,2023
2933,9/9/2015,1.662,Southwest,2023
2934,9/28/2015,1.665,Southwest,2023
2935,10/28/2015,1.654,Southwest,2023
2936,11/24/2015,1.659,Southwest,2023
2937,12/23/2015,1.664,Southwest,2023
2938,1/20/2016,1.664,Southwest,2023
2939,3/1/2016,1.67,Southwest,2023
2940,3/31/2016,1.671,Southwest,2023
2941,5/3/2016,1.668,Southwest,2023
2942,6/1/2016,1.665,Southwest,2023
2943,7/1/2016,1.662,Southwest,2023
2944,8/2/2016,1.675,Southwest,2023
2945,8/26/2016,1.674,Southwest,2023
2946,9/27/2016,1.679,Southwest,2023
2947,10/21/2016,1.683,Southwest,2023
2948,12/1/2016,1.692,Southwest,2023
2949,12/22/2016,1.693,Southwest,2023
2950,1/31/2017,1.689,Southwest,2023
2951,3/1/2017,1.68,Southwest,2023
2952,3/24/2017,1.674,Southwest,2023
2953,4/20/2017,1.678,Southwest,2023
2954,5/31/2017,1.679,Southwest,2023
2955,6/22/2017,1.672,Southwest,2023
2956,7/19/2017,1.678,Southwest,2023
2957,8/16/2017,1.686,Southwest,2023
2958,9/26/2017,1.688,Southwest,2023
2959,10/20/2017,1.691,Southwest,2023
2960,11/17/2017,1.696,Southwest,2023
2961,12/28/2017,1.692,Southwest,2023
2962,1/30/2018,1.689,Southwest,2023
2963,2/28/2018,1.686,Southwest,2023
2964,3/22/2018,1.683,Southwest,2023
2965,4/18/2018,1.677,Southwest,2023
2966,5/22/2018,1.685,Southwest,2023
2967,6/25/2018,1.692,Southwest,2023
2968,7/19/2018,1.695,Southwest,2023
2969,8/31/2018,1.704,Southwest,2023
2970,9/19/2018,1.695,Southwest,2023
2971,10/18/2018,1.692,Southwest,2023
2972,11/21/2018,1.693,Southwest,2023
2973,12/18/2018,1.678,Southwest,2023
2974,1/29/2019,1.67,Southwest,2023
2975,2/27/2019,1.671,Southwest,2023
2976,3/21/2019,1.678,Southwest,2023
2977,4/19/2019,1.685,Southwest,2023
2978,5/29/2019,1.691,Southwest,2023
2979,6/28/2019,1.693,Southwest,2023
2980,7/25/2019,1.701,Southwest,2023
2981,8/22/2019,1.711,Southwest,2023
2982,10/2/2019,1.711,Southwest,2023
2983,11/4/2019,1.709,Southwest,2023
2984,11/26/2019,1.712,Southwest,2023
2985,12/27/2019,1.714,Southwest,2023
2986,1/30/2020,1.698,Southwest,2023
2987,3/4/2020,1.693,Southwest,2023
2988,4/7/2020,1.69,Southwest,2023
2989,5/1/2020,1.679,Southwest,2023
2990,5/29/2020,1.679,Southwest,2023
2991,6/24/2020,1.689,Southwest,2023
2992,7/23/2020,1.692,Southwest,2023
2993,8/20/2020,1.695,Southwest,2023
2994,9/24/2020,1.701,Southwest,2023
2995,10/29/2020,1.691,Southwest,2023
2996,11/24/2020,1.696,Southwest,2023
2997,12/30/2020,1.692,Southwest,2023
2998,2/2/2021,1.702,Southwest,2023
2999,2/25/2021,1.7,Southwest,2023
3000,4/2/2021,1.701,Southwest,2023
3001,5/7/2021,1.698,Southwest,2023
3002,6/7/2021,1.696,Southwest,2023
3003,6/30/2021,1.695,Southwest,2023
3004,7/23/2021,1.689,Southwest,2023
3005,9/2/2021,1.7,Southwest,2023
3006,9/23/2021,1.7,Southwest,2023
3007,10/28/2021,1.702,Southwest,2023
3008,11/22/2021,1.701,Southwest,2023
3009,1/7/2022,1.682,Southwest,2023
3010,1/27/2022,1.682,Southwest,2023
3011,2/28/2022,1.683,Southwest,2023
3012,3/29/2022,1.673,Southwest,2023
3013,4/27/2022,1.678,Southwest,2023
3014,6/2/2022,1.692,Southwest,2023
3015,6/28/2022,1.697,Southwest,2023
3016,7/28/2022,1.71,Southwest,2023
3017,8/30/2022,1.721,Southwest,2023
3018,9/27/2022,1.726,Southwest,2023
3019,11/3/2022,1.732,Southwest,2023
3020,11/30/2022,1.731,Southwest,2023
3021,12/27/2022,1.73,Southwest,2023
3022,1/23/2023,1.726,Southwest,2023
3023,3/1/2023,1.713,Southwest,2023
3024,3/29/2023,1.717,Southwest,2023
3025,4/27/2023,1.714,Southwest,2023
3026,5/30/2023,1.712,Southwest,2023
3027,6/29/2023,1.718,Southwest,2023
3028,7/25/2023,1.725,Southwest,2023
3029,8/28/2023,1.742,Southwest,2023
3030,9/29/2023,1.76,Southwest,2023
3031,10/31/2023,1.765,Southwest,2023
3032,12/11/2023,1.767,Southwest,2023
3033,12/28/2023,1.756,Southwest,2023
3034,7/24/1973,0.0,BaytownShallow,2023
3035,8/13/1973,0.002,BaytownShallow,2023
3036,8/17/1973,0.001,BaytownShallow,2023
3037,9/13/1973,0.005,BaytownShallow,2023
3038,10/11/1973,0.015,BaytownShallow,2023
3039,10/13/1973,0.012,BaytownShallow,2023
3040,10/17/1973,0.012,BaytownShallow,2023
3041,10/29/1973,0.015,BaytownShallow,2023
3042,10/30/1973,0.013,BaytownShallow,2023
3043,11/9/1973,0.015,BaytownShallow,2023
3044,11/26/1973,0.019,BaytownShallow,2023
3045,12/1/1973,0.022,BaytownShallow,2023
3046,12/3/1973,0.022,BaytownShallow,2023
3047,12/4/1973,0.021,BaytownShallow,2023
3048,12/7/1973,0.023,BaytownShallow,2023
3049,12/31/1973,0.023,BaytownShallow,2023
3050,1/4/1974,0.024,BaytownShallow,2023
3051,2/5/1974,0.027,BaytownShallow,2023
3052,3/8/1974,0.032,BaytownShallow,2023
3053,4/5/1974,0.038,BaytownShallow,2023
3054,5/6/1974,0.041,BaytownShallow,2023
3055,6/4/1974,0.049,BaytownShallow,2023
3056,7/2/1974,0.064,BaytownShallow,2023
3057,7/30/1974,0.082,BaytownShallow,2023
3058,8/22/1974,0.093,BaytownShallow,2023
3059,9/30/1974,0.093,BaytownShallow,2023
3060,10/30/1974,0.099,BaytownShallow,2023
3061,11/27/1974,0.095,BaytownShallow,2023
3062,12/23/1974,0.094,BaytownShallow,2023
3063,1/24/1975,0.095,BaytownShallow,2023
3064,2/21/1975,0.097,BaytownShallow,2023
3065,3/24/1975,0.1,BaytownShallow,2023
3066,4/24/1975,0.104,BaytownShallow,2023
3067,5/23/1975,0.111,BaytownShallow,2023
3068,6/24/1975,0.121,BaytownShallow,2023
3069,7/23/1975,0.125,BaytownShallow,2023
3070,8/21/1975,0.132,BaytownShallow,2023
3071,9/19/1975,0.144,BaytownShallow,2023
3072,10/15/1975,0.175,BaytownShallow,2023
3073,11/20/1975,0.147,BaytownShallow,2023
3074,12/22/1975,0.146,BaytownShallow,2023
3075,1/21/1976,0.152,BaytownShallow,2023
3076,2/20/1976,0.157,BaytownShallow,2023
3077,3/22/1976,0.16,BaytownShallow,2023
3078,4/21/1976,0.166,BaytownShallow,2023
3079,5/21/1976,0.176,BaytownShallow,2023
3080,6/21/1976,0.19,BaytownShallow,2023
3081,7/19/1976,0.208,BaytownShallow,2023
3082,8/17/1976,0.25,BaytownShallow,2023
3083,9/14/1976,0.264,BaytownShallow,2023
3084,9/20/1976,0.215,BaytownShallow,2023
3085,10/12/1976,0.223,BaytownShallow,2023
3086,10/29/1976,0.212,BaytownShallow,2023
3087,11/9/1976,0.195,BaytownShallow,2023
3088,12/7/1976,0.192,BaytownShallow,2023
3089,1/4/1977,0.194,BaytownShallow,2023
3090,2/1/1977,0.198,BaytownShallow,2023
3091,3/1/1977,0.202,BaytownShallow,2023
3092,3/29/1977,0.202,BaytownShallow,2023
3093,4/26/1977,0.207,BaytownShallow,2023
3094,5/24/1977,0.234,BaytownShallow,2023
3095,6/21/1977,0.267,BaytownShallow,2023
3096,7/19/1977,0.308,BaytownShallow,2023
3097,8/16/1977,0.336,BaytownShallow,2023
3098,9/13/1977,0.333,BaytownShallow,2023
3099,10/11/1977,0.353,BaytownShallow,2023
3100,11/7/1977,0.359,BaytownShallow,2023
3101,12/6/1977,0.276,BaytownShallow,2023
3102,1/3/1978,0.274,BaytownShallow,2023
3103,1/31/1978,0.261,BaytownShallow,2023
3104,2/28/1978,0.261,BaytownShallow,2023
3105,3/28/1978,0.266,BaytownShallow,2023
3106,4/25/1978,0.285,BaytownShallow,2023
3107,5/23/1978,0.346,BaytownShallow,2023
3108,6/20/1978,0.394,BaytownShallow,2023
3109,7/19/1978,0.443,BaytownShallow,2023
3110,8/1/1978,0.402,BaytownShallow,2023
3111,8/15/1978,0.417,BaytownShallow,2023
3112,9/10/1978,0.437,BaytownShallow,2023
3113,9/13/1978,0.326,BaytownShallow,2023
3114,10/10/1978,0.382,BaytownShallow,2023
3115,11/7/1978,0.434,BaytownShallow,2023
3116,11/26/1978,0.429,BaytownShallow,2023
3117,11/27/1978,0.359,BaytownShallow,2023
3118,12/4/1978,0.341,BaytownShallow,2023
3119,1/3/1979,0.331,BaytownShallow,2023
3120,1/30/1979,0.325,BaytownShallow,2023
3121,2/27/1979,0.325,BaytownShallow,2023
3122,3/27/1979,0.325,BaytownShallow,2023
3123,4/23/1979,0.322,BaytownShallow,2023
3124,5/22/1979,0.343,BaytownShallow,2023
3125,6/19/1979,0.357,BaytownShallow,2023
3126,6/26/1979,0.377,BaytownShallow,2023
3127,6/27/1979,0.373,BaytownShallow,2023
3128,7/7/1979,0.403,BaytownShallow,2023
3129,7/8/1979,0.394,BaytownShallow,2023
3130,7/12/1979,0.407,BaytownShallow,2023
3131,7/14/1979,0.347,BaytownShallow,2023
3132,7/17/1979,0.348,BaytownShallow,2023
3133,7/20/1979,0.352,BaytownShallow,2023
3134,7/27/1979,0.336,BaytownShallow,2023
3135,8/11/1979,0.384,BaytownShallow,2023
3136,8/14/1979,0.372,BaytownShallow,2023
3137,8/16/1979,0.376,BaytownShallow,2023
3138,8/17/1979,0.368,BaytownShallow,2023
3139,8/20/1979,0.371,BaytownShallow,2023
3140,8/23/1979,0.351,BaytownShallow,2023
3141,9/1/1979,0.363,BaytownShallow,2023
3142,9/2/1979,0.36,BaytownShallow,2023
3143,9/5/1979,0.362,BaytownShallow,2023
3144,9/8/1979,0.341,BaytownShallow,2023
3145,9/10/1979,0.342,BaytownShallow,2023
3146,9/17/1979,0.357,BaytownShallow,2023
3147,9/20/1979,0.338,BaytownShallow,2023
3148,10/9/1979,0.382,BaytownShallow,2023
3149,10/22/1979,0.41,BaytownShallow,2023
3150,10/23/1979,0.403,BaytownShallow,2023
3151,10/30/1979,0.41,BaytownShallow,2023
3152,11/2/1979,0.345,BaytownShallow,2023
3153,11/5/1979,0.345,BaytownShallow,2023
3154,12/4/1979,0.35,BaytownShallow,2023
3155,1/2/1980,0.347,BaytownShallow,2023
3156,2/5/1980,0.339,BaytownShallow,2023
3157,3/5/1980,0.337,BaytownShallow,2023
3158,4/1/1980,0.334,BaytownShallow,2023
3159,4/29/1980,0.345,BaytownShallow,2023
3160,5/27/1980,0.354,BaytownShallow,2023
3161,6/24/1980,0.428,BaytownShallow,2023
3162,7/23/1980,0.474,BaytownShallow,2023
3163,8/19/1980,0.503,BaytownShallow,2023
3164,9/5/1980,0.531,BaytownShallow,2023
3165,9/10/1980,0.425,BaytownShallow,2023
3166,9/16/1980,0.432,BaytownShallow,2023
3167,9/25/1980,0.444,BaytownShallow,2023
3168,10/2/1980,0.419,BaytownShallow,2023
3169,10/14/1980,0.438,BaytownShallow,2023
3170,10/18/1980,0.444,BaytownShallow,2023
3171,10/19/1980,0.398,BaytownShallow,2023
3172,11/10/1980,0.413,BaytownShallow,2023
3173,12/8/1980,0.409,BaytownShallow,2023
3174,1/5/1981,0.383,BaytownShallow,2023
3175,1/19/1981,0.373,BaytownShallow,2023
3176,2/4/1981,0.367,BaytownShallow,2023
3177,3/2/1981,0.363,BaytownShallow,2023
3178,3/30/1981,0.367,BaytownShallow,2023
3179,4/22/1981,0.387,BaytownShallow,2023
3180,4/23/1981,0.371,BaytownShallow,2023
3181,4/29/1981,0.371,BaytownShallow,2023
3182,5/26/1981,0.392,BaytownShallow,2023
3183,6/23/1981,0.387,BaytownShallow,2023
3184,7/3/1981,0.406,BaytownShallow,2023
3185,7/8/1981,0.379,BaytownShallow,2023
3186,7/20/1981,0.418,BaytownShallow,2023
3187,8/18/1981,0.489,BaytownShallow,2023
3188,8/30/1981,0.509,BaytownShallow,2023
3189,9/2/1981,0.469,BaytownShallow,2023
3190,9/15/1981,0.48,BaytownShallow,2023
3191,10/5/1981,0.512,BaytownShallow,2023
3192,10/8/1981,0.41,BaytownShallow,2023
3193,10/13/1981,0.41,BaytownShallow,2023
3194,11/10/1981,0.391,BaytownShallow,2023
3195,12/8/1981,0.388,BaytownShallow,2023
3196,1/5/1982,0.378,BaytownShallow,2023
3197,2/3/1982,0.373,BaytownShallow,2023
3198,3/1/1982,0.368,BaytownShallow,2023
3199,3/31/1982,0.369,BaytownShallow,2023
3200,4/27/1982,0.367,BaytownShallow,2023
3201,5/25/1982,0.367,BaytownShallow,2023
3202,6/23/1982,0.465,BaytownShallow,2023
3203,6/27/1982,0.393,BaytownShallow,2023
3204,7/21/1982,0.497,BaytownShallow,2023
3205,8/17/1982,0.539,BaytownShallow,2023
3206,9/14/1982,0.578,BaytownShallow,2023
3207,10/12/1982,0.601,BaytownShallow,2023
3208,11/9/1982,0.601,BaytownShallow,2023
3209,12/8/1982,0.417,BaytownShallow,2023
3210,1/3/1983,0.401,BaytownShallow,2023
3211,2/1/1983,0.395,BaytownShallow,2023
3212,3/2/1983,0.391,BaytownShallow,2023
3213,3/29/1983,0.389,BaytownShallow,2023
3214,4/26/1983,0.407,BaytownShallow,2023
3215,5/23/1983,0.401,BaytownShallow,2023
3216,6/22/1983,0.459,BaytownShallow,2023
3217,7/19/1983,0.419,BaytownShallow,2023
3218,8/16/1983,0.435,BaytownShallow,2023
3219,9/13/1983,0.418,BaytownShallow,2023
3220,10/11/1983,0.441,BaytownShallow,2023
3221,11/7/1983,0.441,BaytownShallow,2023
3222,12/6/1983,0.433,BaytownShallow,2023
3223,1/3/1984,0.429,BaytownShallow,2023
3224,1/31/1984,0.422,BaytownShallow,2023
3225,2/29/1984,0.418,BaytownShallow,2023
3226,3/26/1984,0.417,BaytownShallow,2023
3227,4/24/1984,0.42,BaytownShallow,2023
3228,5/21/1984,0.43,BaytownShallow,2023
3229,6/19/1984,0.447,BaytownShallow,2023
3230,7/17/1984,0.474,BaytownShallow,2023
3231,8/14/1984,0.474,BaytownShallow,2023
3232,9/11/1984,0.477,BaytownShallow,2023
3233,10/9/1984,0.467,BaytownShallow,2023
3234,11/6/1984,0.443,BaytownShallow,2023
3235,12/5/1984,0.444,BaytownShallow,2023
3236,1/2/1985,0.439,BaytownShallow,2023
3237,1/29/1985,0.434,BaytownShallow,2023
3238,2/26/1985,0.43,BaytownShallow,2023
3239,3/27/1985,0.426,BaytownShallow,2023
3240,4/23/1985,0.428,BaytownShallow,2023
3241,5/21/1985,0.43,BaytownShallow,2023
3242,6/18/1985,0.438,BaytownShallow,2023
3243,7/16/1985,0.438,BaytownShallow,2023
3244,8/13/1985,0.453,BaytownShallow,2023
3245,9/10/1985,0.468,BaytownShallow,2023
3246,10/8/1985,0.465,BaytownShallow,2023
3247,11/5/1985,0.444,BaytownShallow,2023
3248,12/3/1985,0.441,BaytownShallow,2023
3249,12/19/1985,0.44,BaytownShallow,2023
3250,1/16/1986,0.44,BaytownShallow,2023
3251,2/13/1986,0.437,BaytownShallow,2023
3252,3/14/1986,0.439,BaytownShallow,2023
3253,4/10/1986,0.442,BaytownShallow,2023
3254,5/8/1986,0.44,BaytownShallow,2023
3255,6/5/1986,0.44,BaytownShallow,2023
3256,7/3/1986,0.443,BaytownShallow,2023
3257,7/31/1986,0.464,BaytownShallow,2023
3258,8/28/1986,0.469,BaytownShallow,2023
3259,9/25/1986,0.444,BaytownShallow,2023
3260,10/23/1986,0.441,BaytownShallow,2023
3261,11/20/1986,0.439,BaytownShallow,2023
3262,12/18/1986,0.435,BaytownShallow,2023
3263,1/15/1987,0.433,BaytownShallow,2023
3264,2/11/1987,0.433,BaytownShallow,2023
3265,3/6/1987,0.431,BaytownShallow,2023
3266,4/2/1987,0.432,BaytownShallow,2023
3267,5/1/1987,0.434,BaytownShallow,2023
3268,5/28/1987,0.43,BaytownShallow,2023
3269,6/24/1987,0.427,BaytownShallow,2023
3270,7/23/1987,0.427,BaytownShallow,2023
3271,8/20/1987,0.431,BaytownShallow,2023
3272,9/17/1987,0.435,BaytownShallow,2023
3273,10/15/1987,0.438,BaytownShallow,2023
3274,11/12/1987,0.444,BaytownShallow,2023
3275,12/9/1987,0.442,BaytownShallow,2023
3276,1/7/1988,0.435,BaytownShallow,2023
3277,2/8/1988,0.434,BaytownShallow,2023
3278,3/3/1988,0.432,BaytownShallow,2023
3279,3/31/1988,0.43,BaytownShallow,2023
3280,4/28/1988,0.434,BaytownShallow,2023
3281,5/26/1988,0.435,BaytownShallow,2023
3282,6/23/1988,0.439,BaytownShallow,2023
3283,7/21/1988,0.441,BaytownShallow,2023
3284,8/18/1988,0.439,BaytownShallow,2023
3285,9/14/1988,0.442,BaytownShallow,2023
3286,10/13/1988,0.446,BaytownShallow,2023
3287,11/9/1988,0.455,BaytownShallow,2023
3288,12/8/1988,0.461,BaytownShallow,2023
3289,1/5/1989,0.46,BaytownShallow,2023
3290,2/2/1989,0.433,BaytownShallow,2023
3291,3/2/1989,0.433,BaytownShallow,2023
3292,3/29/1989,0.433,BaytownShallow,2023
3293,4/26/1989,0.437,BaytownShallow,2023
3294,5/23/1989,0.438,BaytownShallow,2023
3295,6/22/1989,0.46,BaytownShallow,2023
3296,7/20/1989,0.444,BaytownShallow,2023
3297,8/17/1989,0.446,BaytownShallow,2023
3298,9/15/1989,0.466,BaytownShallow,2023
3299,10/12/1989,0.485,BaytownShallow,2023
3300,11/8/1989,0.453,BaytownShallow,2023
3301,12/7/1989,0.45,BaytownShallow,2023
3302,1/4/1990,0.448,BaytownShallow,2023
3303,2/1/1990,0.445,BaytownShallow,2023
3304,3/1/1990,0.444,BaytownShallow,2023
3305,3/29/1990,0.444,BaytownShallow,2023
3306,4/26/1990,0.444,BaytownShallow,2023
3307,5/24/1990,0.444,BaytownShallow,2023
3308,6/21/1990,0.447,BaytownShallow,2023
3309,7/19/1990,0.45,BaytownShallow,2023
3310,8/16/1990,0.459,BaytownShallow,2023
3311,9/13/1990,0.458,BaytownShallow,2023
3312,10/11/1990,0.458,BaytownShallow,2023
3313,11/7/1990,0.457,BaytownShallow,2023
3314,12/7/1990,0.455,BaytownShallow,2023
3315,1/3/1991,0.45,BaytownShallow,2023
3316,1/31/1991,0.447,BaytownShallow,2023
3317,2/28/1991,0.446,BaytownShallow,2023
3318,3/27/1991,0.447,BaytownShallow,2023
3319,4/25/1991,0.445,BaytownShallow,2023
3320,5/24/1991,0.444,BaytownShallow,2023
3321,6/24/1991,0.447,BaytownShallow,2023
3322,7/18/1991,0.447,BaytownShallow,2023
3323,8/16/1991,0.449,BaytownShallow,2023
3324,9/11/1991,0.447,BaytownShallow,2023
3325,10/10/1991,0.451,BaytownShallow,2023
3326,11/7/1991,0.453,BaytownShallow,2023
3327,12/6/1991,0.449,BaytownShallow,2023
3328,1/2/1992,0.445,BaytownShallow,2023
3329,1/30/1992,0.442,BaytownShallow,2023
3330,2/27/1992,0.44,BaytownShallow,2023
3331,3/27/1992,0.442,BaytownShallow,2023
3332,4/23/1992,0.44,BaytownShallow,2023
3333,5/21/1992,0.441,BaytownShallow,2023
3334,6/19/1992,0.44,BaytownShallow,2023
3335,7/15/1992,0.444,BaytownShallow,2023
3336,8/14/1992,0.448,BaytownShallow,2023
3337,9/10/1992,0.453,BaytownShallow,2023
3338,10/8/1992,0.464,BaytownShallow,2023
3339,11/5/1992,0.468,BaytownShallow,2023
3340,12/2/1992,0.454,BaytownShallow,2023
3341,12/30/1992,0.446,BaytownShallow,2023
3342,1/28/1993,0.443,BaytownShallow,2023
3343,2/24/1993,0.442,BaytownShallow,2023
3344,3/25/1993,0.439,BaytownShallow,2023
3345,4/22/1993,0.441,BaytownShallow,2023
3346,5/19/1993,0.44,BaytownShallow,2023
3347,6/17/1993,0.443,BaytownShallow,2023
3348,7/14/1993,0.445,BaytownShallow,2023
3349,8/13/1993,0.461,BaytownShallow,2023
3350,9/9/1993,0.474,BaytownShallow,2023
3351,10/6/1993,0.49,BaytownShallow,2023
3352,11/4/1993,0.469,BaytownShallow,2023
3353,12/2/1993,0.459,BaytownShallow,2023
3354,12/29/1993,0.454,BaytownShallow,2023
3355,1/27/1994,0.451,BaytownShallow,2023
3356,2/24/1994,0.449,BaytownShallow,2023
3357,3/24/1994,0.449,BaytownShallow,2023
3358,4/20/1994,0.449,BaytownShallow,2023
3359,5/20/1994,0.447,BaytownShallow,2023
3360,6/17/1994,0.451,BaytownShallow,2023
3361,7/15/1994,0.453,BaytownShallow,2023
3362,8/11/1994,0.458,BaytownShallow,2023
3363,9/9/1994,0.458,BaytownShallow,2023
3364,10/7/1994,0.466,BaytownShallow,2023
3365,11/3/1994,0.455,BaytownShallow,2023
3366,12/1/1994,0.459,BaytownShallow,2023
3367,12/29/1994,0.451,BaytownShallow,2023
3368,1/26/1995,0.448,BaytownShallow,2023
3369,2/24/1995,0.448,BaytownShallow,2023
3370,3/22/1995,0.446,BaytownShallow,2023
3371,4/20/1995,0.446,BaytownShallow,2023
3372,5/18/1995,0.448,BaytownShallow,2023
3373,6/14/1995,0.448,BaytownShallow,2023
3374,7/14/1995,0.452,BaytownShallow,2023
3375,8/10/1995,0.456,BaytownShallow,2023
3376,9/8/1995,0.467,BaytownShallow,2023
3377,10/6/1995,0.471,BaytownShallow,2023
3378,11/2/1995,0.476,BaytownShallow,2023
3379,11/30/1995,0.467,BaytownShallow,2023
3380,1/4/1996,0.46,BaytownShallow,2023
3381,1/26/1996,0.459,BaytownShallow,2023
3382,2/22/1996,0.459,BaytownShallow,2023
3383,3/20/1996,0.46,BaytownShallow,2023
3384,4/18/1996,0.462,BaytownShallow,2023
3385,5/16/1996,0.467,BaytownShallow,2023
3386,6/12/1996,0.478,BaytownShallow,2023
3387,7/12/1996,0.469,BaytownShallow,2023
3388,8/9/1996,0.486,BaytownShallow,2023
3389,9/6/1996,0.468,BaytownShallow,2023
3390,10/3/1996,0.463,BaytownShallow,2023
3391,10/29/1996,0.463,BaytownShallow,2023
3392,11/26/1996,0.468,BaytownShallow,2023
3393,12/23/1996,0.465,BaytownShallow,2023
3394,1/23/1997,0.458,BaytownShallow,2023
3395,2/20/1997,0.454,BaytownShallow,2023
3396,3/20/1997,0.452,BaytownShallow,2023
3397,4/17/1997,0.452,BaytownShallow,2023
3398,5/16/1997,0.452,BaytownShallow,2023
3399,6/12/1997,0.452,BaytownShallow,2023
3400,7/9/1997,0.454,BaytownShallow,2023
3401,8/6/1997,0.46,BaytownShallow,2023
3402,9/5/1997,0.471,BaytownShallow,2023
3403,10/3/1997,0.465,BaytownShallow,2023
3404,10/30/1997,0.461,BaytownShallow,2023
3405,11/25/1997,0.459,BaytownShallow,2023
3406,12/23/1997,0.458,BaytownShallow,2023
3407,1/22/1998,0.457,BaytownShallow,2023
3408,2/20/1998,0.456,BaytownShallow,2023
3409,3/19/1998,0.455,BaytownShallow,2023
3410,4/16/1998,0.459,BaytownShallow,2023
3411,5/15/1998,0.464,BaytownShallow,2023
3412,6/10/1998,0.472,BaytownShallow,2023
3413,7/10/1998,0.482,BaytownShallow,2023
3414,8/7/1998,0.5,BaytownShallow,2023
3415,9/3/1998,0.494,BaytownShallow,2023
3416,10/2/1998,0.479,BaytownShallow,2023
3417,10/28/1998,0.474,BaytownShallow,2023
3418,11/23/1998,0.472,BaytownShallow,2023
3419,12/17/1998,0.471,BaytownShallow,2023
3420,1/15/1999,0.468,BaytownShallow,2023
3421,2/10/1999,0.469,BaytownShallow,2023
3422,3/10/1999,0.47,BaytownShallow,2023
3423,4/7/1999,0.468,BaytownShallow,2023
3424,5/8/1999,0.473,BaytownShallow,2023
3425,6/2/1999,0.471,BaytownShallow,2023
3426,7/1/1999,0.469,BaytownShallow,2023
3427,7/30/1999,0.469,BaytownShallow,2023
3428,8/26/1999,0.475,BaytownShallow,2023
3429,9/24/1999,0.484,BaytownShallow,2023
3430,10/21/1999,0.491,BaytownShallow,2023
3431,11/19/1999,0.503,BaytownShallow,2023
3432,12/21/1999,0.504,BaytownShallow,2023
3433,1/12/2000,0.506,BaytownShallow,2023
3434,2/10/2000,0.502,BaytownShallow,2023
3435,3/9/2000,0.501,BaytownShallow,2023
3436,4/6/2000,0.496,BaytownShallow,2023
3437,5/5/2000,0.489,BaytownShallow,2023
3438,6/1/2000,0.492,BaytownShallow,2023
3439,6/30/2000,0.514,BaytownShallow,2023
3440,7/27/2000,0.546,BaytownShallow,2023
3441,8/25/2000,0.576,BaytownShallow,2023
3442,9/23/2000,0.603,BaytownShallow,2023
3443,10/23/2000,0.615,BaytownShallow,2023
3444,11/16/2000,0.587,BaytownShallow,2023
3445,12/15/2000,0.556,BaytownShallow,2023
3446,1/15/2001,0.546,BaytownShallow,2023
3447,2/12/2001,0.54,BaytownShallow,2023
3448,3/8/2001,0.537,BaytownShallow,2023
3449,4/6/2001,0.533,BaytownShallow,2023
3450,5/4/2001,0.537,BaytownShallow,2023
3451,5/30/2001,0.543,BaytownShallow,2023
3452,6/28/2001,0.534,BaytownShallow,2023
3453,7/26/2001,0.537,BaytownShallow,2023
3454,8/23/2001,0.531,BaytownShallow,2023
3455,9/19/2001,0.528,BaytownShallow,2023
3456,10/19/2001,0.525,BaytownShallow,2023
3457,11/16/2001,0.53,BaytownShallow,2023
3458,12/14/2001,0.522,BaytownShallow,2023
3459,1/10/2002,0.518,BaytownShallow,2023
3460,2/8/2002,0.518,BaytownShallow,2023
3461,3/8/2002,0.515,BaytownShallow,2023
3462,4/3/2002,0.514,BaytownShallow,2023
3463,5/2/2002,0.515,BaytownShallow,2023
3464,5/29/2002,0.521,BaytownShallow,2023
3465,6/27/2002,0.537,BaytownShallow,2023
3466,7/24/2002,0.53,BaytownShallow,2023
3467,8/23/2002,0.529,BaytownShallow,2023
3468,9/19/2002,0.528,BaytownShallow,2023
3469,10/18/2002,0.53,BaytownShallow,2023
3470,11/13/2002,0.518,BaytownShallow,2023
3471,12/13/2002,0.515,BaytownShallow,2023
3472,1/9/2003,0.513,BaytownShallow,2023
3473,2/5/2003,0.51,BaytownShallow,2023
3474,3/6/2003,0.505,BaytownShallow,2023
3475,4/3/2003,0.505,BaytownShallow,2023
3476,4/30/2003,0.507,BaytownShallow,2023
3477,5/30/2003,0.524,BaytownShallow,2023
3478,6/27/2003,0.531,BaytownShallow,2023
3479,7/24/2003,0.534,BaytownShallow,2023
3480,8/22/2003,0.533,BaytownShallow,2023
3481,9/19/2003,0.515,BaytownShallow,2023
3482,10/16/2003,0.513,BaytownShallow,2023
3483,11/13/2003,0.518,BaytownShallow,2023
3484,12/11/2003,0.515,BaytownShallow,2023
3485,1/7/2004,0.504,BaytownShallow,2023
3486,2/6/2004,0.498,BaytownShallow,2023
3487,3/4/2004,0.494,BaytownShallow,2023
3488,4/1/2004,0.496,BaytownShallow,2023
3489,4/28/2004,0.496,BaytownShallow,2023
3490,5/28/2004,0.496,BaytownShallow,2023
3491,6/23/2004,0.496,BaytownShallow,2023
3492,7/21/2004,0.503,BaytownShallow,2023
3493,8/17/2004,0.512,BaytownShallow,2023
3494,9/16/2004,0.514,BaytownShallow,2023
3495,10/13/2004,0.52,BaytownShallow,2023
3496,11/9/2004,0.509,BaytownShallow,2023
3497,12/7/2004,0.498,BaytownShallow,2023
3498,1/6/2005,0.497,BaytownShallow,2023
3499,2/1/2005,0.496,BaytownShallow,2023
3500,2/28/2005,0.492,BaytownShallow,2023
3501,3/28/2005,0.493,BaytownShallow,2023
3502,4/29/2005,0.504,BaytownShallow,2023
3503,5/26/2005,0.515,BaytownShallow,2023
3504,6/24/2005,0.537,BaytownShallow,2023
3505,7/19/2005,0.54,BaytownShallow,2023
3506,8/26/2005,0.541,BaytownShallow,2023
3507,9/21/2005,0.539,BaytownShallow,2023
3508,10/21/2005,0.543,BaytownShallow,2023
3509,11/18/2005,0.55,BaytownShallow,2023
3510,12/14/2005,0.552,BaytownShallow,2023
3511,1/11/2006,0.545,BaytownShallow,2023
3512,2/7/2006,0.527,BaytownShallow,2023
3513,3/8/2006,0.522,BaytownShallow,2023
3514,4/4/2006,0.524,BaytownShallow,2023
3515,5/4/2006,0.534,BaytownShallow,2023
3516,5/31/2006,0.546,BaytownShallow,2023
3517,6/30/2006,0.542,BaytownShallow,2023
3518,7/28/2006,0.536,BaytownShallow,2023
3519,8/25/2006,0.555,BaytownShallow,2023
3520,9/27/2006,0.575,BaytownShallow,2023
3521,10/20/2006,0.554,BaytownShallow,2023
3522,11/13/2006,0.552,BaytownShallow,2023
3523,12/15/2006,0.552,BaytownShallow,2023
3524,1/11/2007,0.542,BaytownShallow,2023
3525,2/6/2007,0.536,BaytownShallow,2023
3526,3/11/2007,0.536,BaytownShallow,2023
3527,4/5/2007,0.533,BaytownShallow,2023
3528,5/4/2007,0.533,BaytownShallow,2023
3529,6/5/2007,0.538,BaytownShallow,2023
3530,6/27/2007,0.542,BaytownShallow,2023
3531,7/25/2007,0.541,BaytownShallow,2023
3532,8/27/2007,0.544,BaytownShallow,2023
3533,9/19/2007,0.542,BaytownShallow,2023
3534,10/24/2007,0.542,BaytownShallow,2023
3535,11/14/2007,0.552,BaytownShallow,2023
3536,12/17/2007,0.547,BaytownShallow,2023
3537,1/8/2008,0.546,BaytownShallow,2023
3538,2/11/2008,0.542,BaytownShallow,2023
3539,3/12/2008,0.539,BaytownShallow,2023
3540,4/11/2008,0.541,BaytownShallow,2023
3541,5/9/2008,0.549,BaytownShallow,2023
3542,6/12/2008,0.555,BaytownShallow,2023
3543,7/9/2008,0.557,BaytownShallow,2023
3544,8/29/2008,0.549,BaytownShallow,2023
3545,9/30/2008,0.551,BaytownShallow,2023
3546,10/30/2008,0.558,BaytownShallow,2023
3547,11/26/2008,0.554,BaytownShallow,2023
3548,12/22/2008,0.555,BaytownShallow,2023
3549,1/23/2009,0.554,BaytownShallow,2023
3550,3/4/2009,0.555,BaytownShallow,2023
3551,4/1/2009,0.554,BaytownShallow,2023
3552,5/1/2009,0.546,BaytownShallow,2023
3553,5/28/2009,0.558,BaytownShallow,2023
3554,6/25/2009,0.575,BaytownShallow,2023
3555,7/22/2009,0.586,BaytownShallow,2023
3556,8/19/2009,0.601,BaytownShallow,2023
3557,9/15/2009,0.634,BaytownShallow,2023
3558,10/14/2009,0.654,BaytownShallow,2023
3559,11/9/2009,0.653,BaytownShallow,2023
3560,12/7/2009,0.55,BaytownShallow,2023
3561,1/5/2010,0.645,BaytownShallow,2023
3562,2/11/2010,0.64,BaytownShallow,2023
3563,3/9/2010,0.641,BaytownShallow,2023
3564,4/1/2010,0.642,BaytownShallow,2023
3565,5/4/2010,0.651,BaytownShallow,2023
3566,6/7/2010,0.665,BaytownShallow,2023
3567,6/30/2010,0.695,BaytownShallow,2023
3568,7/28/2010,0.695,BaytownShallow,2023
3569,8/26/2010,0.734,BaytownShallow,2023
3570,9/22/2010,0.759,BaytownShallow,2023
3571,10/19/2010,0.796,BaytownShallow,2023
3572,11/18/2010,0.819,BaytownShallow,2023
3573,12/13/2010,0.823,BaytownShallow,2023
3574,1/4/2011,0.809,BaytownShallow,2023
3575,1/31/2011,0.785,BaytownShallow,2023
3576,3/1/2011,0.782,BaytownShallow,2023
3577,3/29/2011,0.78,BaytownShallow,2023
3578,5/12/2011,0.837,BaytownShallow,2023
3579,6/10/2011,0.9,BaytownShallow,2023
3580,7/7/2011,0.934,BaytownShallow,2023
3581,8/2/2011,0.95,BaytownShallow,2023
3582,9/8/2011,0.984,BaytownShallow,2023
3583,10/5/2011,0.986,BaytownShallow,2023
3584,11/1/2011,0.983,BaytownShallow,2023
3585,12/1/2011,0.985,BaytownShallow,2023
3586,12/29/2011,0.98,BaytownShallow,2023
3587,1/26/2012,0.978,BaytownShallow,2023
3588,2/24/2012,0.966,BaytownShallow,2023
3589,3/22/2012,0.96,BaytownShallow,2023
3590,4/19/2012,0.961,BaytownShallow,2023
3591,5/17/2012,0.961,BaytownShallow,2023
3592,6/14/2012,0.993,BaytownShallow,2023
3593,7/5/2012,1.026,BaytownShallow,2023
3594,8/6/2012,1.011,BaytownShallow,2023
3595,9/6/2012,1.04,BaytownShallow,2023
3596,10/11/2012,1.064,BaytownShallow,2023
3597,11/8/2012,1.087,BaytownShallow,2023
3598,12/6/2012,1.098,BaytownShallow,2023
3599,1/7/2013,1.08,BaytownShallow,2023
3600,2/22/2013,1.045,BaytownShallow,2023
3601,3/26/2013,1.038,BaytownShallow,2023
3602,4/29/2013,1.031,BaytownShallow,2023
3603,5/31/2013,1.024,BaytownShallow,2023
3604,6/25/2013,1.041,BaytownShallow,2023
3605,7/24/2013,1.069,BaytownShallow,2023
3606,8/23/2013,1.087,BaytownShallow,2023
3607,10/1/2013,1.089,BaytownShallow,2023
3608,10/23/2013,1.089,BaytownShallow,2023
3609,11/20/2013,1.058,BaytownShallow,2023
3610,12/17/2013,1.037,BaytownShallow,2023
3611,1/27/2014,1.026,BaytownShallow,2023
3612,2/28/2014,1.015,BaytownShallow,2023
3613,4/4/2014,1.002,BaytownShallow,2023
3614,5/12/2014,1.004,BaytownShallow,2023
3615,6/9/2014,0.999,BaytownShallow,2023
3616,7/10/2014,1.011,BaytownShallow,2023
3617,8/11/2014,1.045,BaytownShallow,2023
3618,9/4/2014,1.084,BaytownShallow,2023
3619,10/9/2014,1.066,BaytownShallow,2023
3620,11/3/2014,1.063,BaytownShallow,2023
3621,12/12/2014,1.051,BaytownShallow,2023
3622,1/8/2015,1.015,BaytownShallow,2023
3623,2/20/2015,0.996,BaytownShallow,2023
3624,3/31/2015,0.983,BaytownShallow,2023
3625,4/24/2015,0.978,BaytownShallow,2023
3626,5/21/2015,0.975,BaytownShallow,2023
3627,6/24/2015,0.973,BaytownShallow,2023
3628,7/27/2015,0.988,BaytownShallow,2023
3629,9/9/2015,1.03,BaytownShallow,2023
3630,9/30/2015,1.017,BaytownShallow,2023
3631,10/30/2015,1.014,BaytownShallow,2023
3632,11/24/2015,0.995,BaytownShallow,2023
3633,12/28/2015,0.982,BaytownShallow,2023
3634,1/21/2016,0.976,BaytownShallow,2023
3635,3/1/2016,0.969,BaytownShallow,2023
3636,4/1/2016,0.963,BaytownShallow,2023
3637,5/2/2016,0.959,BaytownShallow,2023
3638,5/31/2016,0.956,BaytownShallow,2023
3639,6/30/2016,0.954,BaytownShallow,2023
3640,8/2/2016,0.978,BaytownShallow,2023
3641,8/26/2016,0.972,BaytownShallow,2023
3642,9/27/2016,0.974,BaytownShallow,2023
3643,10/24/2016,0.988,BaytownShallow,2023
3644,12/1/2016,0.997,BaytownShallow,2023
3645,12/20/2016,0.996,BaytownShallow,2023
3646,1/30/2017,0.974,BaytownShallow,2023
3647,2/28/2017,0.967,BaytownShallow,2023
3648,3/24/2017,0.96,BaytownShallow,2023
3649,4/24/2017,0.957,BaytownShallow,2023
3650,5/30/2017,0.961,BaytownShallow,2023
3651,6/22/2017,0.959,BaytownShallow,2023
3652,7/21/2017,0.958,BaytownShallow,2023
3653,8/15/2017,0.966,BaytownShallow,2023
3654,9/26/2017,0.959,BaytownShallow,2023
3655,10/20/2017,0.972,BaytownShallow,2023
3656,11/16/2017,0.972,BaytownShallow,2023
3657,12/27/2017,0.97,BaytownShallow,2023
3658,1/31/2018,0.953,BaytownShallow,2023
3659,2/28/2018,0.942,BaytownShallow,2023
3660,3/22/2018,0.94,BaytownShallow,2023
3661,4/16/2018,0.939,BaytownShallow,2023
3662,5/22/2018,0.95,BaytownShallow,2023
3663,6/22/2018,0.96,BaytownShallow,2023
3664,7/19/2018,0.955,BaytownShallow,2023
3665,8/30/2018,0.966,BaytownShallow,2023
3666,9/20/2018,0.946,BaytownShallow,2023
3667,10/16/2018,0.939,BaytownShallow,2023
3668,11/20/2018,0.932,BaytownShallow,2023
3669,12/18/2018,0.927,BaytownShallow,2023
3670,1/29/2019,0.916,BaytownShallow,2023
3671,2/27/2019,0.906,BaytownShallow,2023
3672,3/20/2019,0.902,BaytownShallow,2023
3673,4/17/2019,0.901,BaytownShallow,2023
3674,5/24/2019,0.9,BaytownShallow,2023
3675,6/24/2019,0.909,BaytownShallow,2023
3676,7/24/2019,0.92,BaytownShallow,2023
3677,8/21/2019,0.929,BaytownShallow,2023
3678,10/1/2019,0.917,BaytownShallow,2023
3679,10/29/2019,0.912,BaytownShallow,2023
3680,11/26/2019,0.909,BaytownShallow,2023
3681,12/27/2019,0.91,BaytownShallow,2023
3682,1/29/2020,0.898,BaytownShallow,2023
3683,3/3/2020,0.895,BaytownShallow,2023
3684,4/6/2020,0.897,BaytownShallow,2023
3685,4/27/2020,0.899,BaytownShallow,2023
3686,5/28/2020,0.892,BaytownShallow,2023
3687,6/23/2020,0.903,BaytownShallow,2023
3688,7/22/2020,0.907,BaytownShallow,2023
3689,8/18/2020,0.907,BaytownShallow,2023
3690,9/25/2020,0.897,BaytownShallow,2023
3691,10/29/2020,0.9,BaytownShallow,2023
3692,11/23/2020,0.907,BaytownShallow,2023
3693,12/30/2020,0.875,BaytownShallow,2023
3694,2/3/2021,0.868,BaytownShallow,2023
3695,2/23/2021,0.866,BaytownShallow,2023
3696,4/1/2021,0.864,BaytownShallow,2023
3697,5/6/2021,0.862,BaytownShallow,2023
3698,6/4/2021,0.859,BaytownShallow,2023
3699,6/29/2021,0.861,BaytownShallow,2023
3700,7/22/2021,0.859,BaytownShallow,2023
3701,9/1/2021,0.876,BaytownShallow,2023
3702,9/23/2021,0.872,BaytownShallow,2023
3703,10/29/2021,0.876,BaytownShallow,2023
3704,11/18/2021,0.873,BaytownShallow,2023
3705,1/6/2022,0.874,BaytownShallow,2023
3706,1/26/2022,0.864,BaytownShallow,2023
3707,2/28/2022,0.859,BaytownShallow,2023
3708,3/30/2022,0.857,BaytownShallow,2023
3709,4/27/2022,0.858,BaytownShallow,2023
3710,6/1/2022,0.869,BaytownShallow,2023
3711,6/28/2022,0.888,BaytownShallow,2023
3712,7/27/2022,0.891,BaytownShallow,2023
3713,8/30/2022,0.89,BaytownShallow,2023
3714,9/27/2022,0.896,BaytownShallow,2023
3715,11/2/2022,0.913,BaytownShallow,2023
3716,11/29/2022,0.89,BaytownShallow,2023
3717,12/27/2022,0.879,BaytownShallow,2023
3718,1/25/2023,0.878,BaytownShallow,2023
3719,2/28/2023,0.873,BaytownShallow,2023
3720,3/27/2023,0.873,BaytownShallow,2023
3721,4/27/2023,0.873,BaytownShallow,2023
3722,6/5/2023,0.879,BaytownShallow,2023
3723,6/29/2023,0.909,BaytownShallow,2023
3724,7/28/2023,0.949,BaytownShallow,2023
3725,9/5/2023,0.992,BaytownShallow,2023
3726,9/26/2023,0.992,BaytownShallow,2023
3727,10/31/2023,0.991,BaytownShallow,2023
3728,12/4/2023,0.989,BaytownShallow,2023
3729,12/26/2023,0.97,BaytownShallow,2023
3730,7/24/1973,0.0,BaytownDeep,2023
3731,8/13/1973,0.008,BaytownDeep,2023
3732,8/19/1973,0.008,BaytownDeep,2023
3733,9/4/1973,0.017,BaytownDeep,2023
3734,9/6/1973,0.015,BaytownDeep,2023
3735,9/13/1973,0.018,BaytownDeep,2023
3736,10/11/1973,0.035,BaytownDeep,2023
3737,10/12/1973,0.033,BaytownDeep,2023
3738,10/16/1973,0.033,BaytownDeep,2023
3739,10/24/1973,0.041,BaytownDeep,2023
3740,10/26/1973,0.04,BaytownDeep,2023
3741,11/8/1973,0.043,BaytownDeep,2023
3742,11/27/1973,0.049,BaytownDeep,2023
3743,12/1/1973,0.054,BaytownDeep,2023
3744,12/3/1973,0.054,BaytownDeep,2023
3745,12/4/1973,0.053,BaytownDeep,2023
3746,12/7/1973,0.055,BaytownDeep,2023
3747,12/11/1973,0.056,BaytownDeep,2023
3748,12/15/1973,0.054,BaytownDeep,2023
3749,12/19/1973,0.054,BaytownDeep,2023
3750,1/4/1974,0.059,BaytownDeep,2023
3751,2/5/1974,0.065,BaytownDeep,2023
3752,3/8/1974,0.074,BaytownDeep,2023
3753,4/5/1974,0.088,BaytownDeep,2023
3754,5/6/1974,0.1,BaytownDeep,2023
3755,6/4/1974,0.112,BaytownDeep,2023
3756,7/2/1974,0.15,BaytownDeep,2023
3757,7/30/1974,0.189,BaytownDeep,2023
3758,8/22/1974,0.212,BaytownDeep,2023
3759,8/24/1974,0.216,BaytownDeep,2023
3760,8/29/1974,0.216,BaytownDeep,2023
3761,9/1/1974,0.214,BaytownDeep,2023
3762,9/3/1974,0.196,BaytownDeep,2023
3763,9/9/1974,0.196,BaytownDeep,2023
3764,9/10/1974,0.201,BaytownDeep,2023
3765,9/12/1974,0.201,BaytownDeep,2023
3766,9/13/1974,0.193,BaytownDeep,2023
3767,9/17/1974,0.193,BaytownDeep,2023
3768,9/30/1974,0.202,BaytownDeep,2023
3769,10/30/1974,0.215,BaytownDeep,2023
3770,11/27/1974,0.214,BaytownDeep,2023
3771,12/23/1974,0.224,BaytownDeep,2023
3772,1/24/1975,0.231,BaytownDeep,2023
3773,2/21/1975,0.238,BaytownDeep,2023
3774,3/24/1975,0.247,BaytownDeep,2023
3775,4/24/1975,0.255,BaytownDeep,2023
3776,5/23/1975,0.271,BaytownDeep,2023
3777,6/24/1975,0.285,BaytownDeep,2023
3778,6/30/1975,0.287,BaytownDeep,2023
3779,7/2/1975,0.282,BaytownDeep,2023
3780,7/23/1975,0.292,BaytownDeep,2023
3781,7/28/1975,0.298,BaytownDeep,2023
3782,7/29/1975,0.292,BaytownDeep,2023
3783,8/21/1975,0.303,BaytownDeep,2023
3784,9/19/1975,0.321,BaytownDeep,2023
3785,10/15/1975,0.36,BaytownDeep,2023
3786,10/16/1975,0.356,BaytownDeep,2023
3787,10/20/1975,0.36,BaytownDeep,2023
3788,10/25/1975,0.359,BaytownDeep,2023
3789,10/26/1975,0.329,BaytownDeep,2023
3790,11/4/1975,0.329,BaytownDeep,2023
3791,11/20/1975,0.339,BaytownDeep,2023
3792,12/22/1975,0.347,BaytownDeep,2023
3793,1/21/1976,0.36,BaytownDeep,2023
3794,2/20/1976,0.371,BaytownDeep,2023
3795,3/22/1976,0.379,BaytownDeep,2023
3796,4/22/1976,0.391,BaytownDeep,2023
3797,5/21/1976,0.406,BaytownDeep,2023
3798,5/31/1976,0.417,BaytownDeep,2023
3799,6/1/1976,0.41,BaytownDeep,2023
3800,6/21/1976,0.425,BaytownDeep,2023
3801,7/19/1976,0.453,BaytownDeep,2023
3802,8/17/1976,0.5,BaytownDeep,2023
3803,9/14/1976,0.52,BaytownDeep,2023
3804,9/20/1976,0.478,BaytownDeep,2023
3805,10/12/1976,0.483,BaytownDeep,2023
3806,11/9/1976,0.485,BaytownDeep,2023
3807,12/7/1976,0.487,BaytownDeep,2023
3808,1/4/1977,0.492,BaytownDeep,2023
3809,2/1/1977,0.5,BaytownDeep,2023
3810,3/1/1977,0.507,BaytownDeep,2023
3811,3/29/1977,0.511,BaytownDeep,2023
3812,4/26/1977,0.517,BaytownDeep,2023
3813,5/24/1977,0.54,BaytownDeep,2023
3814,6/21/1977,0.575,BaytownDeep,2023
3815,7/19/1977,0.622,BaytownDeep,2023
3816,8/16/1977,0.649,BaytownDeep,2023
3817,9/13/1977,0.657,BaytownDeep,2023
3818,10/11/1977,0.672,BaytownDeep,2023
3819,11/7/1977,0.679,BaytownDeep,2023
3820,11/21/1977,0.619,BaytownDeep,2023
3821,12/6/1977,0.617,BaytownDeep,2023
3822,1/3/1978,0.617,BaytownDeep,2023
3823,1/31/1978,0.614,BaytownDeep,2023
3824,2/28/1978,0.615,BaytownDeep,2023
3825,3/28/1978,0.619,BaytownDeep,2023
3826,4/25/1978,0.638,BaytownDeep,2023
3827,5/23/1978,0.711,BaytownDeep,2023
3828,6/20/1978,0.761,BaytownDeep,2023
3829,7/19/1978,0.816,BaytownDeep,2023
3830,8/1/1978,0.781,BaytownDeep,2023
3831,8/15/1978,0.807,BaytownDeep,2023
3832,9/9/1978,0.812,BaytownDeep,2023
3833,9/13/1978,0.716,BaytownDeep,2023
3834,10/10/1978,0.749,BaytownDeep,2023
3835,11/7/1978,0.78,BaytownDeep,2023
3836,11/26/1978,0.769,BaytownDeep,2023
3837,11/27/1978,0.738,BaytownDeep,2023
3838,12/4/1978,0.722,BaytownDeep,2023
3839,1/3/1979,0.719,BaytownDeep,2023
3840,1/30/1979,0.711,BaytownDeep,2023
3841,2/27/1979,0.711,BaytownDeep,2023
3842,3/27/1979,0.712,BaytownDeep,2023
3843,4/23/1979,0.709,BaytownDeep,2023
3844,5/22/1979,0.741,BaytownDeep,2023
3845,6/19/1979,0.751,BaytownDeep,2023
3846,6/26/1979,0.773,BaytownDeep,2023
3847,6/27/1979,0.766,BaytownDeep,2023
3848,7/7/1979,0.798,BaytownDeep,2023
3849,7/8/1979,0.791,BaytownDeep,2023
3850,7/12/1979,0.798,BaytownDeep,2023
3851,7/14/1979,0.748,BaytownDeep,2023
3852,7/17/1979,0.749,BaytownDeep,2023
3853,7/20/1979,0.75,BaytownDeep,2023
3854,7/27/1979,0.74,BaytownDeep,2023
3855,8/11/1979,0.773,BaytownDeep,2023
3856,8/14/1979,0.761,BaytownDeep,2023
3857,8/16/1979,0.764,BaytownDeep,2023
3858,8/17/1979,0.75,BaytownDeep,2023
3859,8/23/1979,0.746,BaytownDeep,2023
3860,9/1/1979,0.752,BaytownDeep,2023
3861,9/2/1979,0.746,BaytownDeep,2023
3862,9/7/1979,0.743,BaytownDeep,2023
3863,9/10/1979,0.744,BaytownDeep,2023
3864,9/17/1979,0.756,BaytownDeep,2023
3865,9/20/1979,0.741,BaytownDeep,2023
3866,10/9/1979,0.771,BaytownDeep,2023
3867,11/5/1979,0.75,BaytownDeep,2023
3868,12/4/1979,0.751,BaytownDeep,2023
3869,1/2/1980,0.749,BaytownDeep,2023
3870,2/5/1980,0.745,BaytownDeep,2023
3871,3/5/1980,0.742,BaytownDeep,2023
3872,4/1/1980,0.74,BaytownDeep,2023
3873,4/29/1980,0.753,BaytownDeep,2023
3874,5/27/1980,0.749,BaytownDeep,2023
3875,6/24/1980,0.826,BaytownDeep,2023
3876,7/23/1980,0.858,BaytownDeep,2023
3877,8/19/1980,0.905,BaytownDeep,2023
3878,9/5/1980,0.934,BaytownDeep,2023
3879,9/10/1980,0.858,BaytownDeep,2023
3880,9/16/1980,0.869,BaytownDeep,2023
3881,9/25/1980,0.876,BaytownDeep,2023
3882,10/2/1980,0.848,BaytownDeep,2023
3883,10/14/1980,0.87,BaytownDeep,2023
3884,10/18/1980,0.875,BaytownDeep,2023
3885,10/21/1980,0.824,BaytownDeep,2023
3886,11/10/1980,0.838,BaytownDeep,2023
3887,12/8/1980,0.83,BaytownDeep,2023
3888,1/5/1981,0.812,BaytownDeep,2023
3889,1/19/1981,0.805,BaytownDeep,2023
3890,2/4/1981,0.8,BaytownDeep,2023
3891,3/2/1981,0.8,BaytownDeep,2023
3892,3/30/1981,0.805,BaytownDeep,2023
3893,4/22/1981,0.827,BaytownDeep,2023
3894,4/23/1981,0.805,BaytownDeep,2023
3895,4/29/1981,0.804,BaytownDeep,2023
3896,5/26/1981,0.815,BaytownDeep,2023
3897,6/23/1981,0.816,BaytownDeep,2023
3898,6/30/1981,0.832,BaytownDeep,2023
3899,7/8/1981,0.795,BaytownDeep,2023
3900,7/20/1981,0.839,BaytownDeep,2023
3901,8/18/1981,0.903,BaytownDeep,2023
3902,8/30/1981,0.929,BaytownDeep,2023
3903,9/2/1981,0.873,BaytownDeep,2023
3904,9/15/1981,0.889,BaytownDeep,2023
3905,10/5/1981,0.94,BaytownDeep,2023
3906,10/8/1981,0.846,BaytownDeep,2023
3907,10/13/1981,0.844,BaytownDeep,2023
3908,11/10/1981,0.826,BaytownDeep,2023
3909,12/8/1981,0.821,BaytownDeep,2023
3910,1/5/1982,0.812,BaytownDeep,2023
3911,2/4/1982,0.805,BaytownDeep,2023
3912,3/1/1982,0.8,BaytownDeep,2023
3913,3/31/1982,0.802,BaytownDeep,2023
3914,4/27/1982,0.799,BaytownDeep,2023
3915,5/25/1982,0.798,BaytownDeep,2023
3916,6/23/1982,0.896,BaytownDeep,2023
3917,6/25/1982,0.903,BaytownDeep,2023
3918,6/27/1982,0.827,BaytownDeep,2023
3919,7/21/1982,0.951,BaytownDeep,2023
3920,8/17/1982,0.995,BaytownDeep,2023
3921,9/14/1982,1.002,BaytownDeep,2023
3922,10/12/1982,1.002,BaytownDeep,2023
3923,11/9/1982,1.004,BaytownDeep,2023
3924,12/8/1982,0.829,BaytownDeep,2023
3925,1/3/1983,0.808,BaytownDeep,2023
3926,2/1/1983,0.799,BaytownDeep,2023
3927,3/2/1983,0.794,BaytownDeep,2023
3928,3/29/1983,0.79,BaytownDeep,2023
3929,4/26/1983,0.811,BaytownDeep,2023
3930,5/23/1983,0.793,BaytownDeep,2023
3931,6/22/1983,0.832,BaytownDeep,2023
3932,7/19/1983,0.802,BaytownDeep,2023
3933,8/16/1983,0.807,BaytownDeep,2023
3934,9/13/1983,0.801,BaytownDeep,2023
3935,10/11/1983,0.822,BaytownDeep,2023
3936,11/7/1983,0.822,BaytownDeep,2023
3937,12/6/1983,0.818,BaytownDeep,2023
3938,1/3/1984,0.82,BaytownDeep,2023
3939,1/31/1984,0.817,BaytownDeep,2023
3940,2/29/1984,0.814,BaytownDeep,2023
3941,3/26/1984,0.812,BaytownDeep,2023
3942,4/24/1984,0.814,BaytownDeep,2023
3943,5/21/1984,0.816,BaytownDeep,2023
3944,6/19/1984,0.819,BaytownDeep,2023
3945,7/17/1984,0.823,BaytownDeep,2023
3946,8/14/1984,0.823,BaytownDeep,2023
3947,9/11/1984,0.824,BaytownDeep,2023
3948,10/9/1984,0.823,BaytownDeep,2023
3949,11/6/1984,0.817,BaytownDeep,2023
3950,12/5/1984,0.819,BaytownDeep,2023
3951,1/2/1985,0.817,BaytownDeep,2023
3952,1/29/1985,0.816,BaytownDeep,2023
3953,2/26/1985,0.815,BaytownDeep,2023
3954,3/27/1985,0.813,BaytownDeep,2023
3955,4/23/1985,0.815,BaytownDeep,2023
3956,5/21/1985,0.817,BaytownDeep,2023
3957,6/18/1985,0.82,BaytownDeep,2023
3958,7/16/1985,0.82,BaytownDeep,2023
3959,8/13/1985,0.826,BaytownDeep,2023
3960,9/10/1985,0.83,BaytownDeep,2023
3961,10/8/1985,0.834,BaytownDeep,2023
3962,11/5/1985,0.828,BaytownDeep,2023
3963,12/3/1985,0.827,BaytownDeep,2023
3964,12/19/1985,0.828,BaytownDeep,2023
3965,1/16/1986,0.83,BaytownDeep,2023
3966,2/13/1986,0.83,BaytownDeep,2023
3967,3/14/1986,0.832,BaytownDeep,2023
3968,4/10/1986,0.834,BaytownDeep,2023
3969,5/8/1986,0.833,BaytownDeep,2023
3970,6/5/1986,0.832,BaytownDeep,2023
3971,7/3/1986,0.833,BaytownDeep,2023
3972,7/31/1986,0.841,BaytownDeep,2023
3973,8/28/1986,0.843,BaytownDeep,2023
3974,9/25/1986,0.835,BaytownDeep,2023
3975,10/23/1986,0.834,BaytownDeep,2023
3976,11/20/1986,0.834,BaytownDeep,2023
3977,12/18/1986,0.832,BaytownDeep,2023
3978,1/15/1987,0.832,BaytownDeep,2023
3979,2/11/1987,0.834,BaytownDeep,2023
3980,3/6/1987,0.831,BaytownDeep,2023
3981,4/2/1987,0.831,BaytownDeep,2023
3982,5/1/1987,0.834,BaytownDeep,2023
3983,5/28/1987,0.835,BaytownDeep,2023
3984,6/24/1987,0.833,BaytownDeep,2023
3985,7/23/1987,0.833,BaytownDeep,2023
3986,8/20/1987,0.836,BaytownDeep,2023
3987,9/17/1987,0.837,BaytownDeep,2023
3988,10/15/1987,0.839,BaytownDeep,2023
3989,11/12/1987,0.843,BaytownDeep,2023
3990,12/9/1987,0.844,BaytownDeep,2023
3991,1/7/1988,0.843,BaytownDeep,2023
3992,2/8/1988,0.843,BaytownDeep,2023
3993,3/3/1988,0.842,BaytownDeep,2023
3994,3/31/1988,0.841,BaytownDeep,2023
3995,4/28/1988,0.844,BaytownDeep,2023
3996,5/26/1988,0.846,BaytownDeep,2023
3997,6/23/1988,0.848,BaytownDeep,2023
3998,7/21/1988,0.85,BaytownDeep,2023
3999,8/18/1988,0.851,BaytownDeep,2023
4000,9/14/1988,0.851,BaytownDeep,2023
4001,10/13/1988,0.854,BaytownDeep,2023
4002,11/9/1988,0.857,BaytownDeep,2023
4003,12/8/1988,0.86,BaytownDeep,2023
4004,1/5/1989,0.862,BaytownDeep,2023
4005,2/2/1989,0.854,BaytownDeep,2023
4006,3/2/1989,0.857,BaytownDeep,2023
4007,3/29/1989,0.857,BaytownDeep,2023
4008,4/26/1989,0.859,BaytownDeep,2023
4009,5/23/1989,0.859,BaytownDeep,2023
4010,6/22/1989,0.868,BaytownDeep,2023
4011,7/20/1989,0.864,BaytownDeep,2023
4012,8/17/1989,0.865,BaytownDeep,2023
4013,9/15/1989,0.871,BaytownDeep,2023
4014,10/12/1989,0.885,BaytownDeep,2023
4015,11/8/1989,0.873,BaytownDeep,2023
4016,12/7/1989,0.873,BaytownDeep,2023
4017,1/4/1990,0.874,BaytownDeep,2023
4018,2/1/1990,0.873,BaytownDeep,2023
4019,3/1/1990,0.873,BaytownDeep,2023
4020,3/29/1990,0.873,BaytownDeep,2023
4021,4/26/1990,0.874,BaytownDeep,2023
4022,5/24/1990,0.874,BaytownDeep,2023
4023,6/21/1990,0.877,BaytownDeep,2023
4024,7/19/1990,0.879,BaytownDeep,2023
4025,8/16/1990,0.885,BaytownDeep,2023
4026,9/13/1990,0.885,BaytownDeep,2023
4027,10/11/1990,0.885,BaytownDeep,2023
4028,11/7/1990,0.885,BaytownDeep,2023
4029,12/7/1990,0.883,BaytownDeep,2023
4030,1/3/1991,0.883,BaytownDeep,2023
4031,1/31/1991,0.881,BaytownDeep,2023
4032,2/28/1991,0.88,BaytownDeep,2023
4033,3/27/1991,0.88,BaytownDeep,2023
4034,4/25/1991,0.879,BaytownDeep,2023
4035,5/24/1991,0.879,BaytownDeep,2023
4036,6/24/1991,0.881,BaytownDeep,2023
4037,7/18/1991,0.88,BaytownDeep,2023
4038,8/16/1991,0.882,BaytownDeep,2023
4039,9/11/1991,0.88,BaytownDeep,2023
4040,10/10/1991,0.883,BaytownDeep,2023
4041,11/7/1991,0.884,BaytownDeep,2023
4042,12/6/1991,0.881,BaytownDeep,2023
4043,1/2/1992,0.879,BaytownDeep,2023
4044,1/30/1992,0.877,BaytownDeep,2023
4045,2/27/1992,0.875,BaytownDeep,2023
4046,3/27/1992,0.875,BaytownDeep,2023
4047,4/23/1992,0.873,BaytownDeep,2023
4048,5/21/1992,0.873,BaytownDeep,2023
4049,6/19/1992,0.872,BaytownDeep,2023
4050,7/15/1992,0.874,BaytownDeep,2023
4051,8/14/1992,0.876,BaytownDeep,2023
4052,9/10/1992,0.878,BaytownDeep,2023
4053,10/8/1992,0.884,BaytownDeep,2023
4054,11/5/1992,0.887,BaytownDeep,2023
4055,12/2/1992,0.879,BaytownDeep,2023
4056,12/30/1992,0.876,BaytownDeep,2023
4057,1/28/1993,0.874,BaytownDeep,2023
4058,2/24/1993,0.873,BaytownDeep,2023
4059,3/25/1993,0.871,BaytownDeep,2023
4060,4/22/1993,0.871,BaytownDeep,2023
4061,5/19/1993,0.87,BaytownDeep,2023
4062,6/17/1993,0.871,BaytownDeep,2023
4063,7/14/1993,0.871,BaytownDeep,2023
4064,8/12/1993,0.883,BaytownDeep,2023
4065,9/9/1993,0.9,BaytownDeep,2023
4066,10/6/1993,0.922,BaytownDeep,2023
4067,11/4/1993,0.912,BaytownDeep,2023
4068,12/2/1993,0.907,BaytownDeep,2023
4069,12/29/1993,0.903,BaytownDeep,2023
4070,1/27/1994,0.899,BaytownDeep,2023
4071,2/24/1994,0.896,BaytownDeep,2023
4072,3/24/1994,0.893,BaytownDeep,2023
4073,4/20/1994,0.892,BaytownDeep,2023
4074,5/20/1994,0.89,BaytownDeep,2023
4075,6/17/1994,0.89,BaytownDeep,2023
4076,7/15/1994,0.891,BaytownDeep,2023
4077,8/11/1994,0.899,BaytownDeep,2023
4078,9/9/1994,0.903,BaytownDeep,2023
4079,10/7/1994,0.924,BaytownDeep,2023
4080,11/3/1994,0.907,BaytownDeep,2023
4081,12/1/1994,0.907,BaytownDeep,2023
4082,12/29/1994,0.902,BaytownDeep,2023
4083,1/26/1995,0.898,BaytownDeep,2023
4084,2/24/1995,0.896,BaytownDeep,2023
4085,3/22/1995,0.893,BaytownDeep,2023
4086,4/20/1995,0.891,BaytownDeep,2023
4087,5/18/1995,0.891,BaytownDeep,2023
4088,6/14/1995,0.89,BaytownDeep,2023
4089,7/14/1995,0.89,BaytownDeep,2023
4090,8/10/1995,0.892,BaytownDeep,2023
4091,9/8/1995,0.909,BaytownDeep,2023
4092,10/6/1995,0.925,BaytownDeep,2023
4093,11/2/1995,0.931,BaytownDeep,2023
4094,11/30/1995,0.923,BaytownDeep,2023
4095,1/4/1996,0.916,BaytownDeep,2023
4096,1/26/1996,0.912,BaytownDeep,2023
4097,2/22/1996,0.91,BaytownDeep,2023
4098,3/20/1996,0.909,BaytownDeep,2023
4099,4/18/1996,0.909,BaytownDeep,2023
4100,5/16/1996,0.908,BaytownDeep,2023
4101,6/12/1996,0.911,BaytownDeep,2023
4102,7/12/1996,0.911,BaytownDeep,2023
4103,8/9/1996,0.919,BaytownDeep,2023
4104,9/6/1996,0.915,BaytownDeep,2023
4105,10/3/1996,0.913,BaytownDeep,2023
4106,10/29/1996,0.911,BaytownDeep,2023
4107,11/26/1996,0.913,BaytownDeep,2023
4108,12/23/1996,0.909,BaytownDeep,2023
4109,1/23/1997,0.904,BaytownDeep,2023
4110,2/20/1997,0.899,BaytownDeep,2023
4111,3/20/1997,0.896,BaytownDeep,2023
4112,4/17/1997,0.894,BaytownDeep,2023
4113,5/16/1997,0.893,BaytownDeep,2023
4114,6/12/1997,0.891,BaytownDeep,2023
4115,7/9/1997,0.891,BaytownDeep,2023
4116,8/6/1997,0.891,BaytownDeep,2023
4117,9/5/1997,0.895,BaytownDeep,2023
4118,10/3/1997,0.894,BaytownDeep,2023
4119,10/30/1997,0.894,BaytownDeep,2023
4120,11/25/1997,0.893,BaytownDeep,2023
4121,12/23/1997,0.892,BaytownDeep,2023
4122,1/22/1998,0.891,BaytownDeep,2023
4123,2/20/1998,0.89,BaytownDeep,2023
4124,3/19/1998,0.889,BaytownDeep,2023
4125,4/16/1998,0.89,BaytownDeep,2023
4126,5/15/1998,0.891,BaytownDeep,2023
4127,6/10/1998,0.893,BaytownDeep,2023
4128,7/10/1998,0.897,BaytownDeep,2023
4129,8/7/1998,0.909,BaytownDeep,2023
4130,9/3/1998,0.906,BaytownDeep,2023
4131,10/2/1998,0.9,BaytownDeep,2023
4132,10/28/1998,0.897,BaytownDeep,2023
4133,11/23/1998,0.896,BaytownDeep,2023
4134,12/17/1998,0.896,BaytownDeep,2023
4135,1/15/1999,0.894,BaytownDeep,2023
4136,2/10/1999,0.894,BaytownDeep,2023
4137,3/10/1999,0.893,BaytownDeep,2023
4138,4/7/1999,0.891,BaytownDeep,2023
4139,5/8/1999,0.893,BaytownDeep,2023
4140,6/2/1999,0.891,BaytownDeep,2023
4141,7/1/1999,0.889,BaytownDeep,2023
4142,7/30/1999,0.889,BaytownDeep,2023
4143,8/26/1999,0.895,BaytownDeep,2023
4144,9/24/1999,0.901,BaytownDeep,2023
4145,10/21/1999,0.91,BaytownDeep,2023
4146,11/19/1999,0.926,BaytownDeep,2023
4147,12/21/1999,0.92,BaytownDeep,2023
4148,1/12/2000,0.92,BaytownDeep,2023
4149,2/10/2000,0.917,BaytownDeep,2023
4150,3/9/2000,0.916,BaytownDeep,2023
4151,4/6/2000,0.913,BaytownDeep,2023
4152,5/5/2000,0.908,BaytownDeep,2023
4153,6/1/2000,0.91,BaytownDeep,2023
4154,6/30/2000,0.929,BaytownDeep,2023
4155,7/27/2000,0.967,BaytownDeep,2023
4156,8/25/2000,1.0,BaytownDeep,2023
4157,9/23/2000,1.032,BaytownDeep,2023
4158,10/23/2000,1.045,BaytownDeep,2023
4159,11/16/2000,1.035,BaytownDeep,2023
4160,12/15/2000,1.014,BaytownDeep,2023
4161,1/15/2001,1.001,BaytownDeep,2023
4162,2/12/2001,0.992,BaytownDeep,2023
4163,3/8/2001,0.987,BaytownDeep,2023
4164,4/6/2001,0.98,BaytownDeep,2023
4165,5/4/2001,0.981,BaytownDeep,2023
4166,5/30/2001,0.997,BaytownDeep,2023
4167,6/28/2001,0.99,BaytownDeep,2023
4168,7/26/2001,1.002,BaytownDeep,2023
4169,8/23/2001,0.996,BaytownDeep,2023
4170,9/19/2001,0.987,BaytownDeep,2023
4171,10/19/2001,0.982,BaytownDeep,2023
4172,11/16/2001,0.982,BaytownDeep,2023
4173,12/14/2001,0.976,BaytownDeep,2023
4174,1/10/2002,0.971,BaytownDeep,2023
4175,2/8/2002,0.968,BaytownDeep,2023
4176,3/8/2002,0.964,BaytownDeep,2023
4177,4/3/2002,0.961,BaytownDeep,2023
4178,5/2/2002,0.959,BaytownDeep,2023
4179,5/29/2002,0.96,BaytownDeep,2023
4180,6/27/2002,0.966,BaytownDeep,2023
4181,7/24/2002,0.963,BaytownDeep,2023
4182,8/23/2002,0.96,BaytownDeep,2023
4183,9/19/2002,0.957,BaytownDeep,2023
4184,10/18/2002,0.955,BaytownDeep,2023
4185,11/13/2002,0.944,BaytownDeep,2023
4186,12/12/2002,0.943,BaytownDeep,2023
4187,1/9/2003,0.941,BaytownDeep,2023
4188,2/5/2003,0.939,BaytownDeep,2023
4189,3/6/2003,0.935,BaytownDeep,2023
4190,4/3/2003,0.933,BaytownDeep,2023
4191,4/30/2003,0.933,BaytownDeep,2023
4192,5/30/2003,0.941,BaytownDeep,2023
4193,6/27/2003,0.945,BaytownDeep,2023
4194,7/24/2003,0.945,BaytownDeep,2023
4195,8/22/2003,0.944,BaytownDeep,2023
4196,9/19/2003,0.936,BaytownDeep,2023
4197,10/16/2003,0.934,BaytownDeep,2023
4198,11/13/2003,0.935,BaytownDeep,2023
4199,12/11/2003,0.943,BaytownDeep,2023
4200,1/7/2004,0.929,BaytownDeep,2023
4201,2/6/2004,0.924,BaytownDeep,2023
4202,3/4/2004,0.921,BaytownDeep,2023
4203,4/1/2004,0.921,BaytownDeep,2023
4204,4/28/2004,0.92,BaytownDeep,2023
4205,5/28/2004,0.918,BaytownDeep,2023
4206,6/23/2004,0.917,BaytownDeep,2023
4207,7/21/2004,0.917,BaytownDeep,2023
4208,8/17/2004,0.919,BaytownDeep,2023
4209,9/16/2004,0.918,BaytownDeep,2023
4210,10/13/2004,0.92,BaytownDeep,2023
4211,11/9/2004,0.918,BaytownDeep,2023
4212,12/7/2004,0.913,BaytownDeep,2023
4213,1/6/2005,0.913,BaytownDeep,2023
4214,2/1/2005,0.913,BaytownDeep,2023
4215,2/28/2005,0.91,BaytownDeep,2023
4216,3/28/2005,0.909,BaytownDeep,2023
4217,4/29/2005,0.911,BaytownDeep,2023
4218,5/26/2005,0.914,BaytownDeep,2023
4219,6/24/2005,0.923,BaytownDeep,2023
4220,7/19/2005,0.927,BaytownDeep,2023
4221,8/26/2005,0.928,BaytownDeep,2023
4222,9/21/2005,0.925,BaytownDeep,2023
4223,10/21/2005,0.929,BaytownDeep,2023
4224,11/18/2005,0.932,BaytownDeep,2023
4225,12/14/2005,0.933,BaytownDeep,2023
4226,1/11/2006,0.93,BaytownDeep,2023
4227,2/7/2006,0.921,BaytownDeep,2023
4228,3/8/2006,0.918,BaytownDeep,2023
4229,4/4/2006,0.92,BaytownDeep,2023
4230,5/4/2006,0.926,BaytownDeep,2023
4231,5/31/2006,0.927,BaytownDeep,2023
4232,6/30/2006,0.925,BaytownDeep,2023
4233,7/28/2006,0.922,BaytownDeep,2023
4234,8/25/2006,0.931,BaytownDeep,2023
4235,9/27/2006,0.939,BaytownDeep,2023
4236,10/20/2006,0.929,BaytownDeep,2023
4237,11/13/2006,0.929,BaytownDeep,2023
4238,12/15/2006,0.932,BaytownDeep,2023
4239,1/11/2007,0.926,BaytownDeep,2023
4240,2/6/2007,0.921,BaytownDeep,2023
4241,3/11/2007,0.921,BaytownDeep,2023
4242,4/5/2007,0.919,BaytownDeep,2023
4243,5/4/2007,0.917,BaytownDeep,2023
4244,6/5/2007,0.919,BaytownDeep,2023
4245,6/27/2007,0.922,BaytownDeep,2023
4246,7/25/2007,0.921,BaytownDeep,2023
4247,8/27/2007,0.922,BaytownDeep,2023
4248,9/19/2007,0.92,BaytownDeep,2023
4249,10/24/2007,0.921,BaytownDeep,2023
4250,11/14/2007,0.927,BaytownDeep,2023
4251,12/17/2007,0.924,BaytownDeep,2023
4252,1/8/2008,0.922,BaytownDeep,2023
4253,2/11/2008,0.919,BaytownDeep,2023
4254,3/12/2008,0.917,BaytownDeep,2023
4255,4/11/2008,0.917,BaytownDeep,2023
4256,5/9/2008,0.92,BaytownDeep,2023
4257,6/12/2008,0.937,BaytownDeep,2023
4258,7/9/2008,0.949,BaytownDeep,2023
4259,8/29/2008,0.945,BaytownDeep,2023
4260,9/30/2008,0.946,BaytownDeep,2023
4261,10/30/2008,0.949,BaytownDeep,2023
4262,11/26/2008,0.946,BaytownDeep,2023
4263,12/22/2008,0.947,BaytownDeep,2023
4264,1/23/2009,0.946,BaytownDeep,2023
4265,3/4/2009,0.946,BaytownDeep,2023
4266,4/1/2009,0.944,BaytownDeep,2023
4267,5/1/2009,0.939,BaytownDeep,2023
4268,5/28/2009,0.943,BaytownDeep,2023
4269,6/25/2009,0.95,BaytownDeep,2023
4270,7/22/2009,0.954,BaytownDeep,2023
4271,8/19/2009,0.959,BaytownDeep,2023
4272,9/15/2009,0.971,BaytownDeep,2023
4273,10/14/2009,0.976,BaytownDeep,2023
4274,11/9/2009,0.957,BaytownDeep,2023
4275,12/7/2009,0.954,BaytownDeep,2023
4276,1/5/2010,0.947,BaytownDeep,2023
4277,2/11/2010,0.944,BaytownDeep,2023
4278,3/9/2010,0.942,BaytownDeep,2023
4279,4/1/2010,0.942,BaytownDeep,2023
4280,5/4/2010,0.949,BaytownDeep,2023
4281,6/7/2010,0.958,BaytownDeep,2023
4282,6/30/2010,0.972,BaytownDeep,2023
4283,7/28/2010,0.965,BaytownDeep,2023
4284,8/26/2010,0.985,BaytownDeep,2023
4285,9/22/2010,0.989,BaytownDeep,2023
4286,10/19/2010,1.002,BaytownDeep,2023
4287,11/18/2010,1.013,BaytownDeep,2023
4288,12/13/2010,1.015,BaytownDeep,2023
4289,1/4/2011,1.008,BaytownDeep,2023
4290,1/31/2011,1.003,BaytownDeep,2023
4291,3/1/2011,1.004,BaytownDeep,2023
4292,3/29/2011,1.004,BaytownDeep,2023
4293,5/12/2011,1.029,BaytownDeep,2023
4294,6/10/2011,1.068,BaytownDeep,2023
4295,7/7/2011,1.094,BaytownDeep,2023
4296,8/2/2011,1.109,BaytownDeep,2023
4297,9/8/2011,1.139,BaytownDeep,2023
4298,10/5/2011,1.14,BaytownDeep,2023
4299,11/1/2011,1.134,BaytownDeep,2023
4300,12/1/2011,1.136,BaytownDeep,2023
4301,12/29/2011,1.123,BaytownDeep,2023
4302,1/24/2012,1.107,BaytownDeep,2023
4303,2/24/2012,1.101,BaytownDeep,2023
4304,3/22/2012,1.095,BaytownDeep,2023
4305,4/19/2012,1.095,BaytownDeep,2023
4306,5/17/2012,1.094,BaytownDeep,2023
4307,6/14/2012,1.105,BaytownDeep,2023
4308,7/5/2012,1.121,BaytownDeep,2023
4309,8/6/2012,1.111,BaytownDeep,2023
4310,9/6/2012,1.13,BaytownDeep,2023
4311,10/11/2012,1.151,BaytownDeep,2023
4312,11/8/2012,1.175,BaytownDeep,2023
4313,12/6/2012,1.187,BaytownDeep,2023
4314,1/7/2013,1.177,BaytownDeep,2023
4315,2/22/2013,1.152,BaytownDeep,2023
4316,3/26/2013,1.148,BaytownDeep,2023
4317,4/29/2013,1.141,BaytownDeep,2023
4318,5/31/2013,1.139,BaytownDeep,2023
4319,6/25/2013,1.144,BaytownDeep,2023
4320,7/24/2013,1.162,BaytownDeep,2023
4321,8/23/2013,1.171,BaytownDeep,2023
4322,10/1/2013,1.183,BaytownDeep,2023
4323,10/23/2013,1.183,BaytownDeep,2023
4324,11/20/2013,1.166,BaytownDeep,2023
4325,12/17/2013,1.158,BaytownDeep,2023
4326,1/27/2014,1.152,BaytownDeep,2023
4327,2/28/2014,1.147,BaytownDeep,2023
4328,4/4/2014,1.138,BaytownDeep,2023
4329,5/12/2014,1.14,BaytownDeep,2023
4330,6/9/2014,1.137,BaytownDeep,2023
4331,7/10/2014,1.142,BaytownDeep,2023
4332,8/11/2014,1.157,BaytownDeep,2023
4333,9/4/2014,1.187,BaytownDeep,2023
4334,10/9/2014,1.17,BaytownDeep,2023
4335,11/3/2014,1.168,BaytownDeep,2023
4336,12/12/2014,1.157,BaytownDeep,2023
4337,1/8/2015,1.147,BaytownDeep,2023
4338,2/20/2015,1.135,BaytownDeep,2023
4339,3/31/2015,1.125,BaytownDeep,2023
4340,4/24/2015,1.121,BaytownDeep,2023
4341,5/21/2015,1.12,BaytownDeep,2023
4342,6/24/2015,1.116,BaytownDeep,2023
4343,7/27/2015,1.122,BaytownDeep,2023
4344,9/9/2015,1.138,BaytownDeep,2023
4345,9/30/2015,1.134,BaytownDeep,2023
4346,10/29/2015,1.134,BaytownDeep,2023
4347,11/24/2015,1.126,BaytownDeep,2023
4348,12/28/2015,1.121,BaytownDeep,2023
4349,1/21/2016,1.118,BaytownDeep,2023
4350,3/1/2016,1.114,BaytownDeep,2023
4351,4/1/2016,1.11,BaytownDeep,2023
4352,5/2/2016,1.107,BaytownDeep,2023
4353,5/31/2016,1.105,BaytownDeep,2023
4354,6/30/2016,1.103,BaytownDeep,2023
4355,8/2/2016,1.11,BaytownDeep,2023
4356,8/26/2016,1.106,BaytownDeep,2023
4357,9/27/2016,1.107,BaytownDeep,2023
4358,10/24/2016,1.111,BaytownDeep,2023
4359,12/1/2016,1.114,BaytownDeep,2023
4360,12/20/2016,1.114,BaytownDeep,2023
4361,1/30/2017,1.106,BaytownDeep,2023
4362,2/28/2017,1.102,BaytownDeep,2023
4363,3/24/2017,1.099,BaytownDeep,2023
4364,4/24/2017,1.097,BaytownDeep,2023
4365,5/30/2017,1.102,BaytownDeep,2023
4366,6/22/2017,1.1,BaytownDeep,2023
4367,7/21/2017,1.1,BaytownDeep,2023
4368,8/16/2017,1.101,BaytownDeep,2023
4369,9/26/2017,1.1,BaytownDeep,2023
4370,10/20/2017,1.103,BaytownDeep,2023
4371,11/16/2017,1.105,BaytownDeep,2023
4372,12/27/2017,1.105,BaytownDeep,2023
4373,1/31/2018,1.104,BaytownDeep,2023
4374,2/28/2018,1.1,BaytownDeep,2023
4375,3/22/2018,1.098,BaytownDeep,2023
4376,4/16/2018,1.097,BaytownDeep,2023
4377,5/22/2018,1.103,BaytownDeep,2023
4378,6/22/2018,1.108,BaytownDeep,2023
4379,7/19/2018,1.105,BaytownDeep,2023
4380,8/30/2018,1.111,BaytownDeep,2023
4381,9/20/2018,1.104,BaytownDeep,2023
4382,10/16/2018,1.102,BaytownDeep,2023
4383,11/20/2018,1.101,BaytownDeep,2023
4384,12/18/2018,1.1,BaytownDeep,2023
4385,1/29/2019,1.095,BaytownDeep,2023
4386,2/27/2019,1.089,BaytownDeep,2023
4387,3/20/2019,1.087,BaytownDeep,2023
4388,4/17/2019,1.086,BaytownDeep,2023
4389,5/24/2019,1.085,BaytownDeep,2023
4390,6/24/2019,1.09,BaytownDeep,2023
4391,7/25/2019,1.096,BaytownDeep,2023
4392,8/21/2019,1.1,BaytownDeep,2023
4393,10/1/2019,1.097,BaytownDeep,2023
4394,10/29/2019,1.098,BaytownDeep,2023
4395,11/26/2019,1.098,BaytownDeep,2023
4396,12/27/2019,1.099,BaytownDeep,2023
4397,1/29/2020,1.097,BaytownDeep,2023
4398,3/3/2020,1.095,BaytownDeep,2023
4399,4/6/2020,1.096,BaytownDeep,2023
4400,4/27/2020,1.097,BaytownDeep,2023
4401,5/28/2020,1.098,BaytownDeep,2023
4402,6/23/2020,1.102,BaytownDeep,2023
4403,7/22/2020,1.102,BaytownDeep,2023
4404,8/18/2020,1.1,BaytownDeep,2023
4405,9/25/2020,1.103,BaytownDeep,2023
4406,10/29/2020,1.106,BaytownDeep,2023
4407,11/23/2020,1.112,BaytownDeep,2023
4408,12/30/2020,1.11,BaytownDeep,2023
4409,2/3/2021,1.108,BaytownDeep,2023
4410,2/23/2021,1.108,BaytownDeep,2023
4411,4/1/2021,1.107,BaytownDeep,2023
4412,5/6/2021,1.105,BaytownDeep,2023
4413,6/4/2021,1.104,BaytownDeep,2023
4414,6/29/2021,1.106,BaytownDeep,2023
4415,7/22/2021,1.104,BaytownDeep,2023
4416,9/1/2021,1.113,BaytownDeep,2023
4417,9/23/2021,1.113,BaytownDeep,2023
4418,10/29/2021,1.111,BaytownDeep,2023
4419,11/18/2021,1.112,BaytownDeep,2023
4420,1/6/2022,1.113,BaytownDeep,2023
4421,1/26/2022,1.108,BaytownDeep,2023
4422,2/28/2022,1.105,BaytownDeep,2023
4423,3/30/2022,1.104,BaytownDeep,2023
4424,4/27/2022,1.105,BaytownDeep,2023
4425,6/1/2022,1.11,BaytownDeep,2023
4426,6/28/2022,1.13,BaytownDeep,2023
4427,7/27/2022,1.133,BaytownDeep,2023
4428,8/30/2022,1.134,BaytownDeep,2023
4429,9/27/2022,1.143,BaytownDeep,2023
4430,11/2/2022,1.162,BaytownDeep,2023
4431,7/20/1973,0.0,Seabrook,2023
4432,7/24/1973,0.002,Seabrook,2023
4433,8/13/1973,0.014,Seabrook,2023
4434,8/17/1973,0.016,Seabrook,2023
4435,8/31/1973,0.027,Seabrook,2023
4436,9/13/1973,0.035,Seabrook,2023
4437,10/11/1973,0.057,Seabrook,2023
4438,11/8/1973,0.073,Seabrook,2023
4439,11/12/1973,0.077,Seabrook,2023
4440,12/6/1973,0.092,Seabrook,2023
4441,1/3/1974,0.107,Seabrook,2023
4442,2/4/1974,0.123,Seabrook,2023
4443,3/7/1974,0.139,Seabrook,2023
4444,4/4/1974,0.157,Seabrook,2023
4445,5/3/1974,0.174,Seabrook,2023
4446,6/3/1974,0.197,Seabrook,2023
4447,7/1/1974,0.229,Seabrook,2023
4448,7/30/1974,0.255,Seabrook,2023
4449,8/30/1974,0.269,Seabrook,2023
4450,9/30/1974,0.289,Seabrook,2023
4451,10/30/1974,0.312,Seabrook,2023
4452,11/27/1974,0.329,Seabrook,2023
4453,12/27/1974,0.344,Seabrook,2023
4454,1/24/1975,0.356,Seabrook,2023
4455,2/21/1975,0.366,Seabrook,2023
4456,3/24/1975,0.384,Seabrook,2023
4457,4/24/1975,0.402,Seabrook,2023
4458,5/23/1975,0.418,Seabrook,2023
4459,6/23/1975,0.439,Seabrook,2023
4460,7/22/1975,0.463,Seabrook,2023
4461,8/20/1975,0.477,Seabrook,2023
4462,9/19/1975,0.498,Seabrook,2023
4463,10/20/1975,0.53,Seabrook,2023
4464,10/25/1975,0.531,Seabrook,2023
4465,10/26/1975,0.526,Seabrook,2023
4466,11/20/1975,0.541,Seabrook,2023
4467,12/22/1975,0.557,Seabrook,2023
4468,1/21/1976,0.574,Seabrook,2023
4469,2/20/1976,0.592,Seabrook,2023
4470,3/22/1976,0.61,Seabrook,2023
4471,4/21/1976,0.629,Seabrook,2023
4472,5/21/1976,0.649,Seabrook,2023
4473,6/21/1976,0.668,Seabrook,2023
4474,7/19/1976,0.684,Seabrook,2023
4475,8/17/1976,0.71,Seabrook,2023
4476,9/15/1976,0.738,Seabrook,2023
4477,10/12/1976,0.745,Seabrook,2023
4478,11/9/1976,0.757,Seabrook,2023
4479,12/7/1976,0.766,Seabrook,2023
4480,1/4/1977,0.775,Seabrook,2023
4481,2/1/1977,0.787,Seabrook,2023
4482,3/1/1977,0.802,Seabrook,2023
4483,3/29/1977,0.81,Seabrook,2023
4484,4/26/1977,0.816,Seabrook,2023
4485,5/24/1977,0.825,Seabrook,2023
4486,6/21/1977,0.847,Seabrook,2023
4487,7/19/1977,0.87,Seabrook,2023
4488,8/16/1977,0.888,Seabrook,2023
4489,9/14/1977,0.887,Seabrook,2023
4490,10/11/1977,0.899,Seabrook,2023
4491,11/7/1977,0.907,Seabrook,2023
4492,12/6/1977,0.904,Seabrook,2023
4493,1/3/1978,0.905,Seabrook,2023
4494,2/1/1978,0.899,Seabrook,2023
4495,2/28/1978,0.9,Seabrook,2023
4496,3/28/1978,0.908,Seabrook,2023
4497,4/25/1978,0.916,Seabrook,2023
4498,5/23/1978,0.946,Seabrook,2023
4499,6/20/1978,0.961,Seabrook,2023
4500,7/19/1978,1.001,Seabrook,2023
4501,8/15/1978,1.013,Seabrook,2023
4502,9/13/1978,1.012,Seabrook,2023
4503,10/10/1978,1.028,Seabrook,2023
4504,11/7/1978,1.045,Seabrook,2023
4505,12/5/1978,1.035,Seabrook,2023
4506,1/3/1979,1.019,Seabrook,2023
4507,1/30/1979,0.997,Seabrook,2023
4508,2/27/1979,0.987,Seabrook,2023
4509,3/27/1979,0.986,Seabrook,2023
4510,4/23/1979,0.985,Seabrook,2023
4511,5/22/1979,0.992,Seabrook,2023
4512,6/19/1979,1.002,Seabrook,2023
4513,7/17/1979,1.026,Seabrook,2023
4514,7/18/1979,1.024,Seabrook,2023
4515,7/25/1979,1.025,Seabrook,2023
4516,7/27/1979,1.019,Seabrook,2023
4517,8/14/1979,1.031,Seabrook,2023
4518,9/1/1979,1.04,Seabrook,2023
4519,9/12/1979,1.036,Seabrook,2023
4520,9/17/1979,1.038,Seabrook,2023
4521,9/20/1979,1.033,Seabrook,2023
4522,10/9/1979,1.043,Seabrook,2023
4523,10/30/1979,1.059,Seabrook,2023
4524,10/31/1979,1.055,Seabrook,2023
4525,11/7/1979,1.056,Seabrook,2023
4526,12/4/1979,1.059,Seabrook,2023
4527,1/2/1980,1.058,Seabrook,2023
4528,2/5/1980,1.049,Seabrook,2023
4529,3/4/1980,1.049,Seabrook,2023
4530,4/1/1980,1.05,Seabrook,2023
4531,4/29/1980,1.056,Seabrook,2023
4532,5/27/1980,1.06,Seabrook,2023
4533,6/24/1980,1.088,Seabrook,2023
4534,7/22/1980,1.133,Seabrook,2023
4535,8/19/1980,1.147,Seabrook,2023
4536,9/16/1980,1.165,Seabrook,2023
4537,10/14/1980,1.166,Seabrook,2023
4538,11/10/1980,1.172,Seabrook,2023
4539,12/9/1980,1.173,Seabrook,2023
4540,1/6/1981,1.171,Seabrook,2023
4541,1/19/1981,1.17,Seabrook,2023
4542,2/3/1981,1.16,Seabrook,2023
4543,3/4/1981,1.151,Seabrook,2023
4544,3/31/1981,1.151,Seabrook,2023
4545,4/27/1981,1.158,Seabrook,2023
4546,5/26/1981,1.172,Seabrook,2023
4547,6/23/1981,1.172,Seabrook,2023
4548,7/21/1981,1.189,Seabrook,2023
4549,8/18/1981,1.236,Seabrook,2023
4550,9/15/1981,1.232,Seabrook,2023
4551,10/14/1981,1.239,Seabrook,2023
4552,11/10/1981,1.236,Seabrook,2023
4553,12/8/1981,1.235,Seabrook,2023
4554,1/6/1982,1.22,Seabrook,2023
4555,2/3/1982,1.208,Seabrook,2023
4556,3/2/1982,1.194,Seabrook,2023
4557,3/31/1982,1.188,Seabrook,2023
4558,4/27/1982,1.187,Seabrook,2023
4559,5/25/1982,1.188,Seabrook,2023
4560,6/22/1982,1.213,Seabrook,2023
4561,7/20/1982,1.232,Seabrook,2023
4562,8/17/1982,1.254,Seabrook,2023
4563,9/14/1982,1.283,Seabrook,2023
4564,10/12/1982,1.287,Seabrook,2023
4565,11/9/1982,1.285,Seabrook,2023
4566,12/7/1982,1.261,Seabrook,2023
4567,1/4/1983,1.247,Seabrook,2023
4568,2/1/1983,1.235,Seabrook,2023
4569,3/2/1983,1.226,Seabrook,2023
4570,3/29/1983,1.226,Seabrook,2023
4571,4/26/1983,1.23,Seabrook,2023
4572,5/26/1983,1.235,Seabrook,2023
4573,6/21/1983,1.253,Seabrook,2023
4574,7/19/1983,1.258,Seabrook,2023
4575,8/16/1983,1.266,Seabrook,2023
4576,9/14/1983,1.261,Seabrook,2023
4577,10/11/1983,1.263,Seabrook,2023
4578,11/8/1983,1.265,Seabrook,2023
4579,12/6/1983,1.264,Seabrook,2023
4580,1/4/1984,1.261,Seabrook,2023
4581,1/31/1984,1.256,Seabrook,2023
4582,2/28/1984,1.259,Seabrook,2023
4583,3/26/1984,1.261,Seabrook,2023
4584,4/23/1984,1.267,Seabrook,2023
4585,5/22/1984,1.282,Seabrook,2023
4586,6/19/1984,1.301,Seabrook,2023
4587,7/17/1984,1.318,Seabrook,2023
4588,8/14/1984,1.329,Seabrook,2023
4589,9/11/1984,1.341,Seabrook,2023
4590,10/9/1984,1.341,Seabrook,2023
4591,11/6/1984,1.315,Seabrook,2023
4592,12/5/1984,1.313,Seabrook,2023
4593,1/2/1985,1.307,Seabrook,2023
4594,1/30/1985,1.297,Seabrook,2023
4595,2/26/1985,1.293,Seabrook,2023
4596,3/27/1985,1.291,Seabrook,2023
4597,4/23/1985,1.297,Seabrook,2023
4598,5/21/1985,1.312,Seabrook,2023
4599,6/18/1985,1.338,Seabrook,2023
4600,7/16/1985,1.343,Seabrook,2023
4601,8/13/1985,1.36,Seabrook,2023
4602,9/10/1985,1.365,Seabrook,2023
4603,10/8/1985,1.366,Seabrook,2023
4604,11/5/1985,1.358,Seabrook,2023
4605,12/3/1985,1.344,Seabrook,2023
4606,12/19/1985,1.339,Seabrook,2023
4607,1/16/1986,1.338,Seabrook,2023
4608,2/13/1986,1.337,Seabrook,2023
4609,3/13/1986,1.339,Seabrook,2023
4610,4/11/1986,1.345,Seabrook,2023
4611,5/8/1986,1.355,Seabrook,2023
4612,6/5/1986,1.368,Seabrook,2023
4613,7/3/1986,1.364,Seabrook,2023
4614,7/31/1986,1.397,Seabrook,2023
4615,8/29/1986,1.408,Seabrook,2023
4616,9/25/1986,1.39,Seabrook,2023
4617,10/24/1986,1.378,Seabrook,2023
4618,11/19/1986,1.371,Seabrook,2023
4619,12/17/1986,1.363,Seabrook,2023
4620,1/15/1987,1.36,Seabrook,2023
4621,2/11/1987,1.36,Seabrook,2023
4622,3/6/1987,1.358,Seabrook,2023
4623,4/2/1987,1.362,Seabrook,2023
4624,4/30/1987,1.376,Seabrook,2023
4625,5/28/1987,1.388,Seabrook,2023
4626,6/26/1987,1.383,Seabrook,2023
4627,7/23/1987,1.385,Seabrook,2023
4628,8/20/1987,1.421,Seabrook,2023
4629,9/17/1987,1.427,Seabrook,2023
4630,10/15/1987,1.427,Seabrook,2023
4631,11/12/1987,1.437,Seabrook,2023
4632,12/9/1987,1.419,Seabrook,2023
4633,1/7/1988,1.401,Seabrook,2023
4634,2/4/1988,1.396,Seabrook,2023
4635,3/3/1988,1.392,Seabrook,2023
4636,3/31/1988,1.39,Seabrook,2023
4637,4/28/1988,1.395,Seabrook,2023
4638,5/26/1988,1.406,Seabrook,2023
4639,6/23/1988,1.433,Seabrook,2023
4640,7/21/1988,1.451,Seabrook,2023
4641,8/18/1988,1.457,Seabrook,2023
4642,9/14/1988,1.453,Seabrook,2023
4643,10/13/1988,1.457,Seabrook,2023
4644,11/9/1988,1.459,Seabrook,2023
4645,12/8/1988,1.464,Seabrook,2023
4646,1/5/1989,1.463,Seabrook,2023
4647,2/2/1989,1.436,Seabrook,2023
4648,3/2/1989,1.431,Seabrook,2023
4649,3/29/1989,1.428,Seabrook,2023
4650,4/27/1989,1.431,Seabrook,2023
4651,5/23/1989,1.432,Seabrook,2023
4652,6/22/1989,1.462,Seabrook,2023
4653,7/20/1989,1.448,Seabrook,2023
4654,8/17/1989,1.446,Seabrook,2023
4655,9/14/1989,1.468,Seabrook,2023
4656,10/12/1989,1.481,Seabrook,2023
4657,11/8/1989,1.475,Seabrook,2023
4658,12/7/1989,1.46,Seabrook,2023
4659,1/4/1990,1.456,Seabrook,2023
4660,2/1/1990,1.446,Seabrook,2023
4661,3/1/1990,1.441,Seabrook,2023
4662,3/29/1990,1.442,Seabrook,2023
4663,4/26/1990,1.442,Seabrook,2023
4664,5/24/1990,1.443,Seabrook,2023
4665,6/21/1990,1.466,Seabrook,2023
4666,7/19/1990,1.487,Seabrook,2023
4667,8/16/1990,1.505,Seabrook,2023
4668,9/13/1990,1.507,Seabrook,2023
4669,10/11/1990,1.508,Seabrook,2023
4670,11/7/1990,1.506,Seabrook,2023
4671,12/7/1990,1.501,Seabrook,2023
4672,1/3/1991,1.491,Seabrook,2023
4673,1/31/1991,1.461,Seabrook,2023
4674,2/28/1991,1.455,Seabrook,2023
4675,3/28/1991,1.455,Seabrook,2023
4676,4/25/1991,1.452,Seabrook,2023
4677,5/24/1991,1.45,Seabrook,2023
4678,6/24/1991,1.457,Seabrook,2023
4679,7/18/1991,1.476,Seabrook,2023
4680,8/15/1991,1.501,Seabrook,2023
4681,9/12/1991,1.483,Seabrook,2023
4682,10/10/1991,1.496,Seabrook,2023
4683,11/7/1991,1.504,Seabrook,2023
4684,12/5/1991,1.49,Seabrook,2023
4685,1/2/1992,1.469,Seabrook,2023
4686,1/30/1992,1.462,Seabrook,2023
4687,2/28/1992,1.459,Seabrook,2023
4688,3/25/1992,1.461,Seabrook,2023
4689,4/23/1992,1.46,Seabrook,2023
4690,5/21/1992,1.47,Seabrook,2023
4691,6/17/1992,1.466,Seabrook,2023
4692,7/16/1992,1.494,Seabrook,2023
4693,8/18/1992,1.506,Seabrook,2023
4694,9/9/1992,1.515,Seabrook,2023
4695,10/8/1992,1.521,Seabrook,2023
4696,11/5/1992,1.519,Seabrook,2023
4697,12/2/1992,1.498,Seabrook,2023
4698,12/30/1992,1.473,Seabrook,2023
4699,1/28/1993,1.462,Seabrook,2023
4700,2/24/1993,1.458,Seabrook,2023
4701,3/26/1993,1.454,Seabrook,2023
4702,4/22/1993,1.456,Seabrook,2023
4703,5/19/1993,1.46,Seabrook,2023
4704,6/17/1993,1.475,Seabrook,2023
4705,7/14/1993,1.485,Seabrook,2023
4706,8/13/1993,1.513,Seabrook,2023
4707,9/10/1993,1.524,Seabrook,2023
4708,10/8/1993,1.526,Seabrook,2023
4709,11/4/1993,1.505,Seabrook,2023
4710,12/2/1993,1.484,Seabrook,2023
4711,12/30/1993,1.48,Seabrook,2023
4712,1/26/1994,1.473,Seabrook,2023
4713,2/23/1994,1.464,Seabrook,2023
4714,3/25/1994,1.462,Seabrook,2023
4715,4/19/1994,1.462,Seabrook,2023
4716,5/18/1994,1.459,Seabrook,2023
4717,6/16/1994,1.48,Seabrook,2023
4718,7/15/1994,1.499,Seabrook,2023
4719,8/11/1994,1.508,Seabrook,2023
4720,9/8/1994,1.509,Seabrook,2023
4721,10/6/1994,1.513,Seabrook,2023
4722,11/3/1994,1.49,Seabrook,2023
4723,12/1/1994,1.492,Seabrook,2023
4724,12/29/1994,1.472,Seabrook,2023
4725,1/26/1995,1.464,Seabrook,2023
4726,2/23/1995,1.463,Seabrook,2023
4727,3/23/1995,1.458,Seabrook,2023
4728,4/20/1995,1.458,Seabrook,2023
4729,5/17/1995,1.468,Seabrook,2023
4730,6/15/1995,1.478,Seabrook,2023
4731,7/14/1995,1.496,Seabrook,2023
4732,8/10/1995,1.506,Seabrook,2023
4733,9/7/1995,1.526,Seabrook,2023
4734,10/5/1995,1.526,Seabrook,2023
4735,11/2/1995,1.527,Seabrook,2023
4736,12/1/1995,1.506,Seabrook,2023
4737,1/4/1996,1.478,Seabrook,2023
4738,1/25/1996,1.469,Seabrook,2023
4739,2/22/1996,1.463,Seabrook,2023
4740,3/21/1996,1.463,Seabrook,2023
4741,4/19/1996,1.465,Seabrook,2023
4742,5/16/1996,1.473,Seabrook,2023
4743,6/13/1996,1.507,Seabrook,2023
4744,7/12/1996,1.523,Seabrook,2023
4745,8/9/1996,1.521,Seabrook,2023
4746,9/7/1996,1.497,Seabrook,2023
4747,10/3/1996,1.48,Seabrook,2023
4748,10/30/1996,1.481,Seabrook,2023
4749,11/29/1996,1.488,Seabrook,2023
4750,12/26/1996,1.488,Seabrook,2023
4751,1/24/1997,1.474,Seabrook,2023
4752,2/21/1997,1.469,Seabrook,2023
4753,3/19/1997,1.464,Seabrook,2023
4754,4/16/1997,1.463,Seabrook,2023
4755,5/14/1997,1.465,Seabrook,2023
4756,6/13/1997,1.475,Seabrook,2023
4757,7/11/1997,1.503,Seabrook,2023
4758,8/7/1997,1.519,Seabrook,2023
4759,9/2/1997,1.535,Seabrook,2023
4760,10/3/1997,1.509,Seabrook,2023
4761,10/30/1997,1.496,Seabrook,2023
4762,11/26/1997,1.489,Seabrook,2023
4763,12/22/1997,1.476,Seabrook,2023
4764,1/21/1998,1.469,Seabrook,2023
4765,2/19/1998,1.463,Seabrook,2023
4766,3/19/1998,1.461,Seabrook,2023
4767,4/16/1998,1.466,Seabrook,2023
4768,5/14/1998,1.493,Seabrook,2023
4769,6/11/1998,1.525,Seabrook,2023
4770,7/8/1998,1.529,Seabrook,2023
4771,8/6/1998,1.555,Seabrook,2023
4772,9/4/1998,1.554,Seabrook,2023
4773,10/1/1998,1.523,Seabrook,2023
4774,10/30/1998,1.503,Seabrook,2023
4775,11/25/1998,1.495,Seabrook,2023
4776,12/18/1998,1.487,Seabrook,2023
4777,1/14/1999,1.479,Seabrook,2023
4778,2/12/1999,1.478,Seabrook,2023
4779,3/12/1999,1.475,Seabrook,2023
4780,4/9/1999,1.473,Seabrook,2023
4781,5/5/1999,1.484,Seabrook,2023
4782,6/3/1999,1.499,Seabrook,2023
4783,6/30/1999,1.498,Seabrook,2023
4784,7/29/1999,1.504,Seabrook,2023
4785,8/26/1999,1.534,Seabrook,2023
4786,9/23/1999,1.543,Seabrook,2023
4787,10/20/1999,1.539,Seabrook,2023
4788,11/18/1999,1.543,Seabrook,2023
4789,12/16/1999,1.541,Seabrook,2023
4790,1/13/2000,1.534,Seabrook,2023
4791,2/8/2000,1.529,Seabrook,2023
4792,3/6/2000,1.523,Seabrook,2023
4793,4/6/2000,1.518,Seabrook,2023
4794,5/3/2000,1.52,Seabrook,2023
4795,6/1/2000,1.527,Seabrook,2023
4796,6/29/2000,1.537,Seabrook,2023
4797,7/26/2000,1.553,Seabrook,2023
4798,8/24/2000,1.555,Seabrook,2023
4799,9/20/2000,1.551,Seabrook,2023
4800,10/19/2000,1.546,Seabrook,2023
4801,11/16/2000,1.53,Seabrook,2023
4802,12/14/2000,1.503,Seabrook,2023
4803,1/11/2001,1.494,Seabrook,2023
4804,2/8/2001,1.487,Seabrook,2023
4805,3/8/2001,1.484,Seabrook,2023
4806,4/5/2001,1.482,Seabrook,2023
4807,5/2/2001,1.493,Seabrook,2023
4808,5/30/2001,1.526,Seabrook,2023
4809,6/27/2001,1.52,Seabrook,2023
4810,7/26/2001,1.548,Seabrook,2023
4811,8/23/2001,1.554,Seabrook,2023
4812,9/20/2001,1.518,Seabrook,2023
4813,10/18/2001,1.512,Seabrook,2023
4814,11/14/2001,1.518,Seabrook,2023
4815,12/12/2001,1.509,Seabrook,2023
4816,1/10/2002,1.494,Seabrook,2023
4817,2/7/2002,1.493,Seabrook,2023
4818,3/6/2002,1.491,Seabrook,2023
4819,4/3/2002,1.49,Seabrook,2023
4820,5/2/2002,1.497,Seabrook,2023
4821,5/29/2002,1.516,Seabrook,2023
4822,6/26/2002,1.537,Seabrook,2023
4823,7/26/2002,1.537,Seabrook,2023
4824,8/21/2002,1.533,Seabrook,2023
4825,9/20/2002,1.531,Seabrook,2023
4826,10/17/2002,1.524,Seabrook,2023
4827,11/15/2002,1.492,Seabrook,2023
4828,12/13/2002,1.488,Seabrook,2023
4829,1/9/2003,1.487,Seabrook,2023
4830,2/5/2003,1.482,Seabrook,2023
4831,3/5/2003,1.476,Seabrook,2023
4832,4/3/2003,1.479,Seabrook,2023
4833,4/30/2003,1.482,Seabrook,2023
4834,5/29/2003,1.519,Seabrook,2023
4835,6/27/2003,1.533,Seabrook,2023
4836,7/23/2003,1.52,Seabrook,2023
4837,8/19/2003,1.522,Seabrook,2023
4838,9/18/2003,1.506,Seabrook,2023
4839,10/15/2003,1.501,Seabrook,2023
4840,11/12/2003,1.503,Seabrook,2023
4841,12/11/2003,1.499,Seabrook,2023
4842,1/9/2004,1.489,Seabrook,2023
4843,2/4/2004,1.483,Seabrook,2023
4844,3/4/2004,1.478,Seabrook,2023
4845,3/31/2004,1.478,Seabrook,2023
4846,4/30/2004,1.48,Seabrook,2023
4847,5/28/2004,1.483,Seabrook,2023
4848,6/25/2004,1.476,Seabrook,2023
4849,7/22/2004,1.49,Seabrook,2023
4850,8/18/2004,1.514,Seabrook,2023
4851,9/14/2004,1.521,Seabrook,2023
4852,10/14/2004,1.52,Seabrook,2023
4853,11/10/2004,1.508,Seabrook,2023
4854,12/8/2004,1.474,Seabrook,2023
4855,1/5/2005,1.464,Seabrook,2023
4856,1/31/2005,1.461,Seabrook,2023
4857,3/3/2005,1.451,Seabrook,2023
4858,3/29/2005,1.452,Seabrook,2023
4859,4/28/2005,1.459,Seabrook,2023
4860,5/27/2005,1.475,Seabrook,2023
4861,6/23/2005,1.503,Seabrook,2023
4862,7/21/2005,1.5,Seabrook,2023
4863,8/19/2005,1.516,Seabrook,2023
4864,9/20/2005,1.507,Seabrook,2023
4865,10/20/2005,1.513,Seabrook,2023
4866,11/16/2005,1.517,Seabrook,2023
4867,12/14/2005,1.512,Seabrook,2023
4868,1/9/2006,1.505,Seabrook,2023
4869,2/8/2006,1.5,Seabrook,2023
4870,3/7/2006,1.496,Seabrook,2023
4871,4/5/2006,1.493,Seabrook,2023
4872,5/3/2006,1.504,Seabrook,2023
4873,6/1/2006,1.508,Seabrook,2023
4874,6/28/2006,1.51,Seabrook,2023
4875,7/27/2006,1.503,Seabrook,2023
4876,8/28/2006,1.507,Seabrook,2023
4877,9/29/2006,1.51,Seabrook,2023
4878,10/23/2006,1.491,Seabrook,2023
4879,11/14/2006,1.484,Seabrook,2023
4880,12/12/2006,1.486,Seabrook,2023
4881,1/12/2007,1.48,Seabrook,2023
4882,2/7/2007,1.469,Seabrook,2023
4883,3/12/2007,1.469,Seabrook,2023
4884,4/3/2007,1.466,Seabrook,2023
4885,5/3/2007,1.468,Seabrook,2023
4886,6/4/2007,1.477,Seabrook,2023
4887,6/26/2007,1.499,Seabrook,2023
4888,7/26/2007,1.475,Seabrook,2023
4889,8/28/2007,1.479,Seabrook,2023
4890,9/20/2007,1.483,Seabrook,2023
4891,10/25/2007,1.494,Seabrook,2023
4892,11/15/2007,1.505,Seabrook,2023
4893,12/14/2007,1.495,Seabrook,2023
4894,1/9/2008,1.484,Seabrook,2023
4895,2/13/2008,1.467,Seabrook,2023
4896,3/11/2008,1.464,Seabrook,2023
4897,4/16/2008,1.469,Seabrook,2023
4898,5/6/2008,1.475,Seabrook,2023
4899,6/11/2008,1.512,Seabrook,2023
4900,7/15/2008,1.516,Seabrook,2023
4901,8/20/2008,1.511,Seabrook,2023
4902,9/30/2008,1.494,Seabrook,2023
4903,10/29/2008,1.496,Seabrook,2023
4904,11/25/2008,1.495,Seabrook,2023
4905,12/19/2008,1.489,Seabrook,2023
4906,1/28/2009,1.485,Seabrook,2023
4907,3/3/2009,1.484,Seabrook,2023
4908,4/2/2009,1.481,Seabrook,2023
4909,4/30/2009,1.476,Seabrook,2023
4910,5/29/2009,1.485,Seabrook,2023
4911,6/26/2009,1.501,Seabrook,2023
4912,7/21/2009,1.518,Seabrook,2023
4913,8/20/2009,1.53,Seabrook,2023
4914,9/18/2009,1.529,Seabrook,2023
4915,10/16/2009,1.516,Seabrook,2023
4916,11/10/2009,1.493,Seabrook,2023
4917,12/8/2009,1.478,Seabrook,2023
4918,1/6/2010,1.475,Seabrook,2023
4919,2/10/2010,1.472,Seabrook,2023
4920,3/12/2010,1.472,Seabrook,2023
4921,3/31/2010,1.473,Seabrook,2023
4922,5/4/2010,1.487,Seabrook,2023
4923,6/7/2010,1.502,Seabrook,2023
4924,6/29/2010,1.515,Seabrook,2023
4925,7/27/2010,1.505,Seabrook,2023
4926,8/25/2010,1.517,Seabrook,2023
4927,9/22/2010,1.51,Seabrook,2023
4928,10/20/2010,1.519,Seabrook,2023
4929,11/18/2010,1.508,Seabrook,2023
4930,12/13/2010,1.507,Seabrook,2023
4931,1/3/2011,1.506,Seabrook,2023
4932,1/31/2011,1.506,Seabrook,2023
4933,3/2/2011,1.505,Seabrook,2023
4934,3/29/2011,1.507,Seabrook,2023
4935,5/10/2011,1.538,Seabrook,2023
4936,6/8/2011,1.55,Seabrook,2023
4937,7/6/2011,1.557,Seabrook,2023
4938,8/2/2011,1.558,Seabrook,2023
4939,9/8/2011,1.565,Seabrook,2023
4940,10/6/2011,1.572,Seabrook,2023
4941,11/1/2011,1.571,Seabrook,2023
4942,12/1/2011,1.57,Seabrook,2023
4943,12/29/2011,1.563,Seabrook,2023
4944,1/27/2012,1.558,Seabrook,2023
4945,2/23/2012,1.553,Seabrook,2023
4946,3/21/2012,1.548,Seabrook,2023
4947,4/18/2012,1.551,Seabrook,2023
4948,5/17/2012,1.56,Seabrook,2023
4949,6/13/2012,1.584,Seabrook,2023
4950,7/6/2012,1.593,Seabrook,2023
4951,8/7/2012,1.595,Seabrook,2023
4952,9/5/2012,1.593,Seabrook,2023
4953,10/12/2012,1.595,Seabrook,2023
4954,11/8/2012,1.6,Seabrook,2023
4955,12/4/2012,1.601,Seabrook,2023
4956,1/4/2013,1.589,Seabrook,2023
4957,2/21/2013,1.559,Seabrook,2023
4958,3/25/2013,1.561,Seabrook,2023
4959,4/30/2013,1.56,Seabrook,2023
4960,5/30/2013,1.571,Seabrook,2023
4961,6/24/2013,1.581,Seabrook,2023
4962,7/23/2013,1.589,Seabrook,2023
4963,8/22/2013,1.598,Seabrook,2023
4964,9/27/2013,1.599,Seabrook,2023
4965,10/21/2013,1.596,Seabrook,2023
4966,11/19/2013,1.588,Seabrook,2023
4967,12/16/2013,1.58,Seabrook,2023
4968,1/23/2014,1.576,Seabrook,2023
4969,2/27/2014,1.571,Seabrook,2023
4970,4/2/2014,1.563,Seabrook,2023
4971,5/16/2014,1.577,Seabrook,2023
4972,6/10/2014,1.579,Seabrook,2023
4973,7/9/2014,1.586,Seabrook,2023
4974,8/12/2014,1.588,Seabrook,2023
4975,9/2/2014,1.589,Seabrook,2023
4976,10/6/2014,1.58,Seabrook,2023
4977,11/12/2014,1.586,Seabrook,2023
4978,12/11/2014,1.577,Seabrook,2023
4979,1/13/2015,1.556,Seabrook,2023
4980,2/19/2015,1.555,Seabrook,2023
4981,3/30/2015,1.548,Seabrook,2023
4982,4/29/2015,1.547,Seabrook,2023
4983,5/19/2015,1.548,Seabrook,2023
4984,6/22/2015,1.546,Seabrook,2023
4985,7/23/2015,1.574,Seabrook,2023
4986,9/8/2015,1.571,Seabrook,2023
4987,9/29/2015,1.573,Seabrook,2023
4988,10/28/2015,1.588,Seabrook,2023
4989,11/27/2015,1.572,Seabrook,2023
4990,12/21/2015,1.57,Seabrook,2023
4991,1/19/2016,1.566,Seabrook,2023
4992,2/29/2016,1.566,Seabrook,2023
4993,3/30/2016,1.565,Seabrook,2023
4994,5/2/2016,1.563,Seabrook,2023
4995,5/31/2016,1.567,Seabrook,2023
4996,6/30/2016,1.572,Seabrook,2023
4997,7/29/2016,1.598,Seabrook,2023
4998,8/25/2016,1.591,Seabrook,2023
4999,9/26/2016,1.595,Seabrook,2023
5000,10/20/2016,1.6,Seabrook,2023
5001,11/28/2016,1.605,Seabrook,2023
5002,12/21/2016,1.586,Seabrook,2023
5003,1/30/2017,1.569,Seabrook,2023
5004,2/28/2017,1.569,Seabrook,2023
5005,3/23/2017,1.566,Seabrook,2023
5006,4/24/2017,1.569,Seabrook,2023
5007,5/30/2017,1.587,Seabrook,2023
5008,6/21/2017,1.594,Seabrook,2023
5009,7/26/2017,1.596,Seabrook,2023
5010,8/17/2017,1.586,Seabrook,2023
5011,9/22/2017,1.585,Seabrook,2023
5012,10/18/2017,1.595,Seabrook,2023
5013,11/16/2017,1.593,Seabrook,2023
5014,12/27/2017,1.581,Seabrook,2023
5015,1/31/2018,1.563,Seabrook,2023
5016,2/27/2018,1.558,Seabrook,2023
5017,3/20/2018,1.56,Seabrook,2023
5018,4/18/2018,1.565,Seabrook,2023
5019,5/21/2018,1.583,Seabrook,2023
5020,6/21/2018,1.587,Seabrook,2023
5021,7/18/2018,1.586,Seabrook,2023
5022,8/29/2018,1.602,Seabrook,2023
5023,9/20/2018,1.566,Seabrook,2023
5024,10/16/2018,1.563,Seabrook,2023
5025,11/20/2018,1.558,Seabrook,2023
5026,12/13/2018,1.555,Seabrook,2023
5027,1/29/2019,1.551,Seabrook,2023
5028,2/25/2019,1.553,Seabrook,2023
5029,3/20/2019,1.553,Seabrook,2023
5030,4/16/2019,1.556,Seabrook,2023
5031,5/22/2019,1.557,Seabrook,2023
5032,6/19/2019,1.569,Seabrook,2023
5033,7/24/2019,1.577,Seabrook,2023
5034,8/21/2019,1.586,Seabrook,2023
5035,10/1/2019,1.561,Seabrook,2023
5036,10/29/2019,1.561,Seabrook,2023
5037,11/25/2019,1.559,Seabrook,2023
5038,12/23/2019,1.56,Seabrook,2023
5039,1/28/2020,1.554,Seabrook,2023
5040,3/3/2020,1.555,Seabrook,2023
5041,4/6/2020,1.56,Seabrook,2023
5042,4/27/2020,1.567,Seabrook,2023
5043,5/28/2020,1.569,Seabrook,2023
5044,6/23/2020,1.577,Seabrook,2023
5045,7/21/2020,1.584,Seabrook,2023
5046,8/18/2020,1.58,Seabrook,2023
5047,9/23/2020,1.575,Seabrook,2023
5048,10/27/2020,1.573,Seabrook,2023
5049,11/23/2020,1.578,Seabrook,2023
5050,12/29/2020,1.558,Seabrook,2023
5051,2/1/2021,1.557,Seabrook,2023
5052,2/23/2021,1.557,Seabrook,2023
5053,3/31/2021,1.558,Seabrook,2023
5054,5/4/2021,1.561,Seabrook,2023
5055,6/1/2021,1.558,Seabrook,2023
5056,6/29/2021,1.564,Seabrook,2023
5057,7/22/2021,1.562,Seabrook,2023
5058,8/31/2021,1.59,Seabrook,2023
5059,9/21/2021,1.585,Seabrook,2023
5060,10/26/2021,1.579,Seabrook,2023
5061,11/18/2021,1.579,Seabrook,2023
5062,12/22/2021,1.573,Seabrook,2023
5063,1/26/2022,1.574,Seabrook,2023
5064,2/22/2022,1.569,Seabrook,2023
5065,3/30/2022,1.57,Seabrook,2023
5066,4/26/2022,1.575,Seabrook,2023
5067,6/1/2022,1.587,Seabrook,2023
5068,6/28/2022,1.611,Seabrook,2023
5069,7/27/2022,1.617,Seabrook,2023
5070,8/30/2022,1.602,Seabrook,2023
5071,9/27/2022,1.597,Seabrook,2023
5072,11/2/2022,1.606,Seabrook,2023
5073,11/29/2022,1.578,Seabrook,2023
5074,12/27/2022,1.576,Seabrook,2023
5075,1/25/2023,1.568,Seabrook,2023
5076,2/28/2023,1.568,Seabrook,2023
5077,3/28/2023,1.569,Seabrook,2023
5078,4/26/2023,1.569,Seabrook,2023
5079,6/1/2023,1.573,Seabrook,2023
5080,6/28/2023,1.594,Seabrook,2023
5081,7/28/2023,1.614,Seabrook,2023
5082,9/5/2023,1.635,Seabrook,2023
5083,9/27/2023,1.624,Seabrook,2023
5084,11/1/2023,1.606,Seabrook,2023
5085,12/4/2023,1.599,Seabrook,2023
5086,12/26/2023,1.587,Seabrook,2023
5087,7/11/1974,0.0,Addicks,2023
5088,7/24/1974,0.004,Addicks,2023
5089,8/30/1974,0.009,Addicks,2023
5090,9/30/1974,0.01,Addicks,2023
5091,10/30/1974,0.02,Addicks,2023
5092,11/26/1974,0.019,Addicks,2023
5093,12/23/1974,0.019,Addicks,2023
5094,1/24/1975,0.019,Addicks,2023
5095,2/21/1975,0.02,Addicks,2023
5096,3/24/1975,0.023,Addicks,2023
5097,4/24/1975,0.027,Addicks,2023
5098,5/23/1975,0.032,Addicks,2023
5099,6/24/1975,0.041,Addicks,2023
5100,7/23/1975,0.055,Addicks,2023
5101,8/21/1975,0.064,Addicks,2023
5102,9/19/1975,0.069,Addicks,2023
5103,10/20/1975,0.083,Addicks,2023
5104,11/20/1975,0.09,Addicks,2023
5105,12/22/1975,0.093,Addicks,2023
5106,1/21/1976,0.095,Addicks,2023
5107,2/20/1976,0.102,Addicks,2023
5108,3/22/1976,0.106,Addicks,2023
5109,4/21/1976,0.112,Addicks,2023
5110,5/21/1976,0.119,Addicks,2023
5111,6/21/1976,0.13,Addicks,2023
5112,7/19/1976,0.141,Addicks,2023
5113,8/17/1976,0.155,Addicks,2023
5114,9/15/1976,0.17,Addicks,2023
5115,10/12/1976,0.176,Addicks,2023
5116,11/9/1976,0.182,Addicks,2023
5117,12/7/1976,0.178,Addicks,2023
5118,1/4/1977,0.178,Addicks,2023
5119,2/1/1977,0.181,Addicks,2023
5120,3/1/1977,0.184,Addicks,2023
5121,3/29/1977,0.188,Addicks,2023
5122,4/26/1977,0.199,Addicks,2023
5123,5/24/1977,0.212,Addicks,2023
5124,6/21/1977,0.228,Addicks,2023
5125,7/19/1977,0.245,Addicks,2023
5126,8/16/1977,0.257,Addicks,2023
5127,9/14/1977,0.269,Addicks,2023
5128,10/11/1977,0.28,Addicks,2023
5129,11/7/1977,0.286,Addicks,2023
5130,12/6/1977,0.289,Addicks,2023
5131,1/3/1978,0.294,Addicks,2023
5132,2/6/1978,0.296,Addicks,2023
5133,2/28/1978,0.297,Addicks,2023
5134,3/28/1978,0.312,Addicks,2023
5135,4/25/1978,0.323,Addicks,2023
5136,5/23/1978,0.337,Addicks,2023
5137,6/20/1978,0.35,Addicks,2023
5138,7/19/1978,0.369,Addicks,2023
5139,8/15/1978,0.381,Addicks,2023
5140,9/13/1978,0.394,Addicks,2023
5141,10/10/1978,0.405,Addicks,2023
5142,11/7/1978,0.417,Addicks,2023
5143,12/5/1978,0.418,Addicks,2023
5144,1/3/1979,0.421,Addicks,2023
5145,1/31/1979,0.424,Addicks,2023
5146,2/27/1979,0.427,Addicks,2023
5147,3/29/1979,0.436,Addicks,2023
5148,4/23/1979,0.443,Addicks,2023
5149,5/22/1979,0.454,Addicks,2023
5150,6/20/1979,0.471,Addicks,2023
5151,7/19/1979,0.494,Addicks,2023
5152,8/14/1979,0.51,Addicks,2023
5153,9/11/1979,0.521,Addicks,2023
5154,9/18/1979,0.523,Addicks,2023
5155,9/21/1979,0.521,Addicks,2023
5156,10/9/1979,0.525,Addicks,2023
5157,11/8/1979,0.539,Addicks,2023
5158,12/5/1979,0.548,Addicks,2023
5159,1/2/1980,0.552,Addicks,2023
5160,2/5/1980,0.56,Addicks,2023
5161,3/4/1980,0.581,Addicks,2023
5162,4/1/1980,0.592,Addicks,2023
5163,4/29/1980,0.614,Addicks,2023
5164,5/27/1980,0.624,Addicks,2023
5165,6/24/1980,0.647,Addicks,2023
5166,7/23/1980,0.672,Addicks,2023
5167,8/19/1980,0.69,Addicks,2023
5168,9/16/1980,0.714,Addicks,2023
5169,10/14/1980,0.735,Addicks,2023
5170,11/10/1980,0.745,Addicks,2023
5171,12/9/1980,0.75,Addicks,2023
5172,1/6/1981,0.758,Addicks,2023
5173,2/4/1981,0.761,Addicks,2023
5174,3/4/1981,0.762,Addicks,2023
5175,3/31/1981,0.769,Addicks,2023
5176,4/29/1981,0.786,Addicks,2023
5177,5/26/1981,0.797,Addicks,2023
5178,6/22/1981,0.814,Addicks,2023
5179,7/20/1981,0.833,Addicks,2023
5180,8/18/1981,0.861,Addicks,2023
5181,9/14/1981,0.881,Addicks,2023
5182,10/13/1981,0.899,Addicks,2023
5183,11/12/1981,0.902,Addicks,2023
5184,12/9/1981,0.909,Addicks,2023
5185,1/5/1982,0.917,Addicks,2023
5186,2/3/1982,0.924,Addicks,2023
5187,3/3/1982,0.93,Addicks,2023
5188,3/30/1982,0.937,Addicks,2023
5189,4/28/1982,0.946,Addicks,2023
5190,5/25/1982,0.955,Addicks,2023
5191,6/22/1982,0.975,Addicks,2023
5192,7/20/1982,0.997,Addicks,2023
5193,8/18/1982,1.028,Addicks,2023
5194,9/14/1982,1.058,Addicks,2023
5195,10/14/1982,1.084,Addicks,2023
5196,11/9/1982,1.097,Addicks,2023
5197,12/7/1982,1.097,Addicks,2023
5198,1/4/1983,1.104,Addicks,2023
5199,2/1/1983,1.11,Addicks,2023
5200,3/2/1983,1.119,Addicks,2023
5201,3/29/1983,1.123,Addicks,2023
5202,4/26/1983,1.133,Addicks,2023
5203,5/24/1983,1.143,Addicks,2023
5204,6/21/1983,1.162,Addicks,2023
5205,7/19/1983,1.178,Addicks,2023
5206,8/17/1983,1.188,Addicks,2023
5207,9/13/1983,1.199,Addicks,2023
5208,10/12/1983,1.204,Addicks,2023
5209,11/8/1983,1.214,Addicks,2023
5210,12/5/1983,1.22,Addicks,2023
5211,1/4/1984,1.234,Addicks,2023
5212,1/31/1984,1.241,Addicks,2023
5213,2/28/1984,1.246,Addicks,2023
5214,3/27/1984,1.256,Addicks,2023
5215,4/24/1984,1.27,Addicks,2023
5216,5/22/1984,1.29,Addicks,2023
5217,6/19/1984,1.306,Addicks,2023
5218,7/17/1984,1.327,Addicks,2023
5219,8/14/1984,1.339,Addicks,2023
5220,9/11/1984,1.357,Addicks,2023
5221,10/10/1984,1.369,Addicks,2023
5222,11/6/1984,1.37,Addicks,2023
5223,12/5/1984,1.376,Addicks,2023
5224,1/2/1985,1.38,Addicks,2023
5225,1/29/1985,1.392,Addicks,2023
5226,2/27/1985,1.404,Addicks,2023
5227,3/27/1985,1.412,Addicks,2023
5228,4/23/1985,1.427,Addicks,2023
5229,5/21/1985,1.44,Addicks,2023
5230,6/18/1985,1.463,Addicks,2023
5231,7/16/1985,1.477,Addicks,2023
5232,8/13/1985,1.498,Addicks,2023
5233,9/10/1985,1.519,Addicks,2023
5234,10/8/1985,1.535,Addicks,2023
5235,11/5/1985,1.537,Addicks,2023
5236,12/3/1985,1.534,Addicks,2023
5237,12/19/1985,1.535,Addicks,2023
5238,1/16/1986,1.544,Addicks,2023
5239,2/13/1986,1.548,Addicks,2023
5240,3/13/1986,1.556,Addicks,2023
5241,4/10/1986,1.563,Addicks,2023
5242,5/9/1986,1.575,Addicks,2023
5243,6/6/1986,1.584,Addicks,2023
5244,7/3/1986,1.589,Addicks,2023
5245,7/31/1986,1.616,Addicks,2023
5246,8/28/1986,1.635,Addicks,2023
5247,9/25/1986,1.646,Addicks,2023
5248,10/24/1986,1.649,Addicks,2023
5249,11/20/1986,1.661,Addicks,2023
5250,12/17/1986,1.662,Addicks,2023
5251,1/15/1987,1.665,Addicks,2023
5252,2/12/1987,1.668,Addicks,2023
5253,3/6/1987,1.669,Addicks,2023
5254,4/2/1987,1.682,Addicks,2023
5255,4/30/1987,1.698,Addicks,2023
5256,5/28/1987,1.704,Addicks,2023
5257,6/25/1987,1.704,Addicks,2023
5258,7/23/1987,1.721,Addicks,2023
5259,8/20/1987,1.736,Addicks,2023
5260,9/17/1987,1.751,Addicks,2023
5261,10/15/1987,1.76,Addicks,2023
5262,11/12/1987,1.764,Addicks,2023
5263,12/9/1987,1.772,Addicks,2023
5264,1/7/1988,1.771,Addicks,2023
5265,2/4/1988,1.774,Addicks,2023
5266,3/3/1988,1.776,Addicks,2023
5267,3/31/1988,1.776,Addicks,2023
5268,4/29/1988,1.782,Addicks,2023
5269,5/26/1988,1.793,Addicks,2023
5270,6/23/1988,1.803,Addicks,2023
5271,7/21/1988,1.812,Addicks,2023
5272,8/18/1988,1.822,Addicks,2023
5273,9/14/1988,1.836,Addicks,2023
5274,10/12/1988,1.845,Addicks,2023
5275,11/9/1988,1.852,Addicks,2023
5276,12/8/1988,1.861,Addicks,2023
5277,1/5/1989,1.863,Addicks,2023
5278,2/2/1989,1.857,Addicks,2023
5279,3/2/1989,1.859,Addicks,2023
5280,3/29/1989,1.866,Addicks,2023
5281,4/27/1989,1.877,Addicks,2023
5282,5/25/1989,1.878,Addicks,2023
5283,6/22/1989,1.887,Addicks,2023
5284,7/20/1989,1.9,Addicks,2023
5285,8/17/1989,1.909,Addicks,2023
5286,9/14/1989,1.932,Addicks,2023
5287,10/12/1989,1.948,Addicks,2023
5288,11/8/1989,1.965,Addicks,2023
5289,12/7/1989,1.972,Addicks,2023
5290,1/4/1990,1.983,Addicks,2023
5291,2/1/1990,1.986,Addicks,2023
5292,3/1/1990,1.989,Addicks,2023
5293,3/29/1990,1.995,Addicks,2023
5294,4/26/1990,2.0,Addicks,2023
5295,5/24/1990,2.013,Addicks,2023
5296,6/21/1990,2.036,Addicks,2023
5297,7/19/1990,2.057,Addicks,2023
5298,8/16/1990,2.078,Addicks,2023
5299,9/13/1990,2.108,Addicks,2023
5300,10/11/1990,2.121,Addicks,2023
5301,11/7/1990,2.128,Addicks,2023
5302,12/6/1990,2.131,Addicks,2023
5303,1/3/1991,2.136,Addicks,2023
5304,1/31/1991,2.134,Addicks,2023
5305,2/28/1991,2.134,Addicks,2023
5306,3/27/1991,2.147,Addicks,2023
5307,4/25/1991,2.153,Addicks,2023
5308,5/23/1991,2.17,Addicks,2023
5309,6/24/1991,2.188,Addicks,2023
5310,7/18/1991,2.204,Addicks,2023
5311,8/15/1991,2.23,Addicks,2023
5312,9/13/1991,2.237,Addicks,2023
5313,10/10/1991,2.24,Addicks,2023
5314,11/7/1991,2.246,Addicks,2023
5315,12/6/1991,2.248,Addicks,2023
5316,1/2/1992,2.243,Addicks,2023
5317,1/30/1992,2.244,Addicks,2023
5318,2/28/1992,2.245,Addicks,2023
5319,3/25/1992,2.251,Addicks,2023
5320,4/23/1992,2.262,Addicks,2023
5321,5/21/1992,2.273,Addicks,2023
5322,6/17/1992,2.276,Addicks,2023
5323,7/16/1992,2.303,Addicks,2023
5324,8/13/1992,2.306,Addicks,2023
5325,9/11/1992,2.328,Addicks,2023
5326,10/8/1992,2.338,Addicks,2023
5327,11/5/1992,2.348,Addicks,2023
5328,12/12/1992,2.336,Addicks,2023
5329,12/30/1992,2.332,Addicks,2023
5330,1/28/1993,2.33,Addicks,2023
5331,2/25/1993,2.343,Addicks,2023
5332,3/25/1993,2.342,Addicks,2023
5333,4/23/1993,2.348,Addicks,2023
5334,5/20/1993,2.355,Addicks,2023
5335,6/16/1993,2.358,Addicks,2023
5336,7/16/1993,2.367,Addicks,2023
5337,8/12/1993,2.391,Addicks,2023
5338,9/10/1993,2.424,Addicks,2023
5339,10/7/1993,2.447,Addicks,2023
5340,11/5/1993,2.443,Addicks,2023
5341,12/3/1993,2.439,Addicks,2023
5342,12/29/1993,2.435,Addicks,2023
5343,1/27/1994,2.436,Addicks,2023
5344,2/24/1994,2.433,Addicks,2023
5345,3/24/1994,2.441,Addicks,2023
5346,4/21/1994,2.452,Addicks,2023
5347,5/20/1994,2.456,Addicks,2023
5348,6/16/1994,2.466,Addicks,2023
5349,7/14/1994,2.481,Addicks,2023
5350,8/11/1994,2.502,Addicks,2023
5351,9/8/1994,2.503,Addicks,2023
5352,10/5/1994,2.509,Addicks,2023
5353,11/3/1994,2.514,Addicks,2023
5354,12/1/1994,2.517,Addicks,2023
5355,12/29/1994,2.518,Addicks,2023
5356,1/26/1995,2.52,Addicks,2023
5357,2/23/1995,2.525,Addicks,2023
5358,3/24/1995,2.527,Addicks,2023
5359,4/20/1995,2.533,Addicks,2023
5360,5/18/1995,2.543,Addicks,2023
5361,6/15/1995,2.552,Addicks,2023
5362,7/13/1995,2.567,Addicks,2023
5363,8/11/1995,2.583,Addicks,2023
5364,9/8/1995,2.587,Addicks,2023
5365,10/4/1995,2.594,Addicks,2023
5366,11/3/1995,2.602,Addicks,2023
5367,11/30/1995,2.602,Addicks,2023
5368,1/3/1996,2.609,Addicks,2023
5369,1/25/1996,2.611,Addicks,2023
5370,2/22/1996,2.617,Addicks,2023
5371,3/21/1996,2.62,Addicks,2023
5372,4/18/1996,2.628,Addicks,2023
5373,5/16/1996,2.637,Addicks,2023
5374,6/13/1996,2.655,Addicks,2023
5375,7/11/1996,2.667,Addicks,2023
5376,8/8/1996,2.689,Addicks,2023
5377,9/5/1996,2.679,Addicks,2023
5378,10/3/1996,2.684,Addicks,2023
5379,10/30/1996,2.692,Addicks,2023
5380,11/27/1996,2.688,Addicks,2023
5381,12/23/1996,2.692,Addicks,2023
5382,1/24/1997,2.688,Addicks,2023
5383,2/19/1997,2.692,Addicks,2023
5384,3/20/1997,2.688,Addicks,2023
5385,4/17/1997,2.693,Addicks,2023
5386,5/15/1997,2.699,Addicks,2023
5387,6/12/1997,2.701,Addicks,2023
5388,7/10/1997,2.709,Addicks,2023
5389,8/8/1997,2.719,Addicks,2023
5390,9/3/1997,2.734,Addicks,2023
5391,10/2/1997,2.749,Addicks,2023
5392,10/30/1997,2.746,Addicks,2023
5393,11/25/1997,2.75,Addicks,2023
5394,12/22/1997,2.755,Addicks,2023
5395,1/23/1998,2.756,Addicks,2023
5396,2/18/1998,2.761,Addicks,2023
5397,3/19/1998,2.765,Addicks,2023
5398,4/14/1998,2.774,Addicks,2023
5399,5/14/1998,2.798,Addicks,2023
5400,6/10/1998,2.829,Addicks,2023
5401,7/10/1998,2.862,Addicks,2023
5402,8/6/1998,2.888,Addicks,2023
5403,9/4/1998,2.892,Addicks,2023
5404,10/2/1998,2.89,Addicks,2023
5405,10/27/1998,2.892,Addicks,2023
5406,11/25/1998,2.896,Addicks,2023
5407,12/17/1998,2.896,Addicks,2023
5408,1/13/1999,2.897,Addicks,2023
5409,2/11/1999,2.9,Addicks,2023
5410,3/12/1999,2.908,Addicks,2023
5411,4/8/1999,2.911,Addicks,2023
5412,5/6/1999,2.928,Addicks,2023
5413,6/4/1999,2.939,Addicks,2023
5414,6/29/1999,2.946,Addicks,2023
5415,7/30/1999,2.97,Addicks,2023
5416,8/26/1999,2.999,Addicks,2023
5417,9/24/1999,3.027,Addicks,2023
5418,10/25/1999,3.046,Addicks,2023
5419,11/23/1999,3.052,Addicks,2023
5420,12/21/1999,3.061,Addicks,2023
5421,1/11/2000,3.062,Addicks,2023
5422,2/9/2000,3.064,Addicks,2023
5423,3/9/2000,3.073,Addicks,2023
5424,4/5/2000,3.078,Addicks,2023
5425,5/5/2000,3.082,Addicks,2023
5426,5/31/2000,3.093,Addicks,2023
5427,6/29/2000,3.107,Addicks,2023
5428,7/27/2000,3.136,Addicks,2023
5429,8/23/2000,3.164,Addicks,2023
5430,9/21/2000,3.189,Addicks,2023
5431,10/19/2000,3.197,Addicks,2023
5432,11/16/2000,3.182,Addicks,2023
5433,12/16/2000,3.17,Addicks,2023
5434,1/15/2001,3.164,Addicks,2023
5435,2/12/2001,3.158,Addicks,2023
5436,3/9/2001,3.156,Addicks,2023
5437,4/5/2001,3.155,Addicks,2023
5438,5/3/2001,3.16,Addicks,2023
5439,5/30/2001,3.181,Addicks,2023
5440,6/28/2001,3.195,Addicks,2023
5441,7/27/2001,3.221,Addicks,2023
5442,8/23/2001,3.247,Addicks,2023
5443,9/20/2001,3.248,Addicks,2023
5444,10/19/2001,3.248,Addicks,2023
5445,11/15/2001,3.252,Addicks,2023
5446,12/13/2001,3.251,Addicks,2023
5447,1/11/2002,3.257,Addicks,2023
5448,2/6/2002,3.261,Addicks,2023
5449,3/7/2002,3.262,Addicks,2023
5450,4/3/2002,3.264,Addicks,2023
5451,5/2/2002,3.275,Addicks,2023
5452,5/30/2002,3.294,Addicks,2023
5453,6/26/2002,3.303,Addicks,2023
5454,7/24/2002,3.307,Addicks,2023
5455,8/22/2002,3.313,Addicks,2023
5456,9/20/2002,3.32,Addicks,2023
5457,10/18/2002,3.327,Addicks,2023
5458,11/15/2002,3.323,Addicks,2023
5459,12/13/2002,3.33,Addicks,2023
5460,1/8/2003,3.334,Addicks,2023
5461,2/7/2003,3.338,Addicks,2023
5462,3/7/2003,3.336,Addicks,2023
5463,4/2/2003,3.33,Addicks,2023
5464,5/2/2003,3.338,Addicks,2023
5465,5/30/2003,3.368,Addicks,2023
5466,6/27/2003,3.394,Addicks,2023
5467,7/25/2003,3.396,Addicks,2023
5468,8/22/2003,3.405,Addicks,2023
5469,9/19/2003,3.407,Addicks,2023
5470,10/17/2003,3.408,Addicks,2023
5471,11/14/2003,3.411,Addicks,2023
5472,12/11/2003,3.409,Addicks,2023
5473,1/7/2004,3.41,Addicks,2023
5474,2/5/2004,3.407,Addicks,2023
5475,3/4/2004,3.405,Addicks,2023
5476,3/30/2004,3.403,Addicks,2023
5477,4/29/2004,3.398,Addicks,2023
5478,5/27/2004,3.395,Addicks,2023
5479,6/24/2004,3.392,Addicks,2023
5480,7/20/2004,3.394,Addicks,2023
5481,8/19/2004,3.398,Addicks,2023
5482,9/16/2004,3.398,Addicks,2023
5483,10/15/2004,3.401,Addicks,2023
5484,11/8/2004,3.404,Addicks,2023
5485,12/6/2004,3.397,Addicks,2023
5486,1/7/2005,3.394,Addicks,2023
5487,2/2/2005,3.388,Addicks,2023
5488,3/2/2005,3.382,Addicks,2023
5489,3/29/2005,3.379,Addicks,2023
5490,4/28/2005,3.383,Addicks,2023
5491,5/25/2005,3.387,Addicks,2023
5492,6/22/2005,3.401,Addicks,2023
5493,7/19/2005,3.442,Addicks,2023
5494,8/17/2005,3.457,Addicks,2023
5495,9/26/2005,3.478,Addicks,2023
5496,10/18/2005,3.494,Addicks,2023
5497,11/18/2005,3.507,Addicks,2023
5498,12/15/2005,3.504,Addicks,2023
5499,1/6/2006,3.509,Addicks,2023
5500,2/6/2006,3.51,Addicks,2023
5501,3/6/2006,3.501,Addicks,2023
5502,4/6/2006,3.494,Addicks,2023
5503,5/5/2006,3.496,Addicks,2023
5504,5/30/2006,3.5,Addicks,2023
5505,6/28/2006,3.497,Addicks,2023
5506,7/27/2006,3.492,Addicks,2023
5507,8/23/2006,3.495,Addicks,2023
5508,9/25/2006,3.493,Addicks,2023
5509,10/23/2006,3.488,Addicks,2023
5510,11/15/2006,3.489,Addicks,2023
5511,12/13/2006,3.491,Addicks,2023
5512,1/9/2007,3.485,Addicks,2023
5513,2/5/2007,3.477,Addicks,2023
5514,3/9/2007,3.478,Addicks,2023
5515,4/4/2007,3.476,Addicks,2023
5516,5/8/2007,3.475,Addicks,2023
5517,5/31/2007,3.476,Addicks,2023
5518,6/26/2007,3.476,Addicks,2023
5519,7/27/2007,3.477,Addicks,2023
5520,8/22/2007,3.477,Addicks,2023
5521,9/18/2007,3.476,Addicks,2023
5522,10/18/2007,3.482,Addicks,2023
5523,11/19/2007,3.48,Addicks,2023
5524,12/14/2007,3.479,Addicks,2023
5525,1/7/2008,3.475,Addicks,2023
5526,2/12/2008,3.471,Addicks,2023
5527,3/13/2008,3.47,Addicks,2023
5528,4/15/2008,3.472,Addicks,2023
5529,5/8/2008,3.474,Addicks,2023
5530,6/9/2008,3.477,Addicks,2023
5531,7/11/2008,3.481,Addicks,2023
5532,8/28/2008,3.484,Addicks,2023
5533,10/2/2008,3.49,Addicks,2023
5534,10/30/2008,3.5,Addicks,2023
5535,11/26/2008,3.501,Addicks,2023
5536,12/19/2008,3.502,Addicks,2023
5537,1/22/2009,3.502,Addicks,2023
5538,3/6/2009,3.505,Addicks,2023
5539,4/3/2009,3.503,Addicks,2023
5540,5/1/2009,3.5,Addicks,2023
5541,5/27/2009,3.506,Addicks,2023
5542,6/25/2009,3.529,Addicks,2023
5543,7/22/2009,3.552,Addicks,2023
5544,8/18/2009,3.559,Addicks,2023
5545,9/17/2009,3.559,Addicks,2023
5546,10/9/2009,3.557,Addicks,2023
5547,11/13/2009,3.551,Addicks,2023
5548,12/9/2009,3.539,Addicks,2023
5549,1/6/2010,3.532,Addicks,2023
5550,2/11/2010,3.529,Addicks,2023
5551,3/10/2010,3.526,Addicks,2023
5552,3/30/2010,3.527,Addicks,2023
5553,5/5/2010,3.53,Addicks,2023
5554,6/3/2010,3.534,Addicks,2023
5555,7/1/2010,3.535,Addicks,2023
5556,7/28/2010,3.534,Addicks,2023
5557,8/27/2010,3.54,Addicks,2023
5558,9/23/2010,3.544,Addicks,2023
5559,10/20/2010,3.546,Addicks,2023
5560,11/19/2010,3.548,Addicks,2023
5561,12/14/2010,3.548,Addicks,2023
5562,1/3/2011,3.548,Addicks,2023
5563,2/1/2011,3.54,Addicks,2023
5564,3/3/2011,3.539,Addicks,2023
5565,3/31/2011,3.541,Addicks,2023
5566,5/12/2011,3.55,Addicks,2023
5567,6/7/2011,3.558,Addicks,2023
5568,7/5/2011,3.572,Addicks,2023
5569,8/3/2011,3.584,Addicks,2023
5570,9/7/2011,3.614,Addicks,2023
5571,10/7/2011,3.632,Addicks,2023
5572,11/2/2011,3.629,Addicks,2023
5573,12/1/2011,3.627,Addicks,2023
5574,12/30/2011,3.621,Addicks,2023
5575,1/24/2012,3.617,Addicks,2023
5576,2/24/2012,3.61,Addicks,2023
5577,3/21/2012,3.609,Addicks,2023
5578,4/19/2012,3.611,Addicks,2023
5579,5/18/2012,3.613,Addicks,2023
5580,6/13/2012,3.618,Addicks,2023
5581,7/6/2012,3.621,Addicks,2023
5582,8/7/2012,3.623,Addicks,2023
5583,9/7/2012,3.626,Addicks,2023
5584,10/12/2012,3.629,Addicks,2023
5585,11/8/2012,3.63,Addicks,2023
5586,12/5/2012,3.632,Addicks,2023
5587,1/7/2013,3.63,Addicks,2023
5588,2/22/2013,3.615,Addicks,2023
5589,3/28/2013,3.608,Addicks,2023
5590,4/30/2013,3.601,Addicks,2023
5591,5/30/2013,3.602,Addicks,2023
5592,6/20/2013,3.607,Addicks,2023
5593,7/24/2013,3.633,Addicks,2023
5594,8/29/2013,3.649,Addicks,2023
5595,9/25/2013,3.658,Addicks,2023
5596,10/22/2013,3.659,Addicks,2023
5597,11/21/2013,3.654,Addicks,2023
5598,12/18/2013,3.654,Addicks,2023
5599,1/23/2014,3.655,Addicks,2023
5600,3/5/2014,3.653,Addicks,2023
5601,4/3/2014,3.637,Addicks,2023
5602,5/15/2014,3.639,Addicks,2023
5603,6/11/2014,3.637,Addicks,2023
5604,7/9/2014,3.644,Addicks,2023
5605,8/7/2014,3.649,Addicks,2023
5606,9/2/2014,3.656,Addicks,2023
5607,10/10/2014,3.666,Addicks,2023
5608,11/6/2014,3.669,Addicks,2023
5609,12/10/2014,3.668,Addicks,2023
5610,1/14/2015,3.658,Addicks,2023
5611,2/23/2015,3.658,Addicks,2023
5612,4/2/2015,3.648,Addicks,2023
5613,4/21/2015,3.64,Addicks,2023
5614,5/18/2015,3.639,Addicks,2023
5615,6/25/2015,3.641,Addicks,2023
5616,7/22/2015,3.646,Addicks,2023
5617,9/10/2015,3.665,Addicks,2023
5618,9/28/2015,3.67,Addicks,2023
5619,10/29/2015,3.675,Addicks,2023
5620,11/25/2015,3.669,Addicks,2023
5621,12/23/2015,3.666,Addicks,2023
5622,1/20/2016,3.668,Addicks,2023
5623,3/1/2016,3.674,Addicks,2023
5624,3/31/2016,3.674,Addicks,2023
5625,5/4/2016,3.673,Addicks,2023
5626,6/1/2016,3.675,Addicks,2023
5627,7/1/2016,3.677,Addicks,2023
5628,8/2/2016,3.681,Addicks,2023
5629,8/26/2016,3.679,Addicks,2023
5630,9/27/2016,3.686,Addicks,2023
5631,10/21/2016,3.689,Addicks,2023
5632,12/2/2016,3.706,Addicks,2023
5633,12/22/2016,3.706,Addicks,2023
5634,1/31/2017,3.707,Addicks,2023
5635,3/1/2017,3.707,Addicks,2023
5636,3/31/2017,3.704,Addicks,2023
5637,4/20/2017,3.705,Addicks,2023
5638,5/31/2017,3.709,Addicks,2023
5639,6/23/2017,3.71,Addicks,2023
5640,7/19/2017,3.712,Addicks,2023
5641,8/16/2017,3.713,Addicks,2023
5642,9/26/2017,3.713,Addicks,2023
5643,10/20/2017,3.717,Addicks,2023
5644,11/20/2017,3.717,Addicks,2023
5645,12/28/2017,3.716,Addicks,2023
5646,1/30/2018,3.714,Addicks,2023
5647,2/28/2018,3.711,Addicks,2023
5648,3/22/2018,3.717,Addicks,2023
5649,4/18/2018,3.716,Addicks,2023
5650,5/22/2018,3.719,Addicks,2023
5651,6/25/2018,3.727,Addicks,2023
5652,7/19/2018,3.73,Addicks,2023
5653,8/31/2018,3.758,Addicks,2023
5654,9/19/2018,3.758,Addicks,2023
5655,10/18/2018,3.757,Addicks,2023
5656,11/21/2018,3.753,Addicks,2023
5657,12/21/2018,3.751,Addicks,2023
5658,1/31/2019,3.748,Addicks,2023
5659,2/28/2019,3.745,Addicks,2023
5660,3/19/2019,3.747,Addicks,2023
5661,4/19/2019,3.749,Addicks,2023
5662,5/29/2019,3.741,Addicks,2023
5663,6/28/2019,3.736,Addicks,2023
5664,7/26/2019,3.749,Addicks,2023
5665,8/23/2019,3.764,Addicks,2023
5666,10/2/2019,3.755,Addicks,2023
5667,11/5/2019,3.753,Addicks,2023
5668,12/2/2019,3.751,Addicks,2023
5669,12/27/2019,3.75,Addicks,2023
5670,1/30/2020,3.74,Addicks,2023
5671,3/4/2020,3.734,Addicks,2023
5672,4/7/2020,3.738,Addicks,2023
5673,5/1/2020,3.74,Addicks,2023
5674,5/29/2020,3.739,Addicks,2023
5675,6/24/2020,3.747,Addicks,2023
5676,7/23/2020,3.755,Addicks,2023
5677,8/20/2020,3.758,Addicks,2023
5678,9/24/2020,3.76,Addicks,2023
5679,10/29/2020,3.762,Addicks,2023
5680,11/24/2020,3.763,Addicks,2023
5681,12/30/2020,3.757,Addicks,2023
5682,2/2/2021,3.761,Addicks,2023
5683,2/25/2021,3.761,Addicks,2023
5684,4/5/2021,3.759,Addicks,2023
5685,5/7/2021,3.759,Addicks,2023
5686,6/7/2021,3.756,Addicks,2023
5687,6/30/2021,3.757,Addicks,2023
5688,8/1/2021,3.763,Addicks,2023
5689,9/7/2021,3.766,Addicks,2023
5690,9/23/2021,3.769,Addicks,2023
5691,10/28/2021,3.772,Addicks,2023
5692,11/22/2021,3.774,Addicks,2023
5693,1/7/2022,3.781,Addicks,2023
5694,1/26/2022,3.78,Addicks,2023
5695,2/28/2022,3.782,Addicks,2023
5696,3/29/2022,3.781,Addicks,2023
5697,4/27/2022,3.782,Addicks,2023
5698,6/2/2022,3.785,Addicks,2023
5699,6/28/2022,3.795,Addicks,2023
5700,7/28/2022,3.812,Addicks,2023
5701,8/30/2022,3.818,Addicks,2023
5702,9/27/2022,3.819,Addicks,2023
5703,11/3/2022,3.829,Addicks,2023
5704,11/30/2022,3.825,Addicks,2023
5705,12/27/2022,3.824,Addicks,2023
5706,1/23/2023,3.824,Addicks,2023
5707,3/1/2023,3.823,Addicks,2023
5708,3/29/2023,3.825,Addicks,2023
5709,4/25/2023,3.825,Addicks,2023
5710,5/25/2023,3.824,Addicks,2023
5711,6/30/2023,3.828,Addicks,2023
5712,7/25/2023,3.831,Addicks,2023
5713,8/28/2023,3.858,Addicks,2023
5714,9/29/2023,3.882,Addicks,2023
5715,10/31/2023,3.886,Addicks,2023
5716,12/11/2023,3.884,Addicks,2023
5717,12/29/2023,3.883,Addicks,2023
5718,7/20/1973,0.0,EastEnd,2023
5719,7/25/1973,0.002,EastEnd,2023
5720,8/13/1973,0.003,EastEnd,2023
5721,9/4/1973,0.016,EastEnd,2023
5722,9/6/1973,0.014,EastEnd,2023
5723,9/13/1973,0.02,EastEnd,2023
5724,10/11/1973,0.033,EastEnd,2023
5725,10/19/1973,0.033,EastEnd,2023
5726,10/30/1973,0.04,EastEnd,2023
5727,10/31/1973,0.039,EastEnd,2023
5728,11/8/1973,0.045,EastEnd,2023
5729,12/6/1973,0.057,EastEnd,2023
5730,1/3/1974,0.065,EastEnd,2023
5731,2/5/1974,0.076,EastEnd,2023
5732,3/7/1974,0.091,EastEnd,2023
5733,4/4/1974,0.101,EastEnd,2023
5734,5/3/1974,0.115,EastEnd,2023
5735,6/3/1974,0.13,EastEnd,2023
5736,7/1/1974,0.142,EastEnd,2023
5737,7/30/1974,0.159,EastEnd,2023
5738,8/30/1974,0.173,EastEnd,2023
5739,9/30/1974,0.19,EastEnd,2023
5740,10/30/1974,0.201,EastEnd,2023
5741,11/27/1974,0.209,EastEnd,2023
5742,12/27/1974,0.221,EastEnd,2023
5743,1/24/1975,0.229,EastEnd,2023
5744,2/21/1975,0.241,EastEnd,2023
5745,3/24/1975,0.254,EastEnd,2023
5746,4/23/1975,0.265,EastEnd,2023
5747,5/23/1975,0.278,EastEnd,2023
5748,6/23/1975,0.29,EastEnd,2023
5749,7/22/1975,0.302,EastEnd,2023
5750,8/20/1975,0.313,EastEnd,2023
5751,9/19/1975,0.325,EastEnd,2023
5752,10/20/1975,0.346,EastEnd,2023
5753,11/21/1975,0.356,EastEnd,2023
5754,12/22/1975,0.37,EastEnd,2023
5755,1/21/1976,0.38,EastEnd,2023
5756,2/20/1976,0.393,EastEnd,2023
5757,3/22/1976,0.404,EastEnd,2023
5758,4/21/1976,0.416,EastEnd,2023
5759,5/21/1976,0.427,EastEnd,2023
5760,6/21/1976,0.434,EastEnd,2023
5761,7/19/1976,0.444,EastEnd,2023
5762,8/16/1976,0.46,EastEnd,2023
5763,9/14/1976,0.474,EastEnd,2023
5764,10/12/1976,0.484,EastEnd,2023
5765,11/9/1976,0.492,EastEnd,2023
5766,12/7/1976,0.497,EastEnd,2023
5767,1/4/1977,0.505,EastEnd,2023
5768,2/1/1977,0.516,EastEnd,2023
5769,3/1/1977,0.527,EastEnd,2023
5770,3/29/1977,0.535,EastEnd,2023
5771,4/26/1977,0.545,EastEnd,2023
5772,5/24/1977,0.557,EastEnd,2023
5773,6/21/1977,0.572,EastEnd,2023
5774,7/19/1977,0.583,EastEnd,2023
5775,8/16/1977,0.591,EastEnd,2023
5776,9/13/1977,0.598,EastEnd,2023
5777,10/11/1977,0.609,EastEnd,2023
5778,11/11/1977,0.615,EastEnd,2023
5779,12/6/1977,0.619,EastEnd,2023
5780,1/3/1978,0.622,EastEnd,2023
5781,2/2/1978,0.624,EastEnd,2023
5782,2/28/1978,0.629,EastEnd,2023
5783,3/28/1978,0.637,EastEnd,2023
5784,4/25/1978,0.645,EastEnd,2023
5785,5/23/1978,0.657,EastEnd,2023
5786,6/20/1978,0.664,EastEnd,2023
5787,7/19/1978,0.676,EastEnd,2023
5788,8/15/1978,0.684,EastEnd,2023
5789,9/13/1978,0.691,EastEnd,2023
5790,10/10/1978,0.698,EastEnd,2023
5791,11/7/1978,0.707,EastEnd,2023
5792,12/5/1978,0.71,EastEnd,2023
5793,1/3/1979,0.715,EastEnd,2023
5794,1/31/1979,0.719,EastEnd,2023
5795,2/27/1979,0.725,EastEnd,2023
5796,3/29/1979,0.733,EastEnd,2023
5797,4/23/1979,0.737,EastEnd,2023
5798,5/22/1979,0.744,EastEnd,2023
5799,6/19/1979,0.748,EastEnd,2023
5800,7/17/1979,0.756,EastEnd,2023
5801,7/25/1979,0.756,EastEnd,2023
5802,7/28/1979,0.752,EastEnd,2023
5803,8/18/1979,0.755,EastEnd,2023
5804,9/11/1979,0.76,EastEnd,2023
5805,9/17/1979,0.763,EastEnd,2023
5806,9/20/1979,0.76,EastEnd,2023
5807,10/9/1979,0.767,EastEnd,2023
5808,11/8/1979,0.771,EastEnd,2023
5809,12/5/1979,0.775,EastEnd,2023
5810,1/2/1980,0.777,EastEnd,2023
5811,2/5/1980,0.779,EastEnd,2023
5812,3/4/1980,0.785,EastEnd,2023
5813,4/1/1980,0.789,EastEnd,2023
5814,4/29/1980,0.795,EastEnd,2023
5815,5/27/1980,0.8,EastEnd,2023
5816,6/24/1980,0.808,EastEnd,2023
5817,7/22/1980,0.822,EastEnd,2023
5818,8/19/1980,0.829,EastEnd,2023
5819,9/15/1980,0.833,EastEnd,2023
5820,10/15/1980,0.836,EastEnd,2023
5821,11/10/1980,0.843,EastEnd,2023
5822,12/8/1980,0.847,EastEnd,2023
5823,1/5/1981,0.852,EastEnd,2023
5824,2/4/1981,0.856,EastEnd,2023
5825,3/2/1981,0.86,EastEnd,2023
5826,3/30/1981,0.864,EastEnd,2023
5827,4/27/1981,0.871,EastEnd,2023
5828,5/26/1981,0.873,EastEnd,2023
5829,6/23/1981,0.875,EastEnd,2023
5830,7/20/1981,0.877,EastEnd,2023
5831,8/17/1981,0.883,EastEnd,2023
5832,9/15/1981,0.886,EastEnd,2023
5833,10/13/1981,0.888,EastEnd,2023
5834,11/12/1981,0.892,EastEnd,2023
5835,12/8/1981,0.894,EastEnd,2023
5836,1/5/1982,0.896,EastEnd,2023
5837,2/3/1982,0.899,EastEnd,2023
5838,3/1/1982,0.901,EastEnd,2023
5839,3/31/1982,0.909,EastEnd,2023
5840,4/27/1982,0.911,EastEnd,2023
5841,5/25/1982,0.911,EastEnd,2023
5842,6/22/1982,0.916,EastEnd,2023
5843,7/20/1982,0.926,EastEnd,2023
5844,8/17/1982,0.931,EastEnd,2023
5845,9/15/1982,0.954,EastEnd,2023
5846,10/13/1982,0.982,EastEnd,2023
5847,11/9/1982,0.992,EastEnd,2023
5848,12/8/1982,0.966,EastEnd,2023
5849,1/3/1983,0.965,EastEnd,2023
5850,2/1/1983,0.969,EastEnd,2023
5851,3/2/1983,0.974,EastEnd,2023
5852,3/29/1983,0.977,EastEnd,2023
5853,4/26/1983,0.983,EastEnd,2023
5854,5/24/1983,0.983,EastEnd,2023
5855,6/22/1983,0.988,EastEnd,2023
5856,7/19/1983,0.989,EastEnd,2023
5857,8/16/1983,0.994,EastEnd,2023
5858,9/13/1983,0.999,EastEnd,2023
5859,10/13/1983,1.01,EastEnd,2023
5860,11/8/1983,1.007,EastEnd,2023
5861,12/6/1983,1.007,EastEnd,2023
5862,1/3/1984,1.011,EastEnd,2023
5863,1/31/1984,1.015,EastEnd,2023
5864,2/28/1984,1.018,EastEnd,2023
5865,3/26/1984,1.021,EastEnd,2023
5866,4/24/1984,1.028,EastEnd,2023
5867,5/21/1984,1.04,EastEnd,2023
5868,6/19/1984,1.045,EastEnd,2023
5869,7/17/1984,1.054,EastEnd,2023
5870,8/14/1984,1.047,EastEnd,2023
5871,9/11/1984,1.064,EastEnd,2023
5872,10/9/1984,1.076,EastEnd,2023
5873,11/6/1984,1.058,EastEnd,2023
5874,12/5/1984,1.061,EastEnd,2023
5875,1/2/1985,1.062,EastEnd,2023
5876,1/29/1985,1.063,EastEnd,2023
5877,2/26/1985,1.063,EastEnd,2023
5878,3/26/1985,1.065,EastEnd,2023
5879,4/23/1985,1.075,EastEnd,2023
5880,5/21/1985,1.081,EastEnd,2023
5881,6/19/1985,1.09,EastEnd,2023
5882,7/16/1985,1.1,EastEnd,2023
5883,8/13/1985,1.115,EastEnd,2023
5884,9/10/1985,1.111,EastEnd,2023
5885,10/8/1985,1.105,EastEnd,2023
5886,11/5/1985,1.099,EastEnd,2023
5887,12/3/1985,1.101,EastEnd,2023
5888,12/19/1985,1.102,EastEnd,2023
5889,1/16/1986,1.106,EastEnd,2023
5890,2/13/1986,1.107,EastEnd,2023
5891,3/13/1986,1.109,EastEnd,2023
5892,4/10/1986,1.123,EastEnd,2023
5893,5/8/1986,1.129,EastEnd,2023
5894,6/5/1986,1.121,EastEnd,2023
5895,7/3/1986,1.133,EastEnd,2023
5896,7/31/1986,1.173,EastEnd,2023
5897,8/28/1986,1.165,EastEnd,2023
5898,9/25/1986,1.137,EastEnd,2023
5899,10/24/1986,1.136,EastEnd,2023
5900,11/20/1986,1.137,EastEnd,2023
5901,12/18/1986,1.134,EastEnd,2023
5902,1/15/1987,1.136,EastEnd,2023
5903,2/11/1987,1.138,EastEnd,2023
5904,3/6/1987,1.137,EastEnd,2023
5905,4/2/1987,1.139,EastEnd,2023
5906,5/1/1987,1.155,EastEnd,2023
5907,5/28/1987,1.172,EastEnd,2023
5908,6/25/1987,1.157,EastEnd,2023
5909,7/23/1987,1.165,EastEnd,2023
5910,8/20/1987,1.211,EastEnd,2023
5911,9/17/1987,1.211,EastEnd,2023
5912,10/15/1987,1.213,EastEnd,2023
5913,11/12/1987,1.216,EastEnd,2023
5914,12/9/1987,1.206,EastEnd,2023
5915,1/7/1988,1.191,EastEnd,2023
5916,2/8/1988,1.191,EastEnd,2023
5917,3/3/1988,1.19,EastEnd,2023
5918,3/31/1988,1.183,EastEnd,2023
5919,4/28/1988,1.188,EastEnd,2023
5920,5/26/1988,1.191,EastEnd,2023
5921,6/23/1988,1.193,EastEnd,2023
5922,7/21/1988,1.196,EastEnd,2023
5923,8/18/1988,1.196,EastEnd,2023
5924,9/14/1988,1.202,EastEnd,2023
5925,10/13/1988,1.202,EastEnd,2023
5926,11/9/1988,1.205,EastEnd,2023
5927,12/8/1988,1.208,EastEnd,2023
5928,1/5/1989,1.209,EastEnd,2023
5929,2/2/1989,1.203,EastEnd,2023
5930,3/2/1989,1.205,EastEnd,2023
5931,3/29/1989,1.207,EastEnd,2023
5932,4/26/1989,1.211,EastEnd,2023
5933,5/23/1989,1.21,EastEnd,2023
5934,6/22/1989,1.214,EastEnd,2023
5935,7/20/1989,1.214,EastEnd,2023
5936,8/17/1989,1.216,EastEnd,2023
5937,9/15/1989,1.218,EastEnd,2023
5938,10/12/1989,1.22,EastEnd,2023
5939,11/8/1989,1.218,EastEnd,2023
5940,12/7/1989,1.221,EastEnd,2023
5941,1/4/1990,1.223,EastEnd,2023
5942,2/1/1990,1.223,EastEnd,2023
5943,3/1/1990,1.225,EastEnd,2023
5944,4/26/1990,1.23,EastEnd,2023
5945,5/24/1990,1.232,EastEnd,2023
5946,6/21/1990,1.24,EastEnd,2023
5947,7/19/1990,1.245,EastEnd,2023
5948,8/16/1990,1.251,EastEnd,2023
5949,9/13/1990,1.249,EastEnd,2023
5950,10/11/1990,1.251,EastEnd,2023
5951,11/8/1990,1.251,EastEnd,2023
5952,12/6/1990,1.253,EastEnd,2023
5953,1/3/1991,1.254,EastEnd,2023
5954,1/31/1991,1.249,EastEnd,2023
5955,2/28/1991,1.25,EastEnd,2023
5956,3/27/1991,1.254,EastEnd,2023
5957,4/25/1991,1.252,EastEnd,2023
5958,5/24/1991,1.253,EastEnd,2023
5959,6/24/1991,1.255,EastEnd,2023
5960,7/18/1991,1.255,EastEnd,2023
5961,8/16/1991,1.26,EastEnd,2023
5962,9/11/1991,1.259,EastEnd,2023
5963,10/10/1991,1.261,EastEnd,2023
5964,11/7/1991,1.261,EastEnd,2023
5965,12/6/1991,1.259,EastEnd,2023
5966,1/2/1992,1.256,EastEnd,2023
5967,1/30/1992,1.254,EastEnd,2023
5968,2/27/1992,1.253,EastEnd,2023
5969,3/27/1992,1.257,EastEnd,2023
5970,4/23/1992,1.256,EastEnd,2023
5971,5/21/1992,1.257,EastEnd,2023
5972,6/19/1992,1.258,EastEnd,2023
5973,7/15/1992,1.261,EastEnd,2023
5974,8/13/1992,1.258,EastEnd,2023
5975,9/10/1992,1.261,EastEnd,2023
5976,10/8/1992,1.265,EastEnd,2023
5977,11/5/1992,1.264,EastEnd,2023
5978,12/2/1992,1.262,EastEnd,2023
5979,12/30/1992,1.263,EastEnd,2023
5980,1/28/1993,1.261,EastEnd,2023
5981,2/24/1993,1.261,EastEnd,2023
5982,3/25/1993,1.259,EastEnd,2023
5983,4/23/1993,1.262,EastEnd,2023
5984,5/19/1993,1.263,EastEnd,2023
5985,6/18/1993,1.267,EastEnd,2023
5986,7/15/1993,1.27,EastEnd,2023
5987,8/12/1993,1.276,EastEnd,2023
5988,9/9/1993,1.312,EastEnd,2023
5989,10/6/1993,1.336,EastEnd,2023
5990,11/4/1993,1.282,EastEnd,2023
5991,12/2/1993,1.278,EastEnd,2023
5992,12/29/1993,1.275,EastEnd,2023
5993,1/27/1994,1.273,EastEnd,2023
5994,2/23/1994,1.273,EastEnd,2023
5995,3/24/1994,1.275,EastEnd,2023
5996,4/21/1994,1.277,EastEnd,2023
5997,5/19/1994,1.276,EastEnd,2023
5998,6/17/1994,1.287,EastEnd,2023
5999,7/15/1994,1.293,EastEnd,2023
6000,8/11/1994,1.308,EastEnd,2023
6001,9/9/1994,1.299,EastEnd,2023
6002,10/5/1994,1.301,EastEnd,2023
6003,11/3/1994,1.293,EastEnd,2023
6004,12/1/1994,1.294,EastEnd,2023
6005,12/29/1994,1.291,EastEnd,2023
6006,1/26/1995,1.289,EastEnd,2023
6007,2/24/1995,1.29,EastEnd,2023
6008,3/23/1995,1.29,EastEnd,2023
6009,4/20/1995,1.29,EastEnd,2023
6010,5/18/1995,1.292,EastEnd,2023
6011,6/14/1995,1.292,EastEnd,2023
6012,7/14/1995,1.294,EastEnd,2023
6013,8/10/1995,1.305,EastEnd,2023
6014,9/7/1995,1.315,EastEnd,2023
6015,10/6/1995,1.312,EastEnd,2023
6016,11/2/1995,1.316,EastEnd,2023
6017,11/30/1995,1.304,EastEnd,2023
6018,1/4/1996,1.3,EastEnd,2023
6019,1/24/1996,1.299,EastEnd,2023
6020,2/23/1996,1.3,EastEnd,2023
6021,3/21/1996,1.3,EastEnd,2023
6022,4/18/1996,1.304,EastEnd,2023
6023,5/16/1996,1.313,EastEnd,2023
6024,6/12/1996,1.322,EastEnd,2023
6025,7/12/1996,1.305,EastEnd,2023
6026,8/9/1996,1.303,EastEnd,2023
6027,9/6/1996,1.299,EastEnd,2023
6028,10/3/1996,1.3,EastEnd,2023
6029,10/29/1996,1.298,EastEnd,2023
6030,11/26/1996,1.3,EastEnd,2023
6031,12/23/1996,1.3,EastEnd,2023
6032,1/23/1997,1.298,EastEnd,2023
6033,2/20/1997,1.297,EastEnd,2023
6034,3/20/1997,1.296,EastEnd,2023
6035,4/17/1997,1.296,EastEnd,2023
6036,5/16/1997,1.295,EastEnd,2023
6037,6/12/1997,1.295,EastEnd,2023
6038,7/9/1997,1.295,EastEnd,2023
6039,8/7/1997,1.297,EastEnd,2023
6040,9/5/1997,1.298,EastEnd,2023
6041,10/3/1997,1.298,EastEnd,2023
6042,10/30/1997,1.296,EastEnd,2023
6043,11/25/1997,1.296,EastEnd,2023
6044,12/22/1997,1.295,EastEnd,2023
6045,1/21/1998,1.295,EastEnd,2023
6046,2/19/1998,1.294,EastEnd,2023
6047,3/19/1998,1.293,EastEnd,2023
6048,4/16/1998,1.294,EastEnd,2023
6049,5/14/1998,1.296,EastEnd,2023
6050,6/11/1998,1.299,EastEnd,2023
6051,7/8/1998,1.3,EastEnd,2023
6052,8/7/1998,1.3,EastEnd,2023
6053,9/3/1998,1.301,EastEnd,2023
6054,10/1/1998,1.299,EastEnd,2023
6055,10/30/1998,1.298,EastEnd,2023
6056,11/27/1998,1.297,EastEnd,2023
6057,12/18/1998,1.297,EastEnd,2023
6058,1/14/1999,1.297,EastEnd,2023
6059,2/10/1999,1.299,EastEnd,2023
6060,3/11/1999,1.3,EastEnd,2023
6061,4/8/1999,1.299,EastEnd,2023
6062,5/3/1999,1.3,EastEnd,2023
6063,6/3/1999,1.301,EastEnd,2023
6064,7/1/1999,1.301,EastEnd,2023
6065,7/29/1999,1.301,EastEnd,2023
6066,8/25/1999,1.303,EastEnd,2023
6067,9/23/1999,1.304,EastEnd,2023
6068,10/20/1999,1.305,EastEnd,2023
6069,11/18/1999,1.306,EastEnd,2023
6070,12/17/1999,1.305,EastEnd,2023
6071,1/12/2000,1.307,EastEnd,2023
6072,2/9/2000,1.307,EastEnd,2023
6073,3/7/2000,1.309,EastEnd,2023
6074,4/6/2000,1.309,EastEnd,2023
6075,5/3/2000,1.309,EastEnd,2023
6076,5/31/2000,1.31,EastEnd,2023
6077,6/29/2000,1.311,EastEnd,2023
6078,7/26/2000,1.315,EastEnd,2023
6079,8/25/2000,1.319,EastEnd,2023
6080,9/20/2000,1.323,EastEnd,2023
6081,10/19/2000,1.32,EastEnd,2023
6082,11/16/2000,1.316,EastEnd,2023
6083,12/13/2000,1.312,EastEnd,2023
6084,1/11/2001,1.311,EastEnd,2023
6085,2/12/2001,1.312,EastEnd,2023
6086,3/8/2001,1.312,EastEnd,2023
6087,4/6/2001,1.311,EastEnd,2023
6088,5/4/2001,1.314,EastEnd,2023
6089,5/30/2001,1.317,EastEnd,2023
6090,6/28/2001,1.315,EastEnd,2023
6091,7/25/2001,1.317,EastEnd,2023
6092,8/24/2001,1.318,EastEnd,2023
6093,9/19/2001,1.316,EastEnd,2023
6094,10/18/2001,1.314,EastEnd,2023
6095,11/14/2001,1.315,EastEnd,2023
6096,12/14/2001,1.311,EastEnd,2023
6097,1/9/2002,1.311,EastEnd,2023
6098,2/8/2002,1.312,EastEnd,2023
6099,3/8/2002,1.313,EastEnd,2023
6100,4/4/2002,1.314,EastEnd,2023
6101,5/1/2002,1.315,EastEnd,2023
6102,5/30/2002,1.315,EastEnd,2023
6103,6/27/2002,1.315,EastEnd,2023
6104,7/25/2002,1.314,EastEnd,2023
6105,8/23/2002,1.314,EastEnd,2023
6106,9/19/2002,1.315,EastEnd,2023
6107,10/16/2002,1.314,EastEnd,2023
6108,11/14/2002,1.31,EastEnd,2023
6109,12/11/2002,1.31,EastEnd,2023
6110,1/8/2003,1.31,EastEnd,2023
6111,2/5/2003,1.31,EastEnd,2023
6112,3/6/2003,1.309,EastEnd,2023
6113,4/4/2003,1.31,EastEnd,2023
6114,4/30/2003,1.311,EastEnd,2023
6115,5/30/2003,1.313,EastEnd,2023
6116,6/26/2003,1.313,EastEnd,2023
6117,7/23/2003,1.312,EastEnd,2023
6118,8/20/2003,1.314,EastEnd,2023
6119,9/18/2003,1.313,EastEnd,2023
6120,10/17/2003,1.312,EastEnd,2023
6121,11/13/2003,1.312,EastEnd,2023
6122,12/10/2003,1.311,EastEnd,2023
6123,1/8/2004,1.31,EastEnd,2023
6124,2/6/2004,1.309,EastEnd,2023
6125,3/3/2004,1.308,EastEnd,2023
6126,4/1/2004,1.309,EastEnd,2023
6127,4/29/2004,1.308,EastEnd,2023
6128,5/28/2004,1.306,EastEnd,2023
6129,6/23/2004,1.305,EastEnd,2023
6130,7/21/2004,1.303,EastEnd,2023
6131,8/17/2004,1.305,EastEnd,2023
6132,9/14/2004,1.305,EastEnd,2023
6133,10/13/2004,1.305,EastEnd,2023
6134,11/9/2004,1.304,EastEnd,2023
6135,12/7/2004,1.303,EastEnd,2023
6136,1/4/2005,1.303,EastEnd,2023
6137,2/4/2005,1.303,EastEnd,2023
6138,3/1/2005,1.303,EastEnd,2023
6139,3/28/2005,1.302,EastEnd,2023
6140,4/29/2005,1.303,EastEnd,2023
6141,5/26/2005,1.303,EastEnd,2023
6142,6/27/2005,1.306,EastEnd,2023
6143,7/18/2005,1.306,EastEnd,2023
6144,8/25/2005,1.306,EastEnd,2023
6145,9/20/2005,1.307,EastEnd,2023
6146,10/19/2005,1.307,EastEnd,2023
6147,11/15/2005,1.308,EastEnd,2023
6148,12/13/2005,1.308,EastEnd,2023
6149,1/9/2006,1.308,EastEnd,2023
6150,2/7/2006,1.307,EastEnd,2023
6151,3/8/2006,1.308,EastEnd,2023
6152,4/4/2006,1.309,EastEnd,2023
6153,5/4/2006,1.31,EastEnd,2023
6154,5/30/2006,1.312,EastEnd,2023
6155,6/26/2006,1.31,EastEnd,2023
6156,7/28/2006,1.309,EastEnd,2023
6157,8/25/2006,1.312,EastEnd,2023
6158,9/27/2006,1.314,EastEnd,2023
6159,10/20/2006,1.312,EastEnd,2023
6160,11/13/2006,1.312,EastEnd,2023
6161,12/14/2006,1.312,EastEnd,2023
6162,1/11/2007,1.311,EastEnd,2023
6163,2/8/2007,1.309,EastEnd,2023
6164,3/11/2007,1.31,EastEnd,2023
6165,4/5/2007,1.31,EastEnd,2023
6166,5/4/2007,1.31,EastEnd,2023
6167,6/5/2007,1.31,EastEnd,2023
6168,6/29/2007,1.31,EastEnd,2023
6169,7/27/2007,1.309,EastEnd,2023
6170,8/27/2007,1.31,EastEnd,2023
6171,9/19/2007,1.309,EastEnd,2023
6172,10/23/2007,1.31,EastEnd,2023
6173,11/16/2007,1.312,EastEnd,2023
6174,12/13/2007,1.311,EastEnd,2023
6175,1/9/2008,1.312,EastEnd,2023
6176,2/13/2008,1.31,EastEnd,2023
6177,3/11/2008,1.31,EastEnd,2023
6178,4/11/2008,1.312,EastEnd,2023
6179,5/7/2008,1.314,EastEnd,2023
6180,6/9/2008,1.32,EastEnd,2023
6181,7/10/2008,1.322,EastEnd,2023
6182,8/25/2008,1.319,EastEnd,2023
6183,9/30/2008,1.317,EastEnd,2023
6184,10/30/2008,1.317,EastEnd,2023
6185,11/26/2008,1.315,EastEnd,2023
6186,12/22/2008,1.315,EastEnd,2023
6187,1/29/2009,1.315,EastEnd,2023
6188,3/5/2009,1.316,EastEnd,2023
6189,4/2/2009,1.316,EastEnd,2023
6190,4/29/2009,1.315,EastEnd,2023
6191,5/29/2009,1.318,EastEnd,2023
6192,6/24/2009,1.32,EastEnd,2023
6193,7/20/2009,1.322,EastEnd,2023
6194,8/21/2009,1.33,EastEnd,2023
6195,9/15/2009,1.339,EastEnd,2023
6196,10/15/2009,1.332,EastEnd,2023
6197,11/10/2009,1.327,EastEnd,2023
6198,12/7/2009,1.324,EastEnd,2023
6199,1/5/2010,1.322,EastEnd,2023
6200,2/10/2010,1.322,EastEnd,2023
6201,3/10/2010,1.322,EastEnd,2023
6202,3/30/2010,1.323,EastEnd,2023
6203,5/4/2010,1.326,EastEnd,2023
6204,6/7/2010,1.327,EastEnd,2023
6205,6/30/2010,1.327,EastEnd,2023
6206,7/28/2010,1.326,EastEnd,2023
6207,8/26/2010,1.328,EastEnd,2023
6208,9/21/2010,1.328,EastEnd,2023
6209,10/19/2010,1.329,EastEnd,2023
6210,11/18/2010,1.328,EastEnd,2023
6211,12/13/2010,1.328,EastEnd,2023
6212,1/5/2011,1.327,EastEnd,2023
6213,2/1/2011,1.326,EastEnd,2023
6214,3/1/2011,1.328,EastEnd,2023
6215,3/29/2011,1.329,EastEnd,2023
6216,5/13/2011,1.33,EastEnd,2023
6217,6/8/2011,1.332,EastEnd,2023
6218,7/7/2011,1.333,EastEnd,2023
6219,8/2/2011,1.334,EastEnd,2023
6220,9/9/2011,1.337,EastEnd,2023
6221,10/5/2011,1.339,EastEnd,2023
6222,11/1/2011,1.34,EastEnd,2023
6223,12/1/2011,1.342,EastEnd,2023
6224,12/29/2011,1.34,EastEnd,2023
6225,1/24/2012,1.34,EastEnd,2023
6226,2/24/2012,1.338,EastEnd,2023
6227,3/22/2012,1.338,EastEnd,2023
6228,4/18/2012,1.34,EastEnd,2023
6229,5/18/2012,1.34,EastEnd,2023
6230,6/13/2012,1.342,EastEnd,2023
6231,7/5/2012,1.343,EastEnd,2023
6232,8/6/2012,1.342,EastEnd,2023
6233,9/6/2012,1.343,EastEnd,2023
6234,10/12/2012,1.344,EastEnd,2023
6235,11/8/2012,1.344,EastEnd,2023
6236,12/6/2012,1.345,EastEnd,2023
6237,1/3/2013,1.344,EastEnd,2023
6238,2/21/2013,1.344,EastEnd,2023
6239,3/26/2013,1.345,EastEnd,2023
6240,4/29/2013,1.344,EastEnd,2023
6241,5/31/2013,1.344,EastEnd,2023
6242,6/25/2013,1.345,EastEnd,2023
6243,7/25/2013,1.348,EastEnd,2023
6244,8/23/2013,1.348,EastEnd,2023
6245,9/26/2013,1.35,EastEnd,2023
6246,10/22/2013,1.349,EastEnd,2023
6247,11/20/2013,1.347,EastEnd,2023
6248,12/17/2013,1.345,EastEnd,2023
6249,1/23/2014,1.345,EastEnd,2023
6250,2/28/2014,1.345,EastEnd,2023
6251,4/4/2014,1.345,EastEnd,2023
6252,5/16/2014,1.347,EastEnd,2023
6253,6/10/2014,1.348,EastEnd,2023
6254,7/11/2014,1.351,EastEnd,2023
6255,8/12/2014,1.352,EastEnd,2023
6256,9/4/2014,1.354,EastEnd,2023
6257,10/7/2014,1.352,EastEnd,2023
6258,11/3/2014,1.352,EastEnd,2023
6259,12/12/2014,1.348,EastEnd,2023
6260,1/13/2015,1.343,EastEnd,2023
6261,2/20/2015,1.343,EastEnd,2023
6262,3/31/2015,1.342,EastEnd,2023
6263,4/28/2015,1.341,EastEnd,2023
6264,5/21/2015,1.341,EastEnd,2023
6265,6/24/2015,1.339,EastEnd,2023
6266,7/29/2015,1.341,EastEnd,2023
6267,9/8/2015,1.343,EastEnd,2023
6268,9/30/2015,1.343,EastEnd,2023
6269,10/29/2015,1.341,EastEnd,2023
6270,11/24/2015,1.338,EastEnd,2023
6271,12/23/2015,1.336,EastEnd,2023
6272,1/20/2016,1.335,EastEnd,2023
6273,3/1/2016,1.336,EastEnd,2023
6274,3/31/2016,1.335,EastEnd,2023
6275,5/3/2016,1.334,EastEnd,2023
6276,6/1/2016,1.333,EastEnd,2023
6277,6/30/2016,1.333,EastEnd,2023
6278,7/29/2016,1.336,EastEnd,2023
6279,8/26/2016,1.335,EastEnd,2023
6280,9/27/2016,1.335,EastEnd,2023
6281,10/21/2016,1.336,EastEnd,2023
6282,12/1/2016,1.337,EastEnd,2023
6283,12/20/2016,1.336,EastEnd,2023
6284,1/31/2017,1.336,EastEnd,2023
6285,3/2/2017,1.337,EastEnd,2023
6286,3/24/2017,1.336,EastEnd,2023
6287,4/20/2017,1.337,EastEnd,2023
6288,5/30/2017,1.339,EastEnd,2023
6289,6/22/2017,1.339,EastEnd,2023
6290,7/19/2017,1.34,EastEnd,2023
6291,8/15/2017,1.34,EastEnd,2023
6292,9/26/2017,1.338,EastEnd,2023
6293,10/20/2017,1.338,EastEnd,2023
6294,11/17/2017,1.339,EastEnd,2023
6295,12/28/2017,1.337,EastEnd,2023
6296,1/30/2018,1.336,EastEnd,2023
6297,2/23/2018,1.336,EastEnd,2023
6298,3/22/2018,1.338,EastEnd,2023
6299,4/16/2018,1.339,EastEnd,2023
6300,5/21/2018,1.341,EastEnd,2023
6301,6/21/2018,1.342,EastEnd,2023
6302,7/19/2018,1.342,EastEnd,2023
6303,8/30/2018,1.345,EastEnd,2023
6304,9/19/2018,1.344,EastEnd,2023
6305,10/18/2018,1.344,EastEnd,2023
6306,11/19/2018,1.342,EastEnd,2023
6307,12/13/2018,1.342,EastEnd,2023
6308,1/31/2019,1.341,EastEnd,2023
6309,2/27/2019,1.342,EastEnd,2023
6310,3/20/2019,1.342,EastEnd,2023
6311,4/16/2019,1.344,EastEnd,2023
6312,5/24/2019,1.344,EastEnd,2023
6313,6/24/2019,1.345,EastEnd,2023
6314,7/23/2019,1.347,EastEnd,2023
6315,8/22/2019,1.35,EastEnd,2023
6316,10/2/2019,1.348,EastEnd,2023
6317,11/4/2019,1.348,EastEnd,2023
6318,11/26/2019,1.348,EastEnd,2023
6319,12/26/2019,1.349,EastEnd,2023
6320,1/27/2020,1.349,EastEnd,2023
6321,3/3/2020,1.35,EastEnd,2023
6322,4/6/2020,1.35,EastEnd,2023
6323,5/1/2020,1.35,EastEnd,2023
6324,5/29/2020,1.35,EastEnd,2023
6325,6/23/2020,1.35,EastEnd,2023
6326,7/22/2020,1.351,EastEnd,2023
6327,8/20/2020,1.35,EastEnd,2023
6328,9/24/2020,1.35,EastEnd,2023
6329,10/27/2020,1.351,EastEnd,2023
6330,11/23/2020,1.351,EastEnd,2023
6331,12/30/2020,1.349,EastEnd,2023
6332,1/28/2021,1.348,EastEnd,2023
6333,2/25/2021,1.348,EastEnd,2023
6334,4/1/2021,1.349,EastEnd,2023
6335,5/6/2021,1.349,EastEnd,2023
6336,6/1/2021,1.349,EastEnd,2023
6337,6/30/2021,1.35,EastEnd,2023
6338,7/23/2021,1.35,EastEnd,2023
6339,9/1/2021,1.351,EastEnd,2023
6340,9/21/2021,1.351,EastEnd,2023
6341,10/28/2021,1.351,EastEnd,2023
6342,11/18/2021,1.35,EastEnd,2023
6343,12/22/2021,1.35,EastEnd,2023
6344,1/26/2022,1.349,EastEnd,2023
6345,2/22/2022,1.349,EastEnd,2023
6346,3/30/2022,1.35,EastEnd,2023
6347,4/27/2022,1.352,EastEnd,2023
6348,6/1/2022,1.353,EastEnd,2023
6349,6/28/2022,1.354,EastEnd,2023
6350,7/28/2022,1.355,EastEnd,2023
6351,8/30/2022,1.356,EastEnd,2023
6352,9/27/2022,1.357,EastEnd,2023
6353,11/2/2022,1.358,EastEnd,2023
6354,11/29/2022,1.357,EastEnd,2023
6355,12/28/2022,1.357,EastEnd,2023
6356,1/25/2023,1.358,EastEnd,2023
6357,2/28/2023,1.358,EastEnd,2023
6358,3/28/2023,1.359,EastEnd,2023
6359,4/27/2023,1.358,EastEnd,2023
6360,6/5/2023,1.356,EastEnd,2023
6361,6/29/2023,1.356,EastEnd,2023
6362,7/28/2023,1.358,EastEnd,2023
6363,9/5/2023,1.361,EastEnd,2023
6364,9/26/2023,1.362,EastEnd,2023
6365,10/31/2023,1.362,EastEnd,2023
6366,12/4/2023,1.362,EastEnd,2023
6367,12/27/2023,1.363,EastEnd,2023
6368,7/22/1980,0.0,LakeHouston,2023
6369,8/19/1980,0.008,LakeHouston,2023
6370,9/16/1980,0.014,LakeHouston,2023
6371,10/14/1980,0.002,LakeHouston,2023
6372,11/10/1980,0.025,LakeHouston,2023
6373,12/9/1980,0.026,LakeHouston,2023
6374,1/6/1981,0.003,LakeHouston,2023
6375,2/5/1981,0.032,LakeHouston,2023
6376,3/5/1981,0.034,LakeHouston,2023
6377,3/30/1981,0.038,LakeHouston,2023
6378,4/27/1981,0.045,LakeHouston,2023
6379,5/27/1981,0.048,LakeHouston,2023
6380,6/23/1981,0.049,LakeHouston,2023
6381,7/21/1981,0.053,LakeHouston,2023
6382,8/18/1981,0.059,LakeHouston,2023
6383,9/14/1981,0.063,LakeHouston,2023
6384,10/14/1981,0.068,LakeHouston,2023
6385,11/12/1981,0.071,LakeHouston,2023
6386,12/8/1981,0.074,LakeHouston,2023
6387,1/5/1982,0.076,LakeHouston,2023
6388,2/2/1982,0.078,LakeHouston,2023
6389,3/4/1982,0.084,LakeHouston,2023
6390,3/30/1982,0.087,LakeHouston,2023
6391,4/28/1982,0.091,LakeHouston,2023
6392,5/26/1982,0.091,LakeHouston,2023
6393,6/23/1982,0.1,LakeHouston,2023
6394,7/20/1982,0.104,LakeHouston,2023
6395,8/17/1982,0.109,LakeHouston,2023
6396,9/14/1982,0.115,LakeHouston,2023
6397,10/14/1982,0.121,LakeHouston,2023
6398,11/10/1982,0.125,LakeHouston,2023
6399,12/8/1982,0.121,LakeHouston,2023
6400,1/5/1983,0.119,LakeHouston,2023
6401,2/11/1983,0.121,LakeHouston,2023
6402,3/1/1983,0.119,LakeHouston,2023
6403,3/30/1983,0.122,LakeHouston,2023
6404,4/26/1983,0.126,LakeHouston,2023
6405,5/24/1983,0.127,LakeHouston,2023
6406,6/21/1983,0.125,LakeHouston,2023
6407,7/20/1983,0.124,LakeHouston,2023
6408,8/17/1983,0.134,LakeHouston,2023
6409,9/13/1983,0.137,LakeHouston,2023
6410,10/11/1983,0.142,LakeHouston,2023
6411,11/7/1983,0.145,LakeHouston,2023
6412,12/5/1983,0.15,LakeHouston,2023
6413,1/3/1984,0.15,LakeHouston,2023
6414,1/31/1984,0.151,LakeHouston,2023
6415,2/28/1984,0.153,LakeHouston,2023
6416,3/26/1984,0.157,LakeHouston,2023
6417,4/24/1984,0.163,LakeHouston,2023
6418,5/22/1984,0.166,LakeHouston,2023
6419,6/19/1984,0.173,LakeHouston,2023
6420,7/17/1984,0.18,LakeHouston,2023
6421,8/24/1984,0.186,LakeHouston,2023
6422,9/11/1984,0.192,LakeHouston,2023
6423,10/9/1984,0.198,LakeHouston,2023
6424,11/7/1984,0.196,LakeHouston,2023
6425,12/5/1984,0.199,LakeHouston,2023
6426,1/2/1985,0.198,LakeHouston,2023
6427,1/29/1985,0.2,LakeHouston,2023
6428,2/26/1985,0.199,LakeHouston,2023
6429,3/27/1985,0.2,LakeHouston,2023
6430,4/23/1985,0.208,LakeHouston,2023
6431,5/21/1985,0.215,LakeHouston,2023
6432,6/18/1985,0.223,LakeHouston,2023
6433,7/16/1985,0.229,LakeHouston,2023
6434,8/13/1985,0.232,LakeHouston,2023
6435,9/10/1985,0.237,LakeHouston,2023
6436,10/8/1985,0.214,LakeHouston,2023
6437,11/5/1985,0.214,LakeHouston,2023
6438,12/3/1985,0.213,LakeHouston,2023
6439,12/19/1985,0.212,LakeHouston,2023
6440,1/16/1986,0.217,LakeHouston,2023
6441,2/12/1986,0.214,LakeHouston,2023
6442,3/13/1986,0.219,LakeHouston,2023
6443,4/11/1986,0.224,LakeHouston,2023
6444,5/9/1986,0.227,LakeHouston,2023
6445,6/5/1986,0.227,LakeHouston,2023
6446,7/2/1986,0.228,LakeHouston,2023
6447,7/31/1986,0.237,LakeHouston,2023
6448,8/29/1986,0.244,LakeHouston,2023
6449,9/25/1986,0.248,LakeHouston,2023
6450,10/23/1986,0.248,LakeHouston,2023
6451,11/21/1986,0.25,LakeHouston,2023
6452,12/17/1986,0.248,LakeHouston,2023
6453,1/16/1987,0.25,LakeHouston,2023
6454,2/12/1987,0.254,LakeHouston,2023
6455,3/6/1987,0.254,LakeHouston,2023
6456,4/2/1987,0.26,LakeHouston,2023
6457,4/30/1987,0.266,LakeHouston,2023
6458,5/28/1987,0.269,LakeHouston,2023
6459,6/25/1987,0.269,LakeHouston,2023
6460,7/23/1987,0.278,LakeHouston,2023
6461,8/20/1987,0.284,LakeHouston,2023
6462,9/17/1987,0.289,LakeHouston,2023
6463,10/15/1987,0.294,LakeHouston,2023
6464,11/12/1987,0.299,LakeHouston,2023
6465,12/9/1987,0.299,LakeHouston,2023
6466,1/7/1988,0.299,LakeHouston,2023
6467,2/4/1988,0.299,LakeHouston,2023
6468,3/3/1988,0.3,LakeHouston,2023
6469,3/31/1988,0.3,LakeHouston,2023
6470,4/28/1988,0.306,LakeHouston,2023
6471,5/26/1988,0.309,LakeHouston,2023
6472,6/23/1988,0.313,LakeHouston,2023
6473,7/21/1988,0.318,LakeHouston,2023
6474,8/18/1988,0.324,LakeHouston,2023
6475,9/14/1988,0.33,LakeHouston,2023
6476,10/13/1988,0.335,LakeHouston,2023
6477,11/9/1988,0.337,LakeHouston,2023
6478,12/8/1988,0.342,LakeHouston,2023
6479,1/5/1989,0.345,LakeHouston,2023
6480,2/2/1989,0.346,LakeHouston,2023
6481,3/2/1989,0.347,LakeHouston,2023
6482,3/29/1989,0.349,LakeHouston,2023
6483,4/27/1989,0.354,LakeHouston,2023
6484,5/25/1989,0.356,LakeHouston,2023
6485,6/22/1989,0.361,LakeHouston,2023
6486,7/20/1989,0.364,LakeHouston,2023
6487,8/17/1989,0.367,LakeHouston,2023
6488,9/14/1989,0.37,LakeHouston,2023
6489,10/12/1989,0.377,LakeHouston,2023
6490,11/8/1989,0.38,LakeHouston,2023
6491,12/7/1989,0.383,LakeHouston,2023
6492,1/4/1990,0.389,LakeHouston,2023
6493,2/1/1990,0.394,LakeHouston,2023
6494,3/1/1990,0.394,LakeHouston,2023
6495,3/29/1990,0.395,LakeHouston,2023
6496,4/26/1990,0.399,LakeHouston,2023
6497,5/24/1990,0.401,LakeHouston,2023
6498,6/21/1990,0.406,LakeHouston,2023
6499,7/19/1990,0.413,LakeHouston,2023
6500,8/16/1990,0.419,LakeHouston,2023
6501,9/13/1990,0.425,LakeHouston,2023
6502,10/11/1990,0.432,LakeHouston,2023
6503,11/7/1990,0.435,LakeHouston,2023
6504,12/6/1990,0.438,LakeHouston,2023
6505,1/3/1991,0.438,LakeHouston,2023
6506,1/31/1991,0.436,LakeHouston,2023
6507,2/28/1991,0.436,LakeHouston,2023
6508,3/28/1991,0.44,LakeHouston,2023
6509,4/25/1991,0.437,LakeHouston,2023
6510,5/23/1991,0.44,LakeHouston,2023
6511,6/25/1991,0.443,LakeHouston,2023
6512,7/18/1991,0.45,LakeHouston,2023
6513,8/15/1991,0.454,LakeHouston,2023
6514,9/13/1991,0.454,LakeHouston,2023
6515,10/10/1991,0.457,LakeHouston,2023
6516,11/8/1991,0.459,LakeHouston,2023
6517,12/6/1991,0.458,LakeHouston,2023
6518,1/2/1992,0.45,LakeHouston,2023
6519,1/30/1992,0.444,LakeHouston,2023
6520,2/27/1992,0.44,LakeHouston,2023
6521,3/25/1992,0.446,LakeHouston,2023
6522,4/23/1992,0.448,LakeHouston,2023
6523,5/21/1992,0.452,LakeHouston,2023
6524,6/17/1992,0.449,LakeHouston,2023
6525,7/16/1992,0.455,LakeHouston,2023
6526,8/13/1992,0.457,LakeHouston,2023
6527,9/10/1992,0.46,LakeHouston,2023
6528,10/8/1992,0.464,LakeHouston,2023
6529,11/5/1992,0.467,LakeHouston,2023
6530,12/2/1992,0.465,LakeHouston,2023
6531,12/30/1992,0.462,LakeHouston,2023
6532,1/28/1993,0.458,LakeHouston,2023
6533,2/26/1993,0.458,LakeHouston,2023
6534,3/25/1993,0.454,LakeHouston,2023
6535,4/23/1993,0.46,LakeHouston,2023
6536,5/19/1993,0.46,LakeHouston,2023
6537,6/16/1993,0.461,LakeHouston,2023
6538,7/16/1993,0.464,LakeHouston,2023
6539,8/12/1993,0.468,LakeHouston,2023
6540,9/10/1993,0.472,LakeHouston,2023
6541,10/6/1993,0.475,LakeHouston,2023
6542,11/5/1993,0.477,LakeHouston,2023
6543,12/2/1993,0.476,LakeHouston,2023
6544,12/29/1993,0.478,LakeHouston,2023
6545,1/27/1994,0.477,LakeHouston,2023
6546,2/24/1994,0.474,LakeHouston,2023
6547,3/24/1994,0.473,LakeHouston,2023
6548,4/21/1994,0.477,LakeHouston,2023
6549,5/20/1994,0.474,LakeHouston,2023
6550,6/16/1994,0.476,LakeHouston,2023
6551,7/14/1994,0.477,LakeHouston,2023
6552,8/11/1994,0.481,LakeHouston,2023
6553,9/9/1994,0.482,LakeHouston,2023
6554,10/5/1994,0.484,LakeHouston,2023
6555,11/3/1994,0.482,LakeHouston,2023
6556,12/1/1994,0.486,LakeHouston,2023
6557,12/29/1994,0.482,LakeHouston,2023
6558,1/26/1995,0.477,LakeHouston,2023
6559,2/23/1995,0.483,LakeHouston,2023
6560,3/23/1995,0.478,LakeHouston,2023
6561,4/20/1995,0.48,LakeHouston,2023
6562,5/21/1995,0.485,LakeHouston,2023
6563,6/16/1995,0.488,LakeHouston,2023
6564,7/14/1995,0.489,LakeHouston,2023
6565,8/10/1995,0.491,LakeHouston,2023
6566,9/8/1995,0.495,LakeHouston,2023
6567,10/9/1995,0.502,LakeHouston,2023
6568,11/3/1995,0.504,LakeHouston,2023
6569,11/30/1995,0.506,LakeHouston,2023
6570,1/5/1996,0.505,LakeHouston,2023
6571,1/25/1996,0.506,LakeHouston,2023
6572,2/22/1996,0.507,LakeHouston,2023
6573,3/21/1996,0.509,LakeHouston,2023
6574,4/18/1996,0.51,LakeHouston,2023
6575,5/16/1996,0.511,LakeHouston,2023
6576,6/13/1996,0.515,LakeHouston,2023
6577,7/11/1996,0.515,LakeHouston,2023
6578,8/8/1996,0.518,LakeHouston,2023
6579,9/5/1996,0.52,LakeHouston,2023
6580,10/4/1996,0.52,LakeHouston,2023
6581,10/30/1996,0.522,LakeHouston,2023
6582,11/27/1996,0.524,LakeHouston,2023
6583,12/23/1996,0.522,LakeHouston,2023
6584,1/24/1997,0.519,LakeHouston,2023
6585,2/19/1997,0.518,LakeHouston,2023
6586,3/21/1997,0.511,LakeHouston,2023
6587,4/17/1997,0.514,LakeHouston,2023
6588,5/15/1997,0.517,LakeHouston,2023
6589,6/13/1997,0.516,LakeHouston,2023
6590,7/10/1997,0.516,LakeHouston,2023
6591,8/8/1997,0.52,LakeHouston,2023
6592,9/5/1997,0.526,LakeHouston,2023
6593,10/2/1997,0.528,LakeHouston,2023
6594,10/30/1997,0.532,LakeHouston,2023
6595,11/25/1997,0.533,LakeHouston,2023
6596,12/22/1997,0.528,LakeHouston,2023
6597,1/21/1998,0.527,LakeHouston,2023
6598,2/20/1998,0.525,LakeHouston,2023
6599,3/19/1998,0.524,LakeHouston,2023
6600,4/15/1998,0.528,LakeHouston,2023
6601,5/15/1998,0.529,LakeHouston,2023
6602,6/11/1998,0.532,LakeHouston,2023
6603,7/10/1998,0.535,LakeHouston,2023
6604,8/7/1998,0.539,LakeHouston,2023
6605,9/4/1998,0.542,LakeHouston,2023
6606,10/5/1998,0.541,LakeHouston,2023
6607,10/28/1998,0.539,LakeHouston,2023
6608,11/24/1998,0.537,LakeHouston,2023
6609,12/16/1998,0.535,LakeHouston,2023
6610,1/14/1999,0.534,LakeHouston,2023
6611,2/11/1999,0.536,LakeHouston,2023
6612,3/11/1999,0.538,LakeHouston,2023
6613,4/7/1999,0.536,LakeHouston,2023
6614,5/7/1999,0.538,LakeHouston,2023
6615,6/4/1999,0.537,LakeHouston,2023
6616,7/2/1999,0.535,LakeHouston,2023
6617,7/28/1999,0.536,LakeHouston,2023
6618,8/27/1999,0.539,LakeHouston,2023
6619,9/27/1999,0.541,LakeHouston,2023
6620,10/25/1999,0.544,LakeHouston,2023
6621,11/22/1999,0.546,LakeHouston,2023
6622,12/22/1999,0.548,LakeHouston,2023
6623,1/13/2000,0.548,LakeHouston,2023
6624,2/9/2000,0.549,LakeHouston,2023
6625,3/9/2000,0.549,LakeHouston,2023
6626,4/5/2000,0.548,LakeHouston,2023
6627,5/3/2000,0.546,LakeHouston,2023
6628,5/31/2000,0.546,LakeHouston,2023
6629,6/29/2000,0.547,LakeHouston,2023
6630,7/26/2000,0.55,LakeHouston,2023
6631,8/24/2000,0.554,LakeHouston,2023
6632,9/21/2000,0.558,LakeHouston,2023
6633,10/23/2000,0.56,LakeHouston,2023
6634,11/17/2000,0.557,LakeHouston,2023
6635,12/15/2000,0.555,LakeHouston,2023
6636,1/11/2001,0.553,LakeHouston,2023
6637,2/8/2001,0.551,LakeHouston,2023
6638,3/9/2001,0.548,LakeHouston,2023
6639,4/6/2001,0.547,LakeHouston,2023
6640,5/4/2001,0.552,LakeHouston,2023
6641,5/31/2001,0.554,LakeHouston,2023
6642,6/28/2001,0.553,LakeHouston,2023
6643,7/25/2001,0.555,LakeHouston,2023
6644,8/24/2001,0.557,LakeHouston,2023
6645,9/20/2001,0.556,LakeHouston,2023
6646,10/18/2001,0.552,LakeHouston,2023
6647,11/16/2001,0.556,LakeHouston,2023
6648,12/13/2001,0.549,LakeHouston,2023
6649,1/11/2002,0.548,LakeHouston,2023
6650,2/6/2002,0.551,LakeHouston,2023
6651,3/8/2002,0.548,LakeHouston,2023
6652,4/4/2002,0.548,LakeHouston,2023
6653,5/1/2002,0.549,LakeHouston,2023
6654,5/28/2002,0.551,LakeHouston,2023
6655,6/28/2002,0.553,LakeHouston,2023
6656,7/25/2002,0.567,LakeHouston,2023
6657,8/22/2002,0.567,LakeHouston,2023
6658,9/19/2002,0.567,LakeHouston,2023
6659,10/18/2002,0.568,LakeHouston,2023
6660,11/15/2002,0.563,LakeHouston,2023
6661,12/12/2002,0.564,LakeHouston,2023
6662,1/8/2003,0.563,LakeHouston,2023
6663,2/6/2003,0.562,LakeHouston,2023
6664,3/6/2003,0.556,LakeHouston,2023
6665,4/2/2003,0.561,LakeHouston,2023
6666,5/2/2003,0.563,LakeHouston,2023
6667,5/28/2003,0.565,LakeHouston,2023
6668,6/25/2003,0.566,LakeHouston,2023
6669,7/25/2003,0.566,LakeHouston,2023
6670,8/21/2003,0.566,LakeHouston,2023
6671,9/19/2003,0.562,LakeHouston,2023
6672,10/17/2003,0.562,LakeHouston,2023
6673,11/13/2003,0.565,LakeHouston,2023
6674,12/12/2003,0.563,LakeHouston,2023
6675,1/7/2004,0.56,LakeHouston,2023
6676,2/5/2004,0.554,LakeHouston,2023
6677,3/20/2004,0.552,LakeHouston,2023
6678,4/1/2004,0.555,LakeHouston,2023
6679,4/28/2004,0.554,LakeHouston,2023
6680,5/27/2004,0.552,LakeHouston,2023
6681,6/22/2004,0.551,LakeHouston,2023
6682,7/20/2004,0.552,LakeHouston,2023
6683,8/17/2004,0.556,LakeHouston,2023
6684,9/16/2004,0.558,LakeHouston,2023
6685,10/15/2004,0.561,LakeHouston,2023
6686,11/8/2004,0.56,LakeHouston,2023
6687,12/7/2004,0.553,LakeHouston,2023
6688,1/6/2005,0.555,LakeHouston,2023
6689,2/2/2005,0.553,LakeHouston,2023
6690,2/28/2005,0.548,LakeHouston,2023
6691,3/28/2005,0.552,LakeHouston,2023
6692,4/29/2005,0.555,LakeHouston,2023
6693,5/25/2005,0.553,LakeHouston,2023
6694,6/23/2005,0.555,LakeHouston,2023
6695,7/19/2005,0.559,LakeHouston,2023
6696,8/19/2005,0.56,LakeHouston,2023
6697,9/21/2005,0.561,LakeHouston,2023
6698,10/21/2005,0.563,LakeHouston,2023
6699,11/17/2005,0.565,LakeHouston,2023
6700,12/13/2005,0.566,LakeHouston,2023
6701,1/6/2006,0.565,LakeHouston,2023
6702,2/9/2006,0.565,LakeHouston,2023
6703,3/9/2006,0.565,LakeHouston,2023
6704,4/6/2006,0.566,LakeHouston,2023
6705,5/2/2006,0.566,LakeHouston,2023
6706,5/31/2006,0.566,LakeHouston,2023
6707,6/30/2006,0.567,LakeHouston,2023
6708,7/28/2006,0.564,LakeHouston,2023
6709,8/24/2006,0.568,LakeHouston,2023
6710,9/26/2006,0.57,LakeHouston,2023
6711,10/23/2006,0.565,LakeHouston,2023
6712,11/16/2006,0.568,LakeHouston,2023
6713,12/14/2006,0.569,LakeHouston,2023
6714,1/11/2007,0.563,LakeHouston,2023
6715,2/8/2007,0.558,LakeHouston,2023
6716,3/11/2007,0.562,LakeHouston,2023
6717,4/4/2007,0.56,LakeHouston,2023
6718,5/4/2007,0.558,LakeHouston,2023
6719,6/4/2007,0.559,LakeHouston,2023
6720,7/3/2007,0.557,LakeHouston,2023
6721,7/27/2007,0.555,LakeHouston,2023
6722,8/27/2007,0.558,LakeHouston,2023
6723,9/19/2007,0.559,LakeHouston,2023
6724,10/22/2007,0.562,LakeHouston,2023
6725,11/16/2007,0.564,LakeHouston,2023
6726,1/4/2008,0.561,LakeHouston,2023
6727,2/11/2008,0.556,LakeHouston,2023
6728,3/12/2008,0.552,LakeHouston,2023
6729,4/7/2008,0.556,LakeHouston,2023
6730,5/9/2008,0.556,LakeHouston,2023
6731,6/13/2008,0.559,LakeHouston,2023
6732,7/10/2008,0.56,LakeHouston,2023
6733,8/29/2008,0.56,LakeHouston,2023
6734,10/1/2008,0.562,LakeHouston,2023
6735,10/29/2008,0.563,LakeHouston,2023
6736,11/25/2008,0.562,LakeHouston,2023
6737,12/22/2008,0.563,LakeHouston,2023
6738,1/21/2009,0.562,LakeHouston,2023
6739,3/6/2009,0.563,LakeHouston,2023
6740,4/1/2009,0.559,LakeHouston,2023
6741,4/30/2009,0.555,LakeHouston,2023
6742,5/29/2009,0.562,LakeHouston,2023
6743,6/23/2009,0.565,LakeHouston,2023
6744,7/20/2009,0.569,LakeHouston,2023
6745,8/17/2009,0.571,LakeHouston,2023
6746,9/16/2009,0.572,LakeHouston,2023
6747,10/14/2009,0.57,LakeHouston,2023
6748,11/10/2009,0.568,LakeHouston,2023
6749,12/9/2009,0.565,LakeHouston,2023
6750,1/7/2010,0.564,LakeHouston,2023
6751,2/10/2010,0.561,LakeHouston,2023
6752,3/10/2010,0.562,LakeHouston,2023
6753,4/1/2010,0.565,LakeHouston,2023
6754,5/4/2010,0.568,LakeHouston,2023
6755,6/3/2010,0.57,LakeHouston,2023
6756,6/29/2010,0.572,LakeHouston,2023
6757,7/27/2010,0.572,LakeHouston,2023
6758,8/30/2010,0.576,LakeHouston,2023
6759,9/22/2010,0.577,LakeHouston,2023
6760,10/19/2010,0.58,LakeHouston,2023
6761,11/18/2010,0.581,LakeHouston,2023
6762,12/13/2010,0.581,LakeHouston,2023
6763,1/4/2011,0.579,LakeHouston,2023
6764,2/1/2011,0.576,LakeHouston,2023
6765,3/1/2011,0.577,LakeHouston,2023
6766,3/28/2011,0.579,LakeHouston,2023
6767,5/9/2011,0.582,LakeHouston,2023
6768,6/10/2011,0.587,LakeHouston,2023
6769,7/6/2011,0.593,LakeHouston,2023
6770,8/2/2011,0.598,LakeHouston,2023
6771,9/9/2011,0.606,LakeHouston,2023
6772,10/6/2011,0.61,LakeHouston,2023
6773,11/2/2011,0.612,LakeHouston,2023
6774,11/30/2011,0.612,LakeHouston,2023
6775,12/30/2011,0.611,LakeHouston,2023
6776,1/23/2012,0.609,LakeHouston,2023
6777,2/23/2012,0.602,LakeHouston,2023
6778,3/22/2012,0.6,LakeHouston,2023
6779,4/18/2012,0.602,LakeHouston,2023
6780,5/17/2012,0.603,LakeHouston,2023
6781,6/12/2012,0.605,LakeHouston,2023
6782,7/5/2012,0.608,LakeHouston,2023
6783,8/6/2012,0.609,LakeHouston,2023
6784,9/5/2012,0.612,LakeHouston,2023
6785,10/15/2012,0.615,LakeHouston,2023
6786,11/7/2012,0.616,LakeHouston,2023
6787,12/4/2012,0.617,LakeHouston,2023
6788,1/9/2013,0.616,LakeHouston,2023
6789,2/25/2013,0.615,LakeHouston,2023
6790,4/2/2013,0.615,LakeHouston,2023
6791,4/29/2013,0.614,LakeHouston,2023
6792,5/29/2013,0.614,LakeHouston,2023
6793,6/19/2013,0.615,LakeHouston,2023
6794,7/23/2013,0.618,LakeHouston,2023
6795,8/28/2013,0.622,LakeHouston,2023
6796,9/24/2013,0.623,LakeHouston,2023
6797,10/21/2013,0.624,LakeHouston,2023
6798,11/20/2013,0.623,LakeHouston,2023
6799,12/18/2013,0.622,LakeHouston,2023
6800,1/30/2014,0.622,LakeHouston,2023
6801,3/3/2014,0.619,LakeHouston,2023
6802,4/4/2014,0.618,LakeHouston,2023
6803,5/12/2014,0.618,LakeHouston,2023
6804,6/11/2014,0.617,LakeHouston,2023
6805,7/10/2014,0.618,LakeHouston,2023
6806,8/12/2014,0.62,LakeHouston,2023
6807,9/3/2014,0.621,LakeHouston,2023
6808,10/10/2014,0.62,LakeHouston,2023
6809,11/3/2014,0.621,LakeHouston,2023
6810,12/9/2014,0.62,LakeHouston,2023
6811,1/16/2015,0.611,LakeHouston,2023
6812,2/24/2015,0.613,LakeHouston,2023
6813,4/1/2015,0.607,LakeHouston,2023
6814,4/28/2015,0.603,LakeHouston,2023
6815,5/21/2015,0.601,LakeHouston,2023
6816,6/25/2015,0.601,LakeHouston,2023
6817,7/29/2015,0.608,LakeHouston,2023
6818,9/10/2015,0.614,LakeHouston,2023
6819,10/1/2015,0.615,LakeHouston,2023
6820,10/30/2015,0.615,LakeHouston,2023
6821,11/24/2015,0.612,LakeHouston,2023
6822,12/28/2015,0.608,LakeHouston,2023
6823,1/21/2016,0.607,LakeHouston,2023
6824,3/1/2016,0.611,LakeHouston,2023
6825,4/1/2016,0.61,LakeHouston,2023
6826,5/3/2016,0.607,LakeHouston,2023
6827,6/1/2016,0.602,LakeHouston,2023
6828,6/30/2016,0.606,LakeHouston,2023
6829,8/2/2016,0.612,LakeHouston,2023
6830,8/29/2016,0.609,LakeHouston,2023
6831,9/27/2016,0.612,LakeHouston,2023
6832,10/21/2016,0.615,LakeHouston,2023
6833,12/1/2016,0.617,LakeHouston,2023
6834,12/20/2016,0.616,LakeHouston,2023
6835,1/31/2017,0.611,LakeHouston,2023
6836,3/1/2017,0.612,LakeHouston,2023
6837,3/24/2017,0.611,LakeHouston,2023
6838,4/24/2017,0.613,LakeHouston,2023
6839,5/30/2017,0.615,LakeHouston,2023
6840,6/28/2017,0.614,LakeHouston,2023
6841,7/26/2017,0.615,LakeHouston,2023
6842,8/15/2017,0.615,LakeHouston,2023
6843,9/27/2017,0.615,LakeHouston,2023
6844,10/25/2017,0.617,LakeHouston,2023
6845,11/17/2017,0.619,LakeHouston,2023
6846,12/28/2017,0.618,LakeHouston,2023
6847,2/1/2018,0.614,LakeHouston,2023
6848,2/23/2018,0.609,LakeHouston,2023
6849,3/22/2018,0.613,LakeHouston,2023
6850,4/18/2018,0.614,LakeHouston,2023
6851,5/24/2018,0.617,LakeHouston,2023
6852,6/22/2018,0.617,LakeHouston,2023
6853,7/19/2018,0.619,LakeHouston,2023
6854,8/30/2018,0.624,LakeHouston,2023
6855,9/19/2018,0.621,LakeHouston,2023
6856,10/18/2018,0.62,LakeHouston,2023
6857,11/19/2018,0.618,LakeHouston,2023
6858,12/13/2018,0.617,LakeHouston,2023
6859,1/31/2019,0.614,LakeHouston,2023
6860,2/28/2019,0.614,LakeHouston,2023
6861,3/19/2019,0.615,LakeHouston,2023
6862,4/19/2019,0.617,LakeHouston,2023
6863,5/24/2019,0.616,LakeHouston,2023
6864,6/24/2019,0.618,LakeHouston,2023
6865,7/26/2019,0.62,LakeHouston,2023
6866,8/22/2019,0.622,LakeHouston,2023
6867,10/2/2019,0.626,LakeHouston,2023
6868,11/5/2019,0.626,LakeHouston,2023
6869,11/25/2019,0.627,LakeHouston,2023
6870,12/27/2019,0.629,LakeHouston,2023
6871,1/29/2020,0.624,LakeHouston,2023
6872,3/3/2020,0.624,LakeHouston,2023
6873,4/7/2020,0.627,LakeHouston,2023
6874,4/27/2020,0.627,LakeHouston,2023
6875,5/27/2020,0.626,LakeHouston,2023
6876,6/24/2020,0.625,LakeHouston,2023
6877,7/22/2020,0.627,LakeHouston,2023
6878,8/19/2020,0.628,LakeHouston,2023
6879,9/25/2020,0.63,LakeHouston,2023
6880,10/29/2020,0.632,LakeHouston,2023
6881,11/23/2020,0.633,LakeHouston,2023
6882,12/30/2020,0.628,LakeHouston,2023
6883,1/29/2021,0.626,LakeHouston,2023
6884,2/26/2021,0.623,LakeHouston,2023
6885,4/1/2021,0.626,LakeHouston,2023
6886,5/6/2021,0.628,LakeHouston,2023
6887,6/4/2021,0.624,LakeHouston,2023
6888,6/30/2021,0.628,LakeHouston,2023
6889,7/22/2021,0.629,LakeHouston,2023
6890,9/1/2021,0.634,LakeHouston,2023
6891,9/23/2021,0.635,LakeHouston,2023
6892,10/29/2021,0.635,LakeHouston,2023
6893,11/18/2021,0.636,LakeHouston,2023
6894,1/6/2022,0.636,LakeHouston,2023
6895,1/26/2022,0.635,LakeHouston,2023
6896,2/28/2022,0.634,LakeHouston,2023
6897,3/30/2022,0.634,LakeHouston,2023
6898,4/27/2022,0.635,LakeHouston,2023
6899,6/2/2022,0.637,LakeHouston,2023
6900,6/28/2022,0.643,LakeHouston,2023
6901,7/28/2022,0.648,LakeHouston,2023
6902,8/30/2022,0.649,LakeHouston,2023
6903,9/27/2022,0.651,LakeHouston,2023
6904,11/3/2022,0.654,LakeHouston,2023
6905,12/1/2022,0.654,LakeHouston,2023
6906,12/27/2022,0.655,LakeHouston,2023
6907,1/26/2023,0.652,LakeHouston,2023
6908,2/28/2023,0.652,LakeHouston,2023
6909,3/27/2023,0.653,LakeHouston,2023
6910,4/26/2023,0.653,LakeHouston,2023
6911,5/30/2023,0.652,LakeHouston,2023
6912,6/29/2023,0.656,LakeHouston,2023
6913,7/24/2023,0.661,LakeHouston,2023
6914,9/5/2023,0.675,LakeHouston,2023
6915,9/28/2023,0.679,LakeHouston,2023
6916,10/31/2023,0.682,LakeHouston,2023
6917,12/4/2023,0.683,LakeHouston,2023
6918,12/28/2023,0.683,LakeHouston,2023
6919,1/13/2017,0.0,FortBend,2023
6920,2/22/2017,-0.009,FortBend,2023
6921,3/12/2017,-0.009,FortBend,2023
6922,7/21/2017,-0.007,FortBend,2023
6923,8/2/2017,-0.005,FortBend,2023
6924,10/5/2017,-0.011,FortBend,2023
6925,12/5/2017,-0.013,FortBend,2023
6926,2/5/2018,-0.021,FortBend,2023
6927,3/23/2018,-0.018,FortBend,2023
6928,4/17/2018,-0.019,FortBend,2023
6929,6/25/2018,-0.019,FortBend,2023
6930,7/20/2018,-0.019,FortBend,2023
6931,8/24/2018,-0.016,FortBend,2023
6932,9/21/2018,-0.019,FortBend,2023
6933,10/19/2018,-0.019,FortBend,2023
6934,11/26/2018,-0.022,FortBend,2023
6935,12/21/2018,-0.022,FortBend,2023
6936,1/31/2019,-0.022,FortBend,2023
6937,2/28/2019,-0.022,FortBend,2023
6938,3/19/2019,-0.018,FortBend,2023
6939,4/19/2019,-0.017,FortBend,2023
6940,5/29/2019,-0.012,FortBend,2023
6941,6/28/2019,-0.012,FortBend,2023
6942,7/26/2019,-0.004,FortBend,2023
6943,8/23/2019,-0.005,FortBend,2023
6944,10/4/2019,-0.006,FortBend,2023
6945,11/26/2019,-0.006,FortBend,2023
6946,12/27/2019,-0.006,FortBend,2023
6947,1/31/2020,-0.007,FortBend,2023
6948,3/4/2020,-0.006,FortBend,2023
6949,4/7/2020,-0.005,FortBend,2023
6950,5/1/2020,0.001,FortBend,2023
6951,5/29/2020,0.001,FortBend,2023
6952,6/24/2020,0.001,FortBend,2023
6953,7/23/2020,0.003,FortBend,2023
6954,8/20/2020,0.003,FortBend,2023
6955,9/24/2020,0.005,FortBend,2023
6956,10/29/2020,0.006,FortBend,2023
6957,11/24/2020,0.007,FortBend,2023
6958,12/30/2020,0.006,FortBend,2023
6959,2/2/2021,0.006,FortBend,2023
6960,2/26/2021,0.005,FortBend,2023
6961,4/5/2021,0.009,FortBend,2023
6962,5/7/2021,0.009,FortBend,2023
6963,6/7/2021,0.009,FortBend,2023
6964,6/30/2021,0.011,FortBend,2023
6965,7/23/2021,0.011,FortBend,2023
6966,9/7/2021,0.014,FortBend,2023
6967,9/23/2021,0.015,FortBend,2023
6968,10/28/2021,0.013,FortBend,2023
6969,11/22/2021,0.014,FortBend,2023
6970,1/7/2022,0.014,FortBend,2023
6971,1/26/2022,0.014,FortBend,2023
6972,3/7/2022,0.015,FortBend,2023
6973,3/29/2022,0.017,FortBend,2023
6974,4/29/2022,0.018,FortBend,2023
6975,6/2/2022,0.019,FortBend,2023
6976,6/28/2022,0.022,FortBend,2023
6977,7/28/2022,0.024,FortBend,2023
6978,8/30/2022,0.021,FortBend,2023
6979,9/27/2022,0.024,FortBend,2023
6980,11/1/2022,0.024,FortBend,2023
6981,12/5/2022,0.024,FortBend,2023
6982,12/28/2022,0.024,FortBend,2023
6983,1/23/2023,0.025,FortBend,2023
6984,3/1/2023,0.026,FortBend,2023
6985,3/29/2023,0.029,FortBend,2023
6986,4/25/2023,0.03,FortBend,2023
6987,5/25/2023,0.031,FortBend,2023
6988,6/30/2023,0.034,FortBend,2023
6989,7/24/2023,0.035,FortBend,2023
6990,8/28/2023,0.037,FortBend,2023
6991,9/29/2023,0.037,FortBend,2023
6992,10/31/2023,0.037,FortBend,2023
6993,12/11/2023,0.038,FortBend,2023
6994,12/29/2023,0.038,FortBend,2023
6995,6/24/1980,0.0,Northeast,2023
6996,7/22/1980,0.007,Northeast,2023
6997,8/19/1980,0.017,Northeast,2023
6998,9/5/1980,0.02,Northeast,2023
6999,10/14/1980,0.033,Northeast,2023
7000,11/10/1980,0.041,Northeast,2023
7001,12/9/1980,0.049,Northeast,2023
7002,1/6/1981,0.053,Northeast,2023
7003,2/5/1981,0.057,Northeast,2023
7004,3/4/1981,0.058,Northeast,2023
7005,3/30/1981,0.062,Northeast,2023
7006,4/27/1981,0.069,Northeast,2023
7007,5/26/1981,0.073,Northeast,2023
7008,6/22/1981,0.075,Northeast,2023
7009,7/20/1981,0.08,Northeast,2023
7010,8/18/1981,0.093,Northeast,2023
7011,9/15/1981,0.099,Northeast,2023
7012,10/13/1981,0.104,Northeast,2023
7013,11/12/1981,0.109,Northeast,2023
7014,12/8/1981,0.113,Northeast,2023
7015,1/5/1982,0.117,Northeast,2023
7016,2/2/1982,0.122,Northeast,2023
7017,3/3/1982,0.127,Northeast,2023
7018,3/31/1982,0.134,Northeast,2023
7019,4/28/1982,0.138,Northeast,2023
7020,5/25/1982,0.141,Northeast,2023
7021,6/22/1982,0.155,Northeast,2023
7022,7/21/1982,0.169,Northeast,2023
7023,8/17/1982,0.179,Northeast,2023
7024,9/2/1982,0.186,Northeast,2023
7025,9/15/1982,0.19,Northeast,2023
7026,10/14/1982,0.204,Northeast,2023
7027,11/10/1982,0.212,Northeast,2023
7028,12/8/1982,0.215,Northeast,2023
7029,1/5/1983,0.218,Northeast,2023
7030,2/1/1983,0.221,Northeast,2023
7031,3/1/1983,0.225,Northeast,2023
7032,3/29/1983,0.23,Northeast,2023
7033,4/26/1983,0.234,Northeast,2023
7034,5/24/1983,0.236,Northeast,2023
7035,6/21/1983,0.24,Northeast,2023
7036,7/19/1983,0.245,Northeast,2023
7037,8/17/1983,0.25,Northeast,2023
7038,9/13/1983,0.254,Northeast,2023
7039,10/11/1983,0.262,Northeast,2023
7040,11/8/1983,0.265,Northeast,2023
7041,12/5/1983,0.266,Northeast,2023
7042,1/3/1984,0.268,Northeast,2023
7043,1/31/1984,0.273,Northeast,2023
7044,2/28/1984,0.277,Northeast,2023
7045,3/27/1984,0.281,Northeast,2023
7046,4/24/1984,0.289,Northeast,2023
7047,5/22/1984,0.294,Northeast,2023
7048,6/19/1984,0.301,Northeast,2023
7049,7/17/1984,0.306,Northeast,2023
7050,8/14/1984,0.312,Northeast,2023
7051,9/11/1984,0.318,Northeast,2023
7052,10/9/1984,0.324,Northeast,2023
7053,11/6/1984,0.326,Northeast,2023
7054,12/5/1984,0.329,Northeast,2023
7055,1/2/1985,0.331,Northeast,2023
7056,1/29/1985,0.334,Northeast,2023
7057,2/26/1985,0.336,Northeast,2023
7058,3/26/1985,0.34,Northeast,2023
7059,4/23/1985,0.345,Northeast,2023
7060,5/21/1985,0.351,Northeast,2023
7061,6/18/1985,0.358,Northeast,2023
7062,7/17/1985,0.363,Northeast,2023
7063,8/13/1985,0.371,Northeast,2023
7064,9/10/1985,0.381,Northeast,2023
7065,10/8/1985,0.393,Northeast,2023
7066,11/5/1985,0.397,Northeast,2023
7067,12/3/1985,0.398,Northeast,2023
7068,12/19/1985,0.399,Northeast,2023
7069,1/16/1986,0.404,Northeast,2023
7070,2/12/1986,0.405,Northeast,2023
7071,3/13/1986,0.41,Northeast,2023
7072,4/10/1986,0.416,Northeast,2023
7073,5/9/1986,0.421,Northeast,2023
7074,6/5/1986,0.423,Northeast,2023
7075,7/3/1986,0.427,Northeast,2023
7076,7/31/1986,0.434,Northeast,2023
7077,8/28/1986,0.443,Northeast,2023
7078,9/25/1986,0.449,Northeast,2023
7079,10/23/1986,0.451,Northeast,2023
7080,11/20/1986,0.454,Northeast,2023
7081,12/17/1986,0.453,Northeast,2023
7082,1/15/1987,0.456,Northeast,2023
7083,2/12/1987,0.461,Northeast,2023
7084,3/6/1987,0.463,Northeast,2023
7085,4/2/1987,0.465,Northeast,2023
7086,4/30/1987,0.471,Northeast,2023
7087,5/28/1987,0.476,Northeast,2023
7088,6/25/1987,0.478,Northeast,2023
7089,7/23/1987,0.479,Northeast,2023
7090,8/20/1987,0.487,Northeast,2023
7091,9/17/1987,0.497,Northeast,2023
7092,10/15/1987,0.507,Northeast,2023
7093,11/12/1987,0.515,Northeast,2023
7094,12/9/1987,0.516,Northeast,2023
7095,1/7/1988,0.514,Northeast,2023
7096,2/4/1988,0.516,Northeast,2023
7097,3/3/1988,0.517,Northeast,2023
7098,3/31/1988,0.517,Northeast,2023
7099,4/28/1988,0.524,Northeast,2023
7100,5/26/1988,0.528,Northeast,2023
7101,6/23/1988,0.535,Northeast,2023
7102,7/21/1988,0.551,Northeast,2023
7103,8/18/1988,0.561,Northeast,2023
7104,9/14/1988,0.579,Northeast,2023
7105,10/13/1988,0.596,Northeast,2023
7106,11/9/1988,0.609,Northeast,2023
7107,12/8/1988,0.61,Northeast,2023
7108,1/5/1989,0.611,Northeast,2023
7109,2/2/1989,0.61,Northeast,2023
7110,3/2/1989,0.609,Northeast,2023
7111,3/29/1989,0.609,Northeast,2023
7112,4/27/1989,0.612,Northeast,2023
7113,5/25/1989,0.609,Northeast,2023
7114,6/22/1989,0.627,Northeast,2023
7115,7/20/1989,0.616,Northeast,2023
7116,8/17/1989,0.62,Northeast,2023
7117,9/14/1989,0.627,Northeast,2023
7118,10/12/1989,0.659,Northeast,2023
7119,11/8/1989,0.687,Northeast,2023
7120,12/7/1989,0.688,Northeast,2023
7121,1/4/1990,0.688,Northeast,2023
7122,2/1/1990,0.669,Northeast,2023
7123,3/1/1990,0.656,Northeast,2023
7124,3/29/1990,0.657,Northeast,2023
7125,4/26/1990,0.66,Northeast,2023
7126,5/24/1990,0.664,Northeast,2023
7127,6/21/1990,0.687,Northeast,2023
7128,7/19/1990,0.708,Northeast,2023
7129,8/16/1990,0.738,Northeast,2023
7130,9/14/1990,0.76,Northeast,2023
7131,10/11/1990,0.769,Northeast,2023
7132,11/7/1990,0.772,Northeast,2023
7133,12/6/1990,0.768,Northeast,2023
7134,1/3/1991,0.761,Northeast,2023
7135,1/31/1991,0.726,Northeast,2023
7136,2/28/1991,0.724,Northeast,2023
7137,3/27/1991,0.727,Northeast,2023
7138,4/25/1991,0.727,Northeast,2023
7139,5/23/1991,0.734,Northeast,2023
7140,6/24/1991,0.739,Northeast,2023
7141,7/18/1991,0.746,Northeast,2023
7142,8/15/1991,0.773,Northeast,2023
7143,9/13/1991,0.789,Northeast,2023
7144,10/10/1991,0.793,Northeast,2023
7145,11/8/1991,0.806,Northeast,2023
7146,12/6/1991,0.787,Northeast,2023
7147,1/2/1992,0.765,Northeast,2023
7148,1/30/1992,0.761,Northeast,2023
7149,2/27/1992,0.76,Northeast,2023
7150,3/25/1992,0.763,Northeast,2023
7151,4/23/1992,0.763,Northeast,2023
7152,5/21/1992,0.764,Northeast,2023
7153,6/17/1992,0.766,Northeast,2023
7154,7/16/1992,0.78,Northeast,2023
7155,8/13/1992,0.78,Northeast,2023
7156,9/10/1992,0.792,Northeast,2023
7157,10/8/1992,0.8,Northeast,2023
7158,11/5/1992,0.809,Northeast,2023
7159,12/2/1992,0.796,Northeast,2023
7160,12/30/1992,0.781,Northeast,2023
7161,1/28/1993,0.779,Northeast,2023
7162,2/25/1993,0.778,Northeast,2023
7163,3/25/1993,0.777,Northeast,2023
7164,4/23/1993,0.783,Northeast,2023
7165,5/19/1993,0.783,Northeast,2023
7166,6/16/1993,0.787,Northeast,2023
7167,7/15/1993,0.788,Northeast,2023
7168,8/12/1993,0.794,Northeast,2023
7169,9/10/1993,0.804,Northeast,2023
7170,10/7/1993,0.81,Northeast,2023
7171,11/5/1993,0.806,Northeast,2023
7172,12/2/1993,0.804,Northeast,2023
7173,12/29/1993,0.804,Northeast,2023
7174,1/27/1994,0.805,Northeast,2023
7175,2/24/1994,0.805,Northeast,2023
7176,3/24/1994,0.805,Northeast,2023
7177,4/21/1994,0.805,Northeast,2023
7178,5/20/1994,0.804,Northeast,2023
7179,6/16/1994,0.804,Northeast,2023
7180,7/14/1994,0.804,Northeast,2023
7181,8/11/1994,0.805,Northeast,2023
7182,9/9/1994,0.807,Northeast,2023
7183,10/5/1994,0.81,Northeast,2023
7184,11/3/1994,0.813,Northeast,2023
7185,12/1/1994,0.813,Northeast,2023
7186,12/29/1994,0.813,Northeast,2023
7187,1/27/1995,0.811,Northeast,2023
7188,2/23/1995,0.814,Northeast,2023
7189,3/23/1995,0.813,Northeast,2023
7190,4/20/1995,0.813,Northeast,2023
7191,5/21/1995,0.815,Northeast,2023
7192,6/16/1995,0.816,Northeast,2023
7193,7/14/1995,0.817,Northeast,2023
7194,8/11/1995,0.819,Northeast,2023
7195,9/8/1995,0.819,Northeast,2023
7196,10/9/1995,0.821,Northeast,2023
7197,11/3/1995,0.822,Northeast,2023
7198,11/30/1995,0.823,Northeast,2023
7199,1/3/1996,0.822,Northeast,2023
7200,1/25/1996,0.823,Northeast,2023
7201,2/22/1996,0.825,Northeast,2023
7202,3/21/1996,0.826,Northeast,2023
7203,4/18/1996,0.826,Northeast,2023
7204,5/16/1996,0.825,Northeast,2023
7205,6/13/1996,0.827,Northeast,2023
7206,7/11/1996,0.829,Northeast,2023
7207,8/8/1996,0.834,Northeast,2023
7208,9/5/1996,0.834,Northeast,2023
7209,10/3/1996,0.835,Northeast,2023
7210,10/30/1996,0.837,Northeast,2023
7211,11/27/1996,0.837,Northeast,2023
7212,12/23/1996,0.838,Northeast,2023
7213,1/24/1997,0.838,Northeast,2023
7214,2/19/1997,0.838,Northeast,2023
7215,3/20/1997,0.836,Northeast,2023
7216,4/17/1997,0.837,Northeast,2023
7217,5/15/1997,0.837,Northeast,2023
7218,6/14/1997,0.839,Northeast,2023
7219,7/10/1997,0.84,Northeast,2023
7220,8/8/1997,0.842,Northeast,2023
7221,9/5/1997,0.844,Northeast,2023
7222,10/2/1997,0.845,Northeast,2023
7223,10/30/1997,0.845,Northeast,2023
7224,11/25/1997,0.846,Northeast,2023
7225,12/23/1997,0.845,Northeast,2023
7226,1/23/1998,0.842,Northeast,2023
7227,2/18/1998,0.842,Northeast,2023
7228,3/19/1998,0.841,Northeast,2023
7229,4/15/1998,0.841,Northeast,2023
7230,5/13/1998,0.843,Northeast,2023
7231,6/11/1998,0.845,Northeast,2023
7232,7/9/1998,0.846,Northeast,2023
7233,8/7/1998,0.85,Northeast,2023
7234,9/4/1998,0.853,Northeast,2023
7235,10/5/1998,0.854,Northeast,2023
7236,10/27/1998,0.853,Northeast,2023
7237,11/24/1998,0.852,Northeast,2023
7238,12/16/1998,0.852,Northeast,2023
7239,1/14/1999,0.852,Northeast,2023
7240,2/16/1999,0.854,Northeast,2023
7241,3/15/1999,0.855,Northeast,2023
7242,4/8/1999,0.84,Northeast,2023
7243,5/7/1999,0.843,Northeast,2023
7244,6/4/1999,0.843,Northeast,2023
7245,7/2/1999,0.842,Northeast,2023
7246,7/28/1999,0.844,Northeast,2023
7247,8/27/1999,0.847,Northeast,2023
7248,9/27/1999,0.849,Northeast,2023
7249,10/25/1999,0.853,Northeast,2023
7250,11/22/1999,0.855,Northeast,2023
7251,12/17/1999,0.856,Northeast,2023
7252,1/12/2000,0.857,Northeast,2023
7253,2/11/2000,0.857,Northeast,2023
7254,3/11/2000,0.858,Northeast,2023
7255,4/6/2000,0.856,Northeast,2023
7256,5/8/2000,0.857,Northeast,2023
7257,5/31/2000,0.859,Northeast,2023
7258,6/29/2000,0.861,Northeast,2023
7259,7/27/2000,0.864,Northeast,2023
7260,8/23/2000,0.866,Northeast,2023
7261,9/21/2000,0.871,Northeast,2023
7262,10/23/2000,0.873,Northeast,2023
7263,11/16/2000,0.872,Northeast,2023
7264,12/15/2000,0.872,Northeast,2023
7265,1/15/2001,0.87,Northeast,2023
7266,2/8/2001,0.869,Northeast,2023
7267,3/9/2001,0.868,Northeast,2023
7268,4/5/2001,0.867,Northeast,2023
7269,5/3/2001,0.869,Northeast,2023
7270,5/30/2001,0.867,Northeast,2023
7271,6/28/2001,0.866,Northeast,2023
7272,7/27/2001,0.867,Northeast,2023
7273,8/23/2001,0.869,Northeast,2023
7274,9/21/2001,0.869,Northeast,2023
7275,10/18/2001,0.868,Northeast,2023
7276,11/15/2001,0.869,Northeast,2023
7277,12/13/2001,0.867,Northeast,2023
7278,1/11/2002,0.868,Northeast,2023
7279,2/6/2002,0.87,Northeast,2023
7280,3/7/2002,0.87,Northeast,2023
7281,4/3/2002,0.871,Northeast,2023
7282,5/3/2002,0.871,Northeast,2023
7283,5/31/2002,0.872,Northeast,2023
7284,6/26/2002,0.872,Northeast,2023
7285,7/24/2002,0.869,Northeast,2023
7286,8/22/2002,0.869,Northeast,2023
7287,9/20/2002,0.868,Northeast,2023
7288,10/18/2002,0.869,Northeast,2023
7289,11/15/2002,0.86,Northeast,2023
7290,12/13/2002,0.86,Northeast,2023
7291,1/8/2003,0.861,Northeast,2023
7292,2/6/2003,0.862,Northeast,2023
7293,3/6/2003,0.861,Northeast,2023
7294,4/4/2003,0.863,Northeast,2023
7295,5/2/2003,0.865,Northeast,2023
7296,5/28/2003,0.868,Northeast,2023
7297,6/27/2003,0.868,Northeast,2023
7298,7/24/2003,0.868,Northeast,2023
7299,8/21/2003,0.872,Northeast,2023
7300,9/19/2003,0.872,Northeast,2023
7301,10/17/2003,0.872,Northeast,2023
7302,11/13/2003,0.873,Northeast,2023
7303,12/11/2003,0.872,Northeast,2023
7304,1/8/2004,0.865,Northeast,2023
7305,2/5/2004,0.858,Northeast,2023
7306,3/4/2004,0.853,Northeast,2023
7307,3/30/2004,0.851,Northeast,2023
7308,4/29/2004,0.848,Northeast,2023
7309,5/27/2004,0.85,Northeast,2023
7310,6/22/2004,0.849,Northeast,2023
7311,7/20/2004,0.846,Northeast,2023
7312,8/18/2004,0.841,Northeast,2023
7313,9/15/2004,0.841,Northeast,2023
7314,10/12/2004,0.84,Northeast,2023
7315,11/8/2004,0.839,Northeast,2023
7316,12/6/2004,0.836,Northeast,2023
7317,1/6/2005,0.835,Northeast,2023
7318,2/2/2005,0.831,Northeast,2023
7319,3/2/2005,0.827,Northeast,2023
7320,3/28/2005,0.825,Northeast,2023
7321,4/29/2005,0.825,Northeast,2023
7322,5/25/2005,0.825,Northeast,2023
7323,6/22/2005,0.827,Northeast,2023
7324,7/19/2005,0.825,Northeast,2023
7325,8/18/2005,0.828,Northeast,2023
7326,9/26/2005,0.83,Northeast,2023
7327,10/18/2005,0.833,Northeast,2023
7328,11/17/2005,0.837,Northeast,2023
7329,12/15/2005,0.84,Northeast,2023
7330,1/6/2006,0.841,Northeast,2023
7331,2/6/2006,0.841,Northeast,2023
7332,3/8/2006,0.842,Northeast,2023
7333,4/4/2006,0.843,Northeast,2023
7334,5/1/2006,0.844,Northeast,2023
7335,5/30/2006,0.845,Northeast,2023
7336,6/29/2006,0.845,Northeast,2023
7337,7/28/2006,0.843,Northeast,2023
7338,8/24/2006,0.845,Northeast,2023
7339,9/26/2006,0.846,Northeast,2023
7340,10/23/2006,0.845,Northeast,2023
7341,11/16/2006,0.845,Northeast,2023
7342,12/14/2006,0.845,Northeast,2023
7343,1/10/2007,0.842,Northeast,2023
7344,2/6/2007,0.837,Northeast,2023
7345,3/10/2007,0.835,Northeast,2023
7346,4/4/2007,0.835,Northeast,2023
7347,5/4/2007,0.836,Northeast,2023
7348,6/4/2007,0.834,Northeast,2023
7349,6/29/2007,0.832,Northeast,2023
7350,7/24/2007,0.831,Northeast,2023
7351,8/21/2007,0.827,Northeast,2023
7352,9/18/2007,0.826,Northeast,2023
7353,10/19/2007,0.827,Northeast,2023
7354,11/19/2007,0.827,Northeast,2023
7355,1/4/2008,0.826,Northeast,2023
7356,2/11/2008,0.824,Northeast,2023
7357,3/12/2008,0.824,Northeast,2023
7358,4/7/2008,0.825,Northeast,2023
7359,5/12/2008,0.826,Northeast,2023
7360,6/12/2008,0.827,Northeast,2023
7361,7/11/2008,0.827,Northeast,2023
7362,8/28/2008,0.827,Northeast,2023
7363,10/1/2008,0.829,Northeast,2023
7364,10/29/2008,0.83,Northeast,2023
7365,11/25/2008,0.831,Northeast,2023
7366,12/19/2008,0.832,Northeast,2023
7367,1/23/2009,0.834,Northeast,2023
7368,3/6/2009,0.836,Northeast,2023
7369,4/1/2009,0.835,Northeast,2023
7370,4/30/2009,0.834,Northeast,2023
7371,5/28/2009,0.836,Northeast,2023
7372,6/24/2009,0.843,Northeast,2023
7373,7/21/2009,0.85,Northeast,2023
7374,8/18/2009,0.852,Northeast,2023
7375,9/16/2009,0.855,Northeast,2023
7376,10/15/2009,0.853,Northeast,2023
7377,11/10/2009,0.852,Northeast,2023
7378,12/9/2009,0.85,Northeast,2023
7379,1/6/2010,0.85,Northeast,2023
7380,2/10/2010,0.849,Northeast,2023
7381,3/11/2010,0.849,Northeast,2023
7382,3/30/2010,0.85,Northeast,2023
7383,5/4/2010,0.853,Northeast,2023
7384,6/3/2010,0.854,Northeast,2023
7385,6/29/2010,0.858,Northeast,2023
7386,7/27/2010,0.854,Northeast,2023
7387,8/26/2010,0.868,Northeast,2023
7388,9/23/2010,0.86,Northeast,2023
7389,10/19/2010,0.864,Northeast,2023
7390,11/18/2010,0.867,Northeast,2023
7391,12/13/2010,0.863,Northeast,2023
7392,1/5/2011,0.859,Northeast,2023
7393,2/1/2011,0.855,Northeast,2023
7394,3/1/2011,0.854,Northeast,2023
7395,3/30/2011,0.854,Northeast,2023
7396,5/12/2011,0.861,Northeast,2023
7397,6/7/2011,0.872,Northeast,2023
7398,7/6/2011,0.889,Northeast,2023
7399,8/3/2011,0.895,Northeast,2023
7400,9/7/2011,0.93,Northeast,2023
7401,10/6/2011,0.947,Northeast,2023
7402,11/2/2011,0.948,Northeast,2023
7403,11/30/2011,0.95,Northeast,2023
7404,12/30/2011,0.934,Northeast,2023
7405,1/23/2012,0.908,Northeast,2023
7406,2/23/2012,0.881,Northeast,2023
7407,3/21/2012,0.88,Northeast,2023
7408,4/18/2012,0.882,Northeast,2023
7409,5/17/2012,0.886,Northeast,2023
7410,6/12/2012,0.887,Northeast,2023
7411,7/5/2012,0.89,Northeast,2023
7412,8/6/2012,0.887,Northeast,2023
7413,9/5/2012,0.902,Northeast,2023
7414,10/15/2012,0.926,Northeast,2023
7415,11/7/2012,0.927,Northeast,2023
7416,12/4/2012,0.928,Northeast,2023
7417,1/8/2013,0.928,Northeast,2023
7418,2/22/2013,0.917,Northeast,2023
7419,4/2/2013,0.913,Northeast,2023
7420,4/29/2013,0.901,Northeast,2023
7421,5/30/2013,0.899,Northeast,2023
7422,6/21/2013,0.901,Northeast,2023
7423,7/23/2013,0.909,Northeast,2023
7424,8/29/2013,0.915,Northeast,2023
7425,9/24/2013,0.925,Northeast,2023
7426,10/21/2013,0.926,Northeast,2023
7427,11/20/2013,0.914,Northeast,2023
7428,12/19/2013,0.908,Northeast,2023
7429,1/27/2014,0.906,Northeast,2023
7430,3/3/2014,0.9,Northeast,2023
7431,4/3/2014,0.896,Northeast,2023
7432,5/15/2014,0.898,Northeast,2023
7433,6/9/2014,0.897,Northeast,2023
7434,7/10/2014,0.913,Northeast,2023
7435,8/12/2014,0.929,Northeast,2023
7436,9/3/2014,0.937,Northeast,2023
7437,10/10/2014,0.935,Northeast,2023
7438,11/6/2014,0.939,Northeast,2023
7439,12/11/2014,0.933,Northeast,2023
7440,1/15/2015,0.899,Northeast,2023
7441,2/24/2015,0.898,Northeast,2023
7442,4/1/2015,0.893,Northeast,2023
7443,4/27/2015,0.891,Northeast,2023
7444,5/18/2015,0.891,Northeast,2023
7445,6/25/2015,0.892,Northeast,2023
7446,7/22/2015,0.903,Northeast,2023
7447,9/9/2015,0.949,Northeast,2023
7448,9/30/2015,0.95,Northeast,2023
7449,10/26/2015,0.954,Northeast,2023
7450,11/25/2015,0.916,Northeast,2023
7451,12/23/2015,0.905,Northeast,2023
7452,1/20/2016,0.902,Northeast,2023
7453,3/1/2016,0.902,Northeast,2023
7454,3/31/2016,0.901,Northeast,2023
7455,5/3/2016,0.901,Northeast,2023
7456,6/1/2016,0.903,Northeast,2023
7457,7/1/2016,0.906,Northeast,2023
7458,8/2/2016,0.939,Northeast,2023
7459,9/1/2016,0.936,Northeast,2023
7460,9/27/2016,0.931,Northeast,2023
7461,10/24/2016,0.939,Northeast,2023
7462,12/8/2016,0.948,Northeast,2023
7463,1/3/2017,0.947,Northeast,2023
7464,1/31/2017,0.924,Northeast,2023
7465,3/7/2017,0.916,Northeast,2023
7466,3/31/2017,0.916,Northeast,2023
7467,4/20/2017,0.916,Northeast,2023
7468,5/31/2017,0.936,Northeast,2023
7469,6/23/2017,0.951,Northeast,2023
7470,7/21/2017,0.963,Northeast,2023
7471,8/16/2017,0.969,Northeast,2023
7472,9/26/2017,0.93,Northeast,2023
7473,10/25/2017,0.943,Northeast,2023
7474,11/20/2017,0.954,Northeast,2023
7475,12/28/2017,0.956,Northeast,2023
7476,1/30/2018,0.942,Northeast,2023
7477,2/28/2018,0.922,Northeast,2023
7478,3/23/2018,0.924,Northeast,2023
7479,4/18/2018,0.925,Northeast,2023
7480,5/22/2018,0.943,Northeast,2023
7481,6/25/2018,0.98,Northeast,2023
7482,7/19/2018,0.982,Northeast,2023
7483,8/31/2018,1.008,Northeast,2023
7484,9/19/2018,0.992,Northeast,2023
7485,10/31/2018,0.956,Northeast,2023
7486,11/21/2018,0.936,Northeast,2023
7487,12/18/2018,0.932,Northeast,2023
7488,1/31/2019,0.929,Northeast,2023
7489,2/27/2019,0.929,Northeast,2023
7490,3/19/2019,0.93,Northeast,2023
7491,4/17/2019,0.932,Northeast,2023
7492,5/22/2019,0.935,Northeast,2023
7493,6/24/2019,0.951,Northeast,2023
7494,7/25/2019,0.977,Northeast,2023
7495,8/22/2019,1.016,Northeast,2023
7496,10/2/2019,1.006,Northeast,2023
7497,11/4/2019,0.998,Northeast,2023
7498,11/26/2019,0.98,Northeast,2023
7499,12/27/2019,0.976,Northeast,2023
7500,1/28/2020,0.957,Northeast,2023
7501,3/4/2020,0.95,Northeast,2023
7502,4/7/2020,0.951,Northeast,2023
7503,5/1/2020,0.961,Northeast,2023
7504,5/29/2020,0.992,Northeast,2023
7505,6/24/2020,1.021,Northeast,2023
7506,7/23/2020,1.028,Northeast,2023
7507,8/20/2020,1.025,Northeast,2023
7508,9/24/2020,1.025,Northeast,2023
7509,10/29/2020,1.02,Northeast,2023
7510,11/24/2020,1.03,Northeast,2023
7511,12/30/2020,0.99,Northeast,2023
7512,1/29/2021,1.001,Northeast,2023
7513,2/25/2021,0.997,Northeast,2023
7514,4/1/2021,0.998,Northeast,2023
7515,5/6/2021,1.003,Northeast,2023
7516,6/4/2021,0.998,Northeast,2023
7517,6/30/2021,0.997,Northeast,2023
7518,7/23/2021,0.997,Northeast,2023
7519,9/7/2021,1.007,Northeast,2023
7520,9/23/2021,1.009,Northeast,2023
7521,10/29/2021,1.005,Northeast,2023
7522,11/18/2021,1.004,Northeast,2023
7523,1/7/2022,1.003,Northeast,2023
7524,1/26/2022,1.002,Northeast,2023
7525,2/28/2022,1.0,Northeast,2023
7526,3/30/2022,1.0,Northeast,2023
7527,4/27/2022,1.002,Northeast,2023
7528,6/2/2022,1.025,Northeast,2023
7529,6/28/2022,1.058,Northeast,2023
7530,7/28/2022,1.07,Northeast,2023
7531,8/30/2022,1.077,Northeast,2023
7532,9/27/2022,1.08,Northeast,2023
7533,11/3/2022,1.094,Northeast,2023
7534,12/1/2022,1.064,Northeast,2023
7535,12/27/2022,1.053,Northeast,2023
7536,1/26/2023,1.027,Northeast,2023
7537,2/28/2023,1.014,Northeast,2023
7538,3/27/2023,1.015,Northeast,2023
7539,4/27/2023,1.014,Northeast,2023
7540,5/30/2023,1.013,Northeast,2023
7541,6/29/2023,1.038,Northeast,2023
7542,7/24/2023,1.071,Northeast,2023
7543,9/1/2023,1.122,Northeast,2023
7544,9/29/2023,1.131,Northeast,2023
7545,11/1/2023,1.132,Northeast,2023
7546,12/4/2023,1.132,Northeast,2023
7547,12/28/2023,1.128,Northeast,2023
7548,7/24/1973,1.347,JohnsonSpaceCenter,2023
7549,8/24/1973,1.357,JohnsonSpaceCenter,2023
7550,9/24/1973,1.367,JohnsonSpaceCenter,2023
7551,10/24/1973,1.38,JohnsonSpaceCenter,2023
7552,11/21/1973,1.395,JohnsonSpaceCenter,2023
7553,12/20/1973,1.4,JohnsonSpaceCenter,2023
7554,1/21/1974,1.405,JohnsonSpaceCenter,2023
7555,2/22/1974,1.42,JohnsonSpaceCenter,2023
7556,3/22/1974,1.43,JohnsonSpaceCenter,2023
7557,4/24/1974,1.435,JohnsonSpaceCenter,2023
7558,5/24/1974,1.455,JohnsonSpaceCenter,2023
7559,6/24/1974,1.475,JohnsonSpaceCenter,2023
7560,7/24/1974,1.485,JohnsonSpaceCenter,2023
7561,8/23/1974,1.501,JohnsonSpaceCenter,2023
7562,9/24/1974,1.507,JohnsonSpaceCenter,2023
7563,10/24/1974,1.524,JohnsonSpaceCenter,2023
7564,11/22/1974,1.527,JohnsonSpaceCenter,2023
7565,12/20/1974,1.535,JohnsonSpaceCenter,2023
7566,1/24/1975,1.544,JohnsonSpaceCenter,2023
7567,2/24/1975,1.555,JohnsonSpaceCenter,2023
7568,3/24/1975,1.565,JohnsonSpaceCenter,2023
7569,4/24/1975,1.576,JohnsonSpaceCenter,2023
7570,5/23/1975,1.585,JohnsonSpaceCenter,2023
7571,6/25/1975,1.598,JohnsonSpaceCenter,2023
7572,7/24/1975,1.609,JohnsonSpaceCenter,2023
7573,8/25/1975,1.621,JohnsonSpaceCenter,2023
7574,9/24/1975,1.633,JohnsonSpaceCenter,2023
7575,10/24/1975,1.647,JohnsonSpaceCenter,2023
7576,10/25/1975,1.641,JohnsonSpaceCenter,2023
7577,11/24/1975,1.654,JohnsonSpaceCenter,2023
7578,12/24/1975,1.665,JohnsonSpaceCenter,2023
7579,1/23/1976,1.673,JohnsonSpaceCenter,2023
7580,2/24/1976,1.685,JohnsonSpaceCenter,2023
7581,3/24/1976,1.693,JohnsonSpaceCenter,2023
7582,4/23/1976,1.705,JohnsonSpaceCenter,2023
7583,5/24/1976,1.716,JohnsonSpaceCenter,2023
7584,6/21/1976,1.725,JohnsonSpaceCenter,2023
7585,7/29/1976,1.734,JohnsonSpaceCenter,2023
7586,8/15/1976,1.752,JohnsonSpaceCenter,2023
7587,8/16/1976,1.742,JohnsonSpaceCenter,2023
7588,10/12/1976,1.758,JohnsonSpaceCenter,2023
7589,11/9/1976,1.763,JohnsonSpaceCenter,2023
7590,12/7/1976,1.765,JohnsonSpaceCenter,2023
7591,1/4/1977,1.768,JohnsonSpaceCenter,2023
7592,2/1/1977,1.774,JohnsonSpaceCenter,2023
7593,3/1/1977,1.781,JohnsonSpaceCenter,2023
7594,3/29/1977,1.788,JohnsonSpaceCenter,2023
7595,4/26/1977,1.791,JohnsonSpaceCenter,2023
7596,5/24/1977,1.797,JohnsonSpaceCenter,2023
7597,6/21/1977,1.806,JohnsonSpaceCenter,2023
7598,7/19/1977,1.816,JohnsonSpaceCenter,2023
7599,8/16/1977,1.819,JohnsonSpaceCenter,2023
7600,9/13/1977,1.818,JohnsonSpaceCenter,2023
7601,10/11/1977,1.826,JohnsonSpaceCenter,2023
7602,11/7/1977,1.828,JohnsonSpaceCenter,2023
7603,12/6/1977,1.829,JohnsonSpaceCenter,2023
7604,1/3/1978,1.837,JohnsonSpaceCenter,2023
7605,2/2/1978,1.83,JohnsonSpaceCenter,2023
7606,2/28/1978,1.832,JohnsonSpaceCenter,2023
7607,3/28/1978,1.841,JohnsonSpaceCenter,2023
7608,4/25/1978,1.847,JohnsonSpaceCenter,2023
7609,5/23/1978,1.857,JohnsonSpaceCenter,2023
7610,6/20/1978,1.862,JohnsonSpaceCenter,2023
7611,7/19/1978,1.875,JohnsonSpaceCenter,2023
7612,8/15/1978,1.876,JohnsonSpaceCenter,2023
7613,9/13/1978,1.877,JohnsonSpaceCenter,2023
7614,10/10/1978,1.883,JohnsonSpaceCenter,2023
7615,11/7/1978,1.88,JohnsonSpaceCenter,2023
7616,12/5/1978,1.866,JohnsonSpaceCenter,2023
7617,1/3/1979,1.856,JohnsonSpaceCenter,2023
7618,2/1/1979,1.844,JohnsonSpaceCenter,2023
7619,2/27/1979,1.841,JohnsonSpaceCenter,2023
7620,3/28/1979,1.845,JohnsonSpaceCenter,2023
7621,4/23/1979,1.845,JohnsonSpaceCenter,2023
7622,5/22/1979,1.855,JohnsonSpaceCenter,2023
7623,6/19/1979,1.862,JohnsonSpaceCenter,2023
7624,7/17/1979,1.869,JohnsonSpaceCenter,2023
7625,7/25/1979,1.868,JohnsonSpaceCenter,2023
7626,7/27/1979,1.865,JohnsonSpaceCenter,2023
7627,8/14/1979,1.873,JohnsonSpaceCenter,2023
7628,9/11/1979,1.876,JohnsonSpaceCenter,2023
7629,9/17/1979,1.876,JohnsonSpaceCenter,2023
7630,9/20/1979,1.874,JohnsonSpaceCenter,2023
7631,10/9/1979,1.881,JohnsonSpaceCenter,2023
7632,11/8/1979,1.888,JohnsonSpaceCenter,2023
7633,12/5/1979,1.892,JohnsonSpaceCenter,2023
7634,1/2/1980,1.897,JohnsonSpaceCenter,2023
7635,2/6/1980,1.896,JohnsonSpaceCenter,2023
7636,3/4/1980,1.899,JohnsonSpaceCenter,2023
7637,4/1/1980,1.9,JohnsonSpaceCenter,2023
7638,4/29/1980,1.906,JohnsonSpaceCenter,2023
7639,5/27/1980,1.909,JohnsonSpaceCenter,2023
7640,6/24/1980,1.919,JohnsonSpaceCenter,2023
7641,7/22/1980,1.933,JohnsonSpaceCenter,2023
7642,8/19/1980,1.937,JohnsonSpaceCenter,2023
7643,9/15/1980,1.946,JohnsonSpaceCenter,2023
7644,10/15/1980,1.95,JohnsonSpaceCenter,2023
7645,11/10/1980,1.952,JohnsonSpaceCenter,2023
7646,12/9/1980,1.951,JohnsonSpaceCenter,2023
7647,1/6/1981,1.953,JohnsonSpaceCenter,2023
7648,2/3/1981,1.951,JohnsonSpaceCenter,2023
7649,3/4/1981,1.952,JohnsonSpaceCenter,2023
7650,3/31/1981,1.955,JohnsonSpaceCenter,2023
7651,4/27/1981,1.958,JohnsonSpaceCenter,2023
7652,5/26/1981,1.961,JohnsonSpaceCenter,2023
7653,6/23/1981,1.963,JohnsonSpaceCenter,2023
7654,7/21/1981,1.969,JohnsonSpaceCenter,2023
7655,8/18/1981,1.977,JohnsonSpaceCenter,2023
7656,9/15/1981,1.974,JohnsonSpaceCenter,2023
7657,10/13/1981,1.976,JohnsonSpaceCenter,2023
7658,11/10/1981,1.977,JohnsonSpaceCenter,2023
7659,12/8/1981,1.979,JohnsonSpaceCenter,2023
7660,1/6/1982,1.977,JohnsonSpaceCenter,2023
7661,2/2/1982,1.976,JohnsonSpaceCenter,2023
7662,3/2/1982,1.975,JohnsonSpaceCenter,2023
7663,3/30/1982,1.979,JohnsonSpaceCenter,2023
7664,4/27/1982,1.979,JohnsonSpaceCenter,2023
7665,5/25/1982,1.98,JohnsonSpaceCenter,2023
7666,6/22/1982,1.99,JohnsonSpaceCenter,2023
7667,7/20/1982,1.996,JohnsonSpaceCenter,2023
7668,8/17/1982,2.002,JohnsonSpaceCenter,2023
7669,9/14/1982,2.008,JohnsonSpaceCenter,2023
7670,10/12/1982,2.012,JohnsonSpaceCenter,2023
7671,11/9/1982,2.015,JohnsonSpaceCenter,2023
7672,12/7/1982,2.009,JohnsonSpaceCenter,2023
7673,1/4/1983,2.005,JohnsonSpaceCenter,2023
7674,2/1/1983,2.004,JohnsonSpaceCenter,2023
7675,3/2/1983,2.004,JohnsonSpaceCenter,2023
7676,3/29/1983,2.007,JohnsonSpaceCenter,2023
7677,4/26/1983,2.013,JohnsonSpaceCenter,2023
7678,5/25/1983,2.014,JohnsonSpaceCenter,2023
7679,6/21/1983,2.022,JohnsonSpaceCenter,2023
7680,7/19/1983,2.021,JohnsonSpaceCenter,2023
7681,8/16/1983,2.024,JohnsonSpaceCenter,2023
7682,9/13/1983,2.023,JohnsonSpaceCenter,2023
7683,10/11/1983,2.03,JohnsonSpaceCenter,2023
7684,11/8/1983,2.029,JohnsonSpaceCenter,2023
7685,12/6/1983,2.029,JohnsonSpaceCenter,2023
7686,1/4/1984,2.032,JohnsonSpaceCenter,2023
7687,1/31/1984,2.029,JohnsonSpaceCenter,2023
7688,2/28/1984,2.031,JohnsonSpaceCenter,2023
7689,3/26/1984,2.033,JohnsonSpaceCenter,2023
7690,4/23/1984,2.038,JohnsonSpaceCenter,2023
7691,5/22/1984,2.043,JohnsonSpaceCenter,2023
7692,6/19/1984,2.047,JohnsonSpaceCenter,2023
7693,7/17/1984,2.052,JohnsonSpaceCenter,2023
7694,8/14/1984,2.056,JohnsonSpaceCenter,2023
7695,9/11/1984,2.06,JohnsonSpaceCenter,2023
7696,10/9/1984,2.06,JohnsonSpaceCenter,2023
7697,11/6/1984,2.06,JohnsonSpaceCenter,2023
7698,12/5/1984,2.064,JohnsonSpaceCenter,2023
7699,1/2/1985,2.064,JohnsonSpaceCenter,2023
7700,1/30/1985,2.064,JohnsonSpaceCenter,2023
7701,2/26/1985,2.058,JohnsonSpaceCenter,2023
7702,3/27/1985,2.059,JohnsonSpaceCenter,2023
7703,4/23/1985,2.065,JohnsonSpaceCenter,2023
7704,5/21/1985,2.071,JohnsonSpaceCenter,2023
7705,6/18/1985,2.077,JohnsonSpaceCenter,2023
7706,7/16/1985,2.081,JohnsonSpaceCenter,2023
7707,8/13/1985,2.087,JohnsonSpaceCenter,2023
7708,9/10/1985,2.092,JohnsonSpaceCenter,2023
7709,10/8/1985,2.094,JohnsonSpaceCenter,2023
7710,11/5/1985,2.09,JohnsonSpaceCenter,2023
7711,12/3/1985,2.088,JohnsonSpaceCenter,2023
7712,12/19/1985,2.088,JohnsonSpaceCenter,2023
7713,1/16/1986,2.091,JohnsonSpaceCenter,2023
7714,2/13/1986,2.09,JohnsonSpaceCenter,2023
7715,3/13/1986,2.091,JohnsonSpaceCenter,2023
7716,4/11/1986,2.094,JohnsonSpaceCenter,2023
7717,5/8/1986,2.096,JohnsonSpaceCenter,2023
7718,6/5/1986,2.098,JohnsonSpaceCenter,2023
7719,7/3/1986,2.097,JohnsonSpaceCenter,2023
7720,7/31/1986,2.109,JohnsonSpaceCenter,2023
7721,8/29/1986,2.113,JohnsonSpaceCenter,2023
7722,9/25/1986,2.108,JohnsonSpaceCenter,2023
7723,10/23/1986,2.105,JohnsonSpaceCenter,2023
7724,11/19/1986,2.107,JohnsonSpaceCenter,2023
7725,12/17/1986,2.102,JohnsonSpaceCenter,2023
7726,1/15/1987,2.103,JohnsonSpaceCenter,2023
7727,2/11/1987,2.105,JohnsonSpaceCenter,2023
7728,3/6/1987,2.103,JohnsonSpaceCenter,2023
7729,4/2/1987,2.108,JohnsonSpaceCenter,2023
7730,4/30/1987,2.116,JohnsonSpaceCenter,2023
7731,5/28/1987,2.116,JohnsonSpaceCenter,2023
7732,6/26/1987,2.115,JohnsonSpaceCenter,2023
7733,7/23/1987,2.117,JohnsonSpaceCenter,2023
7734,8/20/1987,2.126,JohnsonSpaceCenter,2023
7735,9/17/1987,2.127,JohnsonSpaceCenter,2023
7736,10/15/1987,2.131,JohnsonSpaceCenter,2023
7737,11/12/1987,2.134,JohnsonSpaceCenter,2023
7738,12/9/1987,2.131,JohnsonSpaceCenter,2023
7739,1/7/1988,2.126,JohnsonSpaceCenter,2023
7740,2/4/1988,2.129,JohnsonSpaceCenter,2023
7741,3/3/1988,2.125,JohnsonSpaceCenter,2023
7742,3/31/1988,2.125,JohnsonSpaceCenter,2023
7743,4/28/1988,2.132,JohnsonSpaceCenter,2023
7744,5/26/1988,2.135,JohnsonSpaceCenter,2023
7745,6/23/1988,2.14,JohnsonSpaceCenter,2023
7746,7/21/1988,2.142,JohnsonSpaceCenter,2023
7747,8/18/1988,2.145,JohnsonSpaceCenter,2023
7748,9/14/1988,2.148,JohnsonSpaceCenter,2023
7749,10/13/1988,2.15,JohnsonSpaceCenter,2023
7750,11/9/1988,2.151,JohnsonSpaceCenter,2023
7751,12/8/1988,2.155,JohnsonSpaceCenter,2023
7752,1/5/1989,2.154,JohnsonSpaceCenter,2023
7753,2/2/1989,2.147,JohnsonSpaceCenter,2023
7754,3/2/1989,2.151,JohnsonSpaceCenter,2023
7755,3/29/1989,2.151,JohnsonSpaceCenter,2023
7756,4/27/1989,2.157,JohnsonSpaceCenter,2023
7757,5/23/1989,2.154,JohnsonSpaceCenter,2023
7758,6/22/1989,2.162,JohnsonSpaceCenter,2023
7759,7/20/1989,2.159,JohnsonSpaceCenter,2023
7760,8/17/1989,2.161,JohnsonSpaceCenter,2023
7761,9/14/1989,2.165,JohnsonSpaceCenter,2023
7762,10/12/1989,2.174,JohnsonSpaceCenter,2023
7763,11/8/1989,2.173,JohnsonSpaceCenter,2023
7764,12/7/1989,2.173,JohnsonSpaceCenter,2023
7765,1/4/1990,2.171,JohnsonSpaceCenter,2023
7766,2/1/1990,2.167,JohnsonSpaceCenter,2023
7767,3/1/1990,2.164,JohnsonSpaceCenter,2023
7768,3/29/1990,2.166,JohnsonSpaceCenter,2023
7769,4/26/1990,2.167,JohnsonSpaceCenter,2023
7770,5/24/1990,2.166,JohnsonSpaceCenter,2023
7771,6/21/1990,2.178,JohnsonSpaceCenter,2023
7772,7/19/1990,2.182,JohnsonSpaceCenter,2023
7773,8/16/1990,2.185,JohnsonSpaceCenter,2023
7774,9/13/1990,2.185,JohnsonSpaceCenter,2023
7775,10/11/1990,2.188,JohnsonSpaceCenter,2023
7776,11/7/1990,2.187,JohnsonSpaceCenter,2023
7777,12/7/1990,2.186,JohnsonSpaceCenter,2023
7778,1/3/1991,2.183,JohnsonSpaceCenter,2023
7779,1/31/1991,2.179,JohnsonSpaceCenter,2023
7780,2/28/1991,2.178,JohnsonSpaceCenter,2023
7781,3/28/1991,2.181,JohnsonSpaceCenter,2023
7782,4/25/1991,2.177,JohnsonSpaceCenter,2023
7783,5/24/1991,2.176,JohnsonSpaceCenter,2023
7784,6/24/1991,2.18,JohnsonSpaceCenter,2023
7785,7/18/1991,2.181,JohnsonSpaceCenter,2023
7786,8/15/1991,2.185,JohnsonSpaceCenter,2023
7787,9/12/1991,2.181,JohnsonSpaceCenter,2023
7788,10/10/1991,2.185,JohnsonSpaceCenter,2023
7789,11/7/1991,2.187,JohnsonSpaceCenter,2023
7790,12/5/1991,2.187,JohnsonSpaceCenter,2023
7791,1/2/1992,2.189,JohnsonSpaceCenter,2023
7792,1/30/1992,2.188,JohnsonSpaceCenter,2023
7793,2/28/1992,2.188,JohnsonSpaceCenter,2023
7794,3/25/1992,2.193,JohnsonSpaceCenter,2023
7795,4/23/1992,2.189,JohnsonSpaceCenter,2023
7796,5/21/1992,2.192,JohnsonSpaceCenter,2023
7797,6/17/1992,2.192,JohnsonSpaceCenter,2023
7798,7/16/1992,2.196,JohnsonSpaceCenter,2023
7799,8/13/1992,2.2,JohnsonSpaceCenter,2023
7800,9/9/1992,2.207,JohnsonSpaceCenter,2023
7801,10/8/1992,2.204,JohnsonSpaceCenter,2023
7802,11/5/1992,2.205,JohnsonSpaceCenter,2023
7803,12/2/1992,2.205,JohnsonSpaceCenter,2023
7804,12/30/1992,2.203,JohnsonSpaceCenter,2023
7805,1/28/1993,2.202,JohnsonSpaceCenter,2023
7806,2/24/1993,2.202,JohnsonSpaceCenter,2023
7807,3/26/1993,2.2,JohnsonSpaceCenter,2023
7808,4/22/1993,2.203,JohnsonSpaceCenter,2023
7809,5/19/1993,2.202,JohnsonSpaceCenter,2023
7810,6/17/1993,2.201,JohnsonSpaceCenter,2023
7811,7/14/1993,2.203,JohnsonSpaceCenter,2023
7812,8/13/1993,2.208,JohnsonSpaceCenter,2023
7813,9/10/1993,2.216,JohnsonSpaceCenter,2023
7814,10/8/1993,2.216,JohnsonSpaceCenter,2023
7815,11/4/1993,2.215,JohnsonSpaceCenter,2023
7816,12/2/1993,2.214,JohnsonSpaceCenter,2023
7817,12/30/1993,2.215,JohnsonSpaceCenter,2023
7818,1/27/1994,2.215,JohnsonSpaceCenter,2023
7819,2/23/1994,2.212,JohnsonSpaceCenter,2023
7820,3/25/1994,2.212,JohnsonSpaceCenter,2023
7821,4/20/1994,2.212,JohnsonSpaceCenter,2023
7822,5/18/1994,2.212,JohnsonSpaceCenter,2023
7823,6/16/1994,2.214,JohnsonSpaceCenter,2023
7824,7/15/1994,2.218,JohnsonSpaceCenter,2023
7825,8/11/1994,2.218,JohnsonSpaceCenter,2023
7826,9/8/1994,2.22,JohnsonSpaceCenter,2023
7827,10/6/1994,2.241,JohnsonSpaceCenter,2023
7828,11/3/1994,2.226,JohnsonSpaceCenter,2023
7829,12/2/1994,2.246,JohnsonSpaceCenter,2023
7830,12/29/1994,2.223,JohnsonSpaceCenter,2023
7831,1/26/1995,2.221,JohnsonSpaceCenter,2023
7832,2/23/1995,2.223,JohnsonSpaceCenter,2023
7833,3/23/1995,2.221,JohnsonSpaceCenter,2023
7834,4/20/1995,2.222,JohnsonSpaceCenter,2023
7835,5/17/1995,2.226,JohnsonSpaceCenter,2023
7836,6/15/1995,2.229,JohnsonSpaceCenter,2023
7837,7/14/1995,2.238,JohnsonSpaceCenter,2023
7838,8/10/1995,2.25,JohnsonSpaceCenter,2023
7839,9/7/1995,2.266,JohnsonSpaceCenter,2023
7840,10/5/1995,2.243,JohnsonSpaceCenter,2023
7841,11/2/1995,2.245,JohnsonSpaceCenter,2023
7842,12/1/1995,2.247,JohnsonSpaceCenter,2023
7843,1/4/1996,2.239,JohnsonSpaceCenter,2023
7844,1/26/1996,2.237,JohnsonSpaceCenter,2023
7845,2/22/1996,2.236,JohnsonSpaceCenter,2023
7846,3/21/1996,2.236,JohnsonSpaceCenter,2023
7847,4/19/1996,2.239,JohnsonSpaceCenter,2023
7848,5/16/1996,2.239,JohnsonSpaceCenter,2023
7849,6/13/1996,2.256,JohnsonSpaceCenter,2023
7850,7/12/1996,2.275,JohnsonSpaceCenter,2023
7851,8/9/1996,2.272,JohnsonSpaceCenter,2023
7852,9/7/1996,2.257,JohnsonSpaceCenter,2023
7853,10/3/1996,2.257,JohnsonSpaceCenter,2023
7854,10/30/1996,2.276,JohnsonSpaceCenter,2023
7855,11/29/1996,2.295,JohnsonSpaceCenter,2023
7856,12/26/1996,2.288,JohnsonSpaceCenter,2023
7857,1/24/1997,2.264,JohnsonSpaceCenter,2023
7858,2/21/1997,2.261,JohnsonSpaceCenter,2023
7859,3/19/1997,2.257,JohnsonSpaceCenter,2023
7860,4/16/1997,2.259,JohnsonSpaceCenter,2023
7861,5/14/1997,2.265,JohnsonSpaceCenter,2023
7862,6/13/1997,2.279,JohnsonSpaceCenter,2023
7863,7/11/1997,2.3,JohnsonSpaceCenter,2023
7864,8/7/1997,2.319,JohnsonSpaceCenter,2023
7865,9/2/1997,2.336,JohnsonSpaceCenter,2023
7866,10/3/1997,2.317,JohnsonSpaceCenter,2023
7867,10/30/1997,2.31,JohnsonSpaceCenter,2023
7868,11/26/1997,2.302,JohnsonSpaceCenter,2023
7869,12/22/1997,2.292,JohnsonSpaceCenter,2023
7870,1/21/1998,2.287,JohnsonSpaceCenter,2023
7871,2/19/1998,2.283,JohnsonSpaceCenter,2023
7872,3/19/1998,2.282,JohnsonSpaceCenter,2023
7873,4/16/1998,2.292,JohnsonSpaceCenter,2023
7874,5/14/1998,2.309,JohnsonSpaceCenter,2023
7875,6/11/1998,2.321,JohnsonSpaceCenter,2023
7876,7/8/1998,2.321,JohnsonSpaceCenter,2023
7877,8/5/1998,2.362,JohnsonSpaceCenter,2023
7878,9/3/1998,2.354,JohnsonSpaceCenter,2023
7879,10/1/1998,2.339,JohnsonSpaceCenter,2023
7880,10/30/1998,2.326,JohnsonSpaceCenter,2023
7881,11/27/1998,2.324,JohnsonSpaceCenter,2023
7882,12/18/1998,2.317,JohnsonSpaceCenter,2023
7883,1/14/1999,2.313,JohnsonSpaceCenter,2023
7884,2/12/1999,2.313,JohnsonSpaceCenter,2023
7885,3/15/1999,2.307,JohnsonSpaceCenter,2023
7886,4/9/1999,2.307,JohnsonSpaceCenter,2023
7887,5/4/1999,2.315,JohnsonSpaceCenter,2023
7888,6/4/1999,2.332,JohnsonSpaceCenter,2023
7889,6/30/1999,2.318,JohnsonSpaceCenter,2023
7890,7/29/1999,2.344,JohnsonSpaceCenter,2023
7891,8/26/1999,2.341,JohnsonSpaceCenter,2023
7892,9/23/1999,2.332,JohnsonSpaceCenter,2023
7893,10/20/1999,2.328,JohnsonSpaceCenter,2023
7894,11/19/1999,2.325,JohnsonSpaceCenter,2023
7895,12/17/1999,2.324,JohnsonSpaceCenter,2023
7896,1/13/2000,2.321,JohnsonSpaceCenter,2023
7897,2/8/2000,2.316,JohnsonSpaceCenter,2023
7898,3/8/2000,2.317,JohnsonSpaceCenter,2023
7899,4/5/2000,2.316,JohnsonSpaceCenter,2023
7900,5/3/2000,2.315,JohnsonSpaceCenter,2023
7901,6/1/2000,2.321,JohnsonSpaceCenter,2023
7902,6/29/2000,2.331,JohnsonSpaceCenter,2023
7903,7/26/2000,2.373,JohnsonSpaceCenter,2023
7904,8/25/2000,2.372,JohnsonSpaceCenter,2023
7905,9/20/2000,2.369,JohnsonSpaceCenter,2023
7906,10/19/2000,2.367,JohnsonSpaceCenter,2023
7907,11/16/2000,2.342,JohnsonSpaceCenter,2023
7908,12/14/2000,2.335,JohnsonSpaceCenter,2023
7909,1/11/2001,2.327,JohnsonSpaceCenter,2023
7910,2/8/2001,2.323,JohnsonSpaceCenter,2023
7911,3/8/2001,2.321,JohnsonSpaceCenter,2023
7912,4/5/2001,2.32,JohnsonSpaceCenter,2023
7913,5/2/2001,2.333,JohnsonSpaceCenter,2023
7914,5/30/2001,2.37,JohnsonSpaceCenter,2023
7915,6/27/2001,2.34,JohnsonSpaceCenter,2023
7916,7/26/2001,2.349,JohnsonSpaceCenter,2023
7917,8/23/2001,2.344,JohnsonSpaceCenter,2023
7918,9/20/2001,2.346,JohnsonSpaceCenter,2023
7919,10/18/2001,2.336,JohnsonSpaceCenter,2023
7920,11/15/2001,2.367,JohnsonSpaceCenter,2023
7921,12/12/2001,2.34,JohnsonSpaceCenter,2023
7922,1/10/2002,2.327,JohnsonSpaceCenter,2023
7923,2/7/2002,2.325,JohnsonSpaceCenter,2023
7924,3/6/2002,2.323,JohnsonSpaceCenter,2023
7925,4/3/2002,2.32,JohnsonSpaceCenter,2023
7926,5/2/2002,2.332,JohnsonSpaceCenter,2023
7927,5/30/2002,2.338,JohnsonSpaceCenter,2023
7928,6/26/2002,2.35,JohnsonSpaceCenter,2023
7929,7/26/2002,2.355,JohnsonSpaceCenter,2023
7930,8/21/2002,2.353,JohnsonSpaceCenter,2023
7931,9/20/2002,2.342,JohnsonSpaceCenter,2023
7932,10/17/2002,2.343,JohnsonSpaceCenter,2023
7933,11/15/2002,2.333,JohnsonSpaceCenter,2023
7934,12/13/2002,2.33,JohnsonSpaceCenter,2023
7935,1/9/2003,2.327,JohnsonSpaceCenter,2023
7936,2/5/2003,2.323,JohnsonSpaceCenter,2023
7937,3/5/2003,2.318,JohnsonSpaceCenter,2023
7938,4/3/2003,2.321,JohnsonSpaceCenter,2023
7939,5/1/2003,2.325,JohnsonSpaceCenter,2023
7940,5/29/2003,2.351,JohnsonSpaceCenter,2023
7941,6/26/2003,2.348,JohnsonSpaceCenter,2023
7942,7/23/2003,2.336,JohnsonSpaceCenter,2023
7943,8/19/2003,2.352,JohnsonSpaceCenter,2023
7944,9/18/2003,2.34,JohnsonSpaceCenter,2023
7945,10/16/2003,2.34,JohnsonSpaceCenter,2023
7946,11/12/2003,2.338,JohnsonSpaceCenter,2023
7947,12/12/2003,2.337,JohnsonSpaceCenter,2023
7948,1/9/2004,2.329,JohnsonSpaceCenter,2023
7949,2/4/2004,2.323,JohnsonSpaceCenter,2023
7950,3/4/2004,2.32,JohnsonSpaceCenter,2023
7951,3/31/2004,2.324,JohnsonSpaceCenter,2023
7952,4/30/2004,2.322,JohnsonSpaceCenter,2023
7953,5/27/2004,2.326,JohnsonSpaceCenter,2023
7954,6/25/2004,2.325,JohnsonSpaceCenter,2023
7955,7/22/2004,2.349,JohnsonSpaceCenter,2023
7956,8/18/2004,2.362,JohnsonSpaceCenter,2023
7957,9/14/2004,2.357,JohnsonSpaceCenter,2023
7958,10/14/2004,2.347,JohnsonSpaceCenter,2023
7959,11/10/2004,2.349,JohnsonSpaceCenter,2023
7960,12/8/2004,2.335,JohnsonSpaceCenter,2023
7961,1/5/2005,2.334,JohnsonSpaceCenter,2023
7962,1/31/2005,2.329,JohnsonSpaceCenter,2023
7963,3/2/2005,2.318,JohnsonSpaceCenter,2023
7964,3/29/2005,2.32,JohnsonSpaceCenter,2023
7965,4/28/2005,2.323,JohnsonSpaceCenter,2023
7966,5/27/2005,2.333,JohnsonSpaceCenter,2023
7967,6/23/2005,2.368,JohnsonSpaceCenter,2023
7968,7/22/2005,2.356,JohnsonSpaceCenter,2023
7969,8/19/2005,2.37,JohnsonSpaceCenter,2023
7970,9/21/2005,2.342,JohnsonSpaceCenter,2023
7971,10/20/2005,2.339,JohnsonSpaceCenter,2023
7972,11/16/2005,2.344,JohnsonSpaceCenter,2023
7973,12/14/2005,2.341,JohnsonSpaceCenter,2023
7974,1/9/2006,2.338,JohnsonSpaceCenter,2023
7975,2/8/2006,2.334,JohnsonSpaceCenter,2023
7976,3/7/2006,2.332,JohnsonSpaceCenter,2023
7977,4/5/2006,2.333,JohnsonSpaceCenter,2023
7978,5/3/2006,2.348,JohnsonSpaceCenter,2023
7979,6/1/2006,2.354,JohnsonSpaceCenter,2023
7980,6/28/2006,2.362,JohnsonSpaceCenter,2023
7981,7/27/2006,2.359,JohnsonSpaceCenter,2023
7982,8/28/2006,2.362,JohnsonSpaceCenter,2023
7983,9/29/2006,2.356,JohnsonSpaceCenter,2023
7984,10/23/2006,2.351,JohnsonSpaceCenter,2023
7985,11/14/2006,2.355,JohnsonSpaceCenter,2023
7986,12/12/2006,2.361,JohnsonSpaceCenter,2023
7987,1/12/2007,2.337,JohnsonSpaceCenter,2023
7988,2/7/2007,2.326,JohnsonSpaceCenter,2023
7989,3/12/2007,2.328,JohnsonSpaceCenter,2023
7990,4/3/2007,2.325,JohnsonSpaceCenter,2023
7991,5/3/2007,2.33,JohnsonSpaceCenter,2023
7992,6/4/2007,2.332,JohnsonSpaceCenter,2023
7993,6/26/2007,2.342,JohnsonSpaceCenter,2023
7994,7/26/2007,2.335,JohnsonSpaceCenter,2023
7995,8/28/2007,2.334,JohnsonSpaceCenter,2023
7996,9/20/2007,2.333,JohnsonSpaceCenter,2023
7997,10/24/2007,2.344,JohnsonSpaceCenter,2023
7998,11/15/2007,2.366,JohnsonSpaceCenter,2023
7999,12/14/2007,2.34,JohnsonSpaceCenter,2023
8000,1/9/2008,2.328,JohnsonSpaceCenter,2023
8001,2/13/2008,2.321,JohnsonSpaceCenter,2023
8002,3/11/2008,2.322,JohnsonSpaceCenter,2023
8003,4/16/2008,2.329,JohnsonSpaceCenter,2023
8004,5/6/2008,2.332,JohnsonSpaceCenter,2023
8005,6/11/2008,2.38,JohnsonSpaceCenter,2023
8006,7/15/2008,2.408,JohnsonSpaceCenter,2023
8007,8/20/2008,2.385,JohnsonSpaceCenter,2023
8008,10/1/2008,2.364,JohnsonSpaceCenter,2023
8009,10/29/2008,2.36,JohnsonSpaceCenter,2023
8010,11/25/2008,2.36,JohnsonSpaceCenter,2023
8011,12/19/2008,2.361,JohnsonSpaceCenter,2023
8012,1/28/2009,2.36,JohnsonSpaceCenter,2023
8013,3/3/2009,2.361,JohnsonSpaceCenter,2023
8014,4/2/2009,2.357,JohnsonSpaceCenter,2023
8015,4/29/2009,2.354,JohnsonSpaceCenter,2023
8016,5/29/2009,2.388,JohnsonSpaceCenter,2023
8017,6/26/2009,2.435,JohnsonSpaceCenter,2023
8018,7/20/2009,2.429,JohnsonSpaceCenter,2023
8019,8/19/2009,2.434,JohnsonSpaceCenter,2023
8020,9/17/2009,2.443,JohnsonSpaceCenter,2023
8021,10/15/2009,2.425,JohnsonSpaceCenter,2023
8022,11/9/2009,2.395,JohnsonSpaceCenter,2023
8023,12/8/2009,2.381,JohnsonSpaceCenter,2023
8024,1/6/2010,2.358,JohnsonSpaceCenter,2023
8025,2/10/2010,2.351,JohnsonSpaceCenter,2023
8026,3/12/2010,2.35,JohnsonSpaceCenter,2023
8027,3/30/2010,2.35,JohnsonSpaceCenter,2023
8028,5/4/2010,2.365,JohnsonSpaceCenter,2023
8029,6/7/2010,2.382,JohnsonSpaceCenter,2023
8030,6/29/2010,2.406,JohnsonSpaceCenter,2023
8031,7/27/2010,2.384,JohnsonSpaceCenter,2023
8032,8/25/2010,2.404,JohnsonSpaceCenter,2023
8033,9/22/2010,2.407,JohnsonSpaceCenter,2023
8034,10/20/2010,2.428,JohnsonSpaceCenter,2023
8035,11/18/2010,2.42,JohnsonSpaceCenter,2023
8036,12/13/2010,2.419,JohnsonSpaceCenter,2023
8037,1/3/2011,2.414,JohnsonSpaceCenter,2023
8038,1/31/2011,2.403,JohnsonSpaceCenter,2023
8039,3/2/2011,2.404,JohnsonSpaceCenter,2023
8040,3/29/2011,2.404,JohnsonSpaceCenter,2023
8041,5/10/2011,2.449,JohnsonSpaceCenter,2023
8042,6/8/2011,2.49,JohnsonSpaceCenter,2023
8043,7/6/2011,2.495,JohnsonSpaceCenter,2023
8044,8/2/2011,2.508,JohnsonSpaceCenter,2023
8045,9/8/2011,2.534,JohnsonSpaceCenter,2023
8046,10/6/2011,2.543,JohnsonSpaceCenter,2023
8047,11/1/2011,2.517,JohnsonSpaceCenter,2023
8048,12/1/2011,2.515,JohnsonSpaceCenter,2023
8049,12/29/2011,2.48,JohnsonSpaceCenter,2023
8050,1/27/2012,2.459,JohnsonSpaceCenter,2023
8051,2/23/2012,2.454,JohnsonSpaceCenter,2023
8052,3/21/2012,2.443,JohnsonSpaceCenter,2023
8053,4/18/2012,2.446,JohnsonSpaceCenter,2023
8054,5/17/2012,2.447,JohnsonSpaceCenter,2023
8055,6/13/2012,2.466,JohnsonSpaceCenter,2023
8056,7/6/2012,2.473,JohnsonSpaceCenter,2023
8057,8/7/2012,2.46,JohnsonSpaceCenter,2023
8058,9/5/2012,2.467,JohnsonSpaceCenter,2023
8059,10/12/2012,2.488,JohnsonSpaceCenter,2023
8060,11/8/2012,2.499,JohnsonSpaceCenter,2023
8061,12/4/2012,2.507,JohnsonSpaceCenter,2023
8062,1/4/2013,2.473,JohnsonSpaceCenter,2023
8063,2/21/2013,2.463,JohnsonSpaceCenter,2023
8064,3/25/2013,2.47,JohnsonSpaceCenter,2023
8065,4/30/2013,2.468,JohnsonSpaceCenter,2023
8066,5/30/2013,2.472,JohnsonSpaceCenter,2023
8067,6/24/2013,2.47,JohnsonSpaceCenter,2023
8068,7/23/2013,2.471,JohnsonSpaceCenter,2023
8069,8/22/2013,2.486,JohnsonSpaceCenter,2023
8070,9/27/2013,2.488,JohnsonSpaceCenter,2023
8071,10/21/2013,2.476,JohnsonSpaceCenter,2023
8072,11/19/2013,2.474,JohnsonSpaceCenter,2023
8073,12/16/2013,2.474,JohnsonSpaceCenter,2023
8074,1/22/2014,2.469,JohnsonSpaceCenter,2023
8075,2/27/2014,2.468,JohnsonSpaceCenter,2023
8076,4/2/2014,2.466,JohnsonSpaceCenter,2023
8077,5/16/2014,2.478,JohnsonSpaceCenter,2023
8078,6/10/2014,2.473,JohnsonSpaceCenter,2023
8079,7/10/2014,2.492,JohnsonSpaceCenter,2023
8080,8/12/2014,2.479,JohnsonSpaceCenter,2023
8081,9/2/2014,2.481,JohnsonSpaceCenter,2023
8082,10/6/2014,2.474,JohnsonSpaceCenter,2023
8083,11/12/2014,2.475,JohnsonSpaceCenter,2023
8084,12/11/2014,2.472,JohnsonSpaceCenter,2023
8085,1/12/2015,2.464,JohnsonSpaceCenter,2023
8086,2/19/2015,2.462,JohnsonSpaceCenter,2023
8087,3/30/2015,2.458,JohnsonSpaceCenter,2023
8088,4/29/2015,2.459,JohnsonSpaceCenter,2023
8089,5/19/2015,2.461,JohnsonSpaceCenter,2023
8090,6/22/2015,2.461,JohnsonSpaceCenter,2023
8091,7/23/2015,2.481,JohnsonSpaceCenter,2023
8092,9/8/2015,2.473,JohnsonSpaceCenter,2023
8093,9/29/2015,2.474,JohnsonSpaceCenter,2023
8094,10/28/2015,2.473,JohnsonSpaceCenter,2023
8095,11/23/2015,2.469,JohnsonSpaceCenter,2023
8096,12/21/2015,2.47,JohnsonSpaceCenter,2023
8097,1/19/2016,2.468,JohnsonSpaceCenter,2023
8098,2/29/2016,2.47,JohnsonSpaceCenter,2023
8099,3/30/2016,2.471,JohnsonSpaceCenter,2023
8100,5/2/2016,2.468,JohnsonSpaceCenter,2023
8101,5/31/2016,2.47,JohnsonSpaceCenter,2023
8102,6/30/2016,2.475,JohnsonSpaceCenter,2023
8103,7/29/2016,2.505,JohnsonSpaceCenter,2023
8104,8/25/2016,2.484,JohnsonSpaceCenter,2023
8105,9/26/2016,2.484,JohnsonSpaceCenter,2023
8106,10/20/2016,2.498,JohnsonSpaceCenter,2023
8107,11/28/2016,2.513,JohnsonSpaceCenter,2023
8108,12/21/2016,2.484,JohnsonSpaceCenter,2023
8109,1/30/2017,2.481,JohnsonSpaceCenter,2023
8110,2/28/2017,2.483,JohnsonSpaceCenter,2023
8111,3/23/2017,2.483,JohnsonSpaceCenter,2023
8112,4/24/2017,2.484,JohnsonSpaceCenter,2023
8113,5/30/2017,2.504,JohnsonSpaceCenter,2023
8114,6/21/2017,2.516,JohnsonSpaceCenter,2023
8115,7/26/2017,2.507,JohnsonSpaceCenter,2023
8116,8/17/2017,2.495,JohnsonSpaceCenter,2023
8117,9/22/2017,2.498,JohnsonSpaceCenter,2023
8118,10/18/2017,2.518,JohnsonSpaceCenter,2023
8119,11/16/2017,2.508,JohnsonSpaceCenter,2023
8120,12/27/2017,2.51,JohnsonSpaceCenter,2023
8121,1/31/2018,2.502,JohnsonSpaceCenter,2023
8122,2/23/2018,2.501,JohnsonSpaceCenter,2023
8123,3/20/2018,2.506,JohnsonSpaceCenter,2023
8124,4/18/2018,2.507,JohnsonSpaceCenter,2023
8125,5/21/2018,2.53,JohnsonSpaceCenter,2023
8126,6/21/2018,2.53,JohnsonSpaceCenter,2023
8127,7/18/2018,2.519,JohnsonSpaceCenter,2023
8128,8/29/2018,2.567,JohnsonSpaceCenter,2023
8129,9/20/2018,2.557,JohnsonSpaceCenter,2023
8130,10/16/2018,2.555,JohnsonSpaceCenter,2023
8131,11/20/2018,2.554,JohnsonSpaceCenter,2023
8132,12/13/2018,2.551,JohnsonSpaceCenter,2023
8133,1/29/2019,2.549,JohnsonSpaceCenter,2023
8134,2/25/2019,2.549,JohnsonSpaceCenter,2023
8135,3/20/2019,2.548,JohnsonSpaceCenter,2023
8136,4/16/2019,2.553,JohnsonSpaceCenter,2023
8137,5/22/2019,2.553,JohnsonSpaceCenter,2023
8138,6/19/2019,2.563,JohnsonSpaceCenter,2023
8139,7/24/2019,2.574,JohnsonSpaceCenter,2023
8140,8/21/2019,2.6,JohnsonSpaceCenter,2023
8141,10/1/2019,2.563,JohnsonSpaceCenter,2023
8142,10/29/2019,2.563,JohnsonSpaceCenter,2023
8143,11/25/2019,2.564,JohnsonSpaceCenter,2023
8144,12/23/2019,2.566,JohnsonSpaceCenter,2023
8145,1/28/2020,2.563,JohnsonSpaceCenter,2023
8146,3/3/2020,2.565,JohnsonSpaceCenter,2023
8147,4/6/2020,2.567,JohnsonSpaceCenter,2023
8148,4/27/2020,2.569,JohnsonSpaceCenter,2023
8149,5/28/2020,2.567,JohnsonSpaceCenter,2023
8150,6/23/2020,2.568,JohnsonSpaceCenter,2023
8151,7/21/2020,2.569,JohnsonSpaceCenter,2023
8152,8/18/2020,2.575,JohnsonSpaceCenter,2023
8153,9/23/2020,2.574,JohnsonSpaceCenter,2023
8154,10/27/2020,2.576,JohnsonSpaceCenter,2023
8155,11/23/2020,2.579,JohnsonSpaceCenter,2023
8156,12/29/2020,2.575,JohnsonSpaceCenter,2023
8157,2/1/2021,2.575,JohnsonSpaceCenter,2023
8158,2/23/2021,2.575,JohnsonSpaceCenter,2023
8159,3/31/2021,2.576,JohnsonSpaceCenter,2023
8160,5/4/2021,2.576,JohnsonSpaceCenter,2023
8161,6/1/2021,2.576,JohnsonSpaceCenter,2023
8162,6/29/2021,2.577,JohnsonSpaceCenter,2023
8163,7/22/2021,2.577,JohnsonSpaceCenter,2023
8164,8/31/2021,2.582,JohnsonSpaceCenter,2023
8165,9/21/2021,2.582,JohnsonSpaceCenter,2023
8166,10/26/2021,2.581,JohnsonSpaceCenter,2023
8167,11/18/2021,2.582,JohnsonSpaceCenter,2023
8168,12/22/2021,2.579,JohnsonSpaceCenter,2023
8169,1/26/2022,2.58,JohnsonSpaceCenter,2023
8170,2/22/2022,2.578,JohnsonSpaceCenter,2023
8171,3/30/2022,2.579,JohnsonSpaceCenter,2023
8172,4/26/2022,2.58,JohnsonSpaceCenter,2023
8173,6/1/2022,2.582,JohnsonSpaceCenter,2023
8174,6/28/2022,2.587,JohnsonSpaceCenter,2023
8175,7/27/2022,2.588,JohnsonSpaceCenter,2023
8176,8/30/2022,2.585,JohnsonSpaceCenter,2023
8177,9/27/2022,2.589,JohnsonSpaceCenter,2023
8178,11/2/2022,2.587,JohnsonSpaceCenter,2023
8179,11/29/2022,2.583,JohnsonSpaceCenter,2023
8180,12/27/2022,2.586,JohnsonSpaceCenter,2023
8181,1/25/2023,2.583,JohnsonSpaceCenter,2023
8182,2/28/2023,2.585,JohnsonSpaceCenter,2023
8183,3/28/2023,2.586,JohnsonSpaceCenter,2023
8184,4/26/2023,2.586,JohnsonSpaceCenter,2023
8185,6/1/2023,2.588,JohnsonSpaceCenter,2023
8186,6/28/2023,2.591,JohnsonSpaceCenter,2023
8187,7/28/2023,2.596,JohnsonSpaceCenter,2023
8188,9/5/2023,2.604,JohnsonSpaceCenter,2023
8189,9/27/2023,2.597,JohnsonSpaceCenter,2023
8190,11/1/2023,2.597,JohnsonSpaceCenter,2023
8191,12/4/2023,2.593,JohnsonSpaceCenter,2023
8192,12/27/2023,2.591,JohnsonSpaceCenter,2023
